[START] 2026-03-22T20:52:45+08:00 total=11
[1/11] RUN flyhash

A module that was compiled using NumPy 1.x cannot be run in
NumPy 2.4.3 as it may crash. To support both 1.x and 2.x
versions of NumPy, modules must be compiled with NumPy 2.0.
Some module may need to rebuild instead e.g. with 'pybind11>=2.12'.

If you are a user of the module, the easiest solution will be to
downgrade to 'numpy<2' or try to upgrade the affected module.
We expect that some modules will need time to support NumPy 2.

Traceback (most recent call last):  File "/hy-tmp/Neuroscience-baseline/scripts/run_baseline.py", line 20, in <module>
    from pipeline import (
  File "/hy-tmp/Neuroscience-baseline/pipeline/__init__.py", line 15, in <module>
    from .clustering import run_clustering_evaluation
  File "/hy-tmp/Neuroscience-baseline/pipeline/clustering.py", line 11, in <module>
    from sklearn_extra.cluster import KMedoids
  File "/hy-tmp/Neuroscience-baseline/.venv/lib/python3.11/site-packages/sklearn_extra/__init__.py", line 1, in <module>
    from . import kernel_approximation, kernel_methods  # noqa
  File "/hy-tmp/Neuroscience-baseline/.venv/lib/python3.11/site-packages/sklearn_extra/kernel_approximation/__init__.py", line 1, in <module>
    from ._fastfood import Fastfood
  File "/hy-tmp/Neuroscience-baseline/.venv/lib/python3.11/site-packages/sklearn_extra/kernel_approximation/_fastfood.py", line 11, in <module>
    from ..utils._cyfht import fht2 as cyfht
Random seed set to 0
2026-03-22 20:52:48 [INFO] ================================================================================
2026-03-22 20:52:48 [INFO] Experiment: flyhash_mnist
2026-03-22 20:52:48 [INFO] Encoder: flyhash
2026-03-22 20:52:48 [INFO] Dataset: mnist
2026-03-22 20:52:48 [INFO] Seed: 0
2026-03-22 20:52:48 [INFO] ================================================================================
2026-03-22 20:52:48 [INFO] 
[1/5] Loading dataset...
MNIST loaded: 60000 train, 10000 test
2026-03-22 20:52:53 [INFO]   Train samples: 60000
2026-03-22 20:52:53 [INFO]   Test samples: 10000
2026-03-22 20:52:53 [INFO] 
  Eval modes: clustering=True, retrieval=True
2026-03-22 20:52:53 [INFO]   Has labels: True, Has query_data: False, Has groundtruth: False
2026-03-22 20:52:53 [INFO] 
[2/5] Initializing encoder...
2026-03-22 20:52:53 [INFO]   Encoder: FlyHashEncoder(trained=False)
2026-03-22 20:52:53 [INFO] 
[3/5] Training encoder...
FlyHash manual init: 784 -> 2000 (k=100)
2026-03-22 20:52:53 [INFO] 
[4/5] Encoding test data...
2026-03-22 20:52:53 [INFO]   Loading cached codes from outputs/codes/flyhash/mnist
2026-03-22 20:52:54 [INFO]   Pre-code shape: (10000, 2000)
2026-03-22 20:52:54 [INFO]   Code shape: (10000, 2000)
2026-03-22 20:52:54 [INFO]   Code sparsity: 0.950
2026-03-22 20:52:54 [INFO] 
[5/5] Evaluating...
2026-03-22 20:52:54 [INFO] 
  Running clustering evaluation (ACC / NMI)...
2026-03-22 20:52:59 [INFO]     Clustering results:
2026-03-22 20:52:59 [INFO]       kmeans:
2026-03-22 20:52:59 [INFO]         NMI=0.5326, ARI=0.4066, ACC=0.5603
2026-03-22 20:52:59 [INFO] 
  Running retrieval evaluation (mAP / Recall@K)...
2026-03-22 20:52:59 [INFO]     Mode: label-based retrieval (database=train, queries=test)
2026-03-22 20:52:59 [INFO]     Encoding train_data as retrieval database...
  Processed 100/10000 queries...
  Processed 200/10000 queries...
  Processed 300/10000 queries...
  Processed 400/10000 queries...
  Processed 500/10000 queries...
  Processed 600/10000 queries...
  Processed 700/10000 queries...
  Processed 800/10000 queries...
  Processed 900/10000 queries...
  Processed 1000/10000 queries...
  Processed 1100/10000 queries...
  Processed 1200/10000 queries...
  Processed 1300/10000 queries...
  Processed 1400/10000 queries...
  Processed 1500/10000 queries...
  Processed 1600/10000 queries...
  Processed 1700/10000 queries...
  Processed 1800/10000 queries...
  Processed 1900/10000 queries...
  Processed 2000/10000 queries...
  Processed 2100/10000 queries...
  Processed 2200/10000 queries...
  Processed 2300/10000 queries...
  Processed 2400/10000 queries...
  Processed 2500/10000 queries...
  Processed 2600/10000 queries...
  Processed 2700/10000 queries...
  Processed 2800/10000 queries...
  Processed 2900/10000 queries...
  Processed 3000/10000 queries...
  Processed 3100/10000 queries...
  Processed 3200/10000 queries...
  Processed 3300/10000 queries...
  Processed 3400/10000 queries...
  Processed 3500/10000 queries...
  Processed 3600/10000 queries...
  Processed 3700/10000 queries...
  Processed 3800/10000 queries...
  Processed 3900/10000 queries...
  Processed 4000/10000 queries...
  Processed 4100/10000 queries...
  Processed 4200/10000 queries...
  Processed 4300/10000 queries...
  Processed 4400/10000 queries...
  Processed 4500/10000 queries...
  Processed 4600/10000 queries...
  Processed 4700/10000 queries...
  Processed 4800/10000 queries...
  Processed 4900/10000 queries...
  Processed 5000/10000 queries...
  Processed 5100/10000 queries...
  Processed 5200/10000 queries...
  Processed 5300/10000 queries...
  Processed 5400/10000 queries...
  Processed 5500/10000 queries...
  Processed 5600/10000 queries...
  Processed 5700/10000 queries...
  Processed 5800/10000 queries...
  Processed 5900/10000 queries...
  Processed 6000/10000 queries...
  Processed 6100/10000 queries...
  Processed 6200/10000 queries...
  Processed 6300/10000 queries...
  Processed 6400/10000 queries...
  Processed 6500/10000 queries...
  Processed 6600/10000 queries...
  Processed 6700/10000 queries...
  Processed 6800/10000 queries...
  Processed 6900/10000 queries...
  Processed 7000/10000 queries...
  Processed 7100/10000 queries...
  Processed 7200/10000 queries...
  Processed 7300/10000 queries...
  Processed 7400/10000 queries...
  Processed 7500/10000 queries...
  Processed 7600/10000 queries...
  Processed 7700/10000 queries...
  Processed 7800/10000 queries...
  Processed 7900/10000 queries...
  Processed 8000/10000 queries...
  Processed 8100/10000 queries...
  Processed 8200/10000 queries...
  Processed 8300/10000 queries...
  Processed 8400/10000 queries...
  Processed 8500/10000 queries...
  Processed 8600/10000 queries...
  Processed 8700/10000 queries...
  Processed 8800/10000 queries...
  Processed 8900/10000 queries...
  Processed 9000/10000 queries...
  Processed 9100/10000 queries...
  Processed 9200/10000 queries...
  Processed 9300/10000 queries...
  Processed 9400/10000 queries...
  Processed 9500/10000 queries...
  Processed 9600/10000 queries...
  Processed 9700/10000 queries...
  Processed 9800/10000 queries...
  Processed 9900/10000 queries...
  Processed 10000/10000 queries...
2026-03-22 21:12:22 [INFO]     Retrieval results:
2026-03-22 21:12:22 [INFO]       map: 0.0474
2026-03-22 21:12:22 [INFO]       recall@1: 0.0001
2026-03-22 21:12:22 [INFO]       precision@1: 0.0134
2026-03-22 21:12:22 [INFO]       ndcg@1: 0.0134
2026-03-22 21:12:22 [INFO]       recall@10: 0.0016
2026-03-22 21:12:22 [INFO]       precision@10: 0.0159
2026-03-22 21:12:22 [INFO]       ndcg@10: 0.0158
2026-03-22 21:12:22 [INFO]       recall@50: 0.0075
2026-03-22 21:12:22 [INFO]       precision@50: 0.0149
2026-03-22 21:12:22 [INFO]       ndcg@50: 0.0151
2026-03-22 21:12:22 [INFO]       recall@100: 0.0146
2026-03-22 21:12:22 [INFO]       precision@100: 0.0146
2026-03-22 21:12:22 [INFO]       ndcg@100: 0.0148
Results saved to outputs/results/flyhash_mnist_seed0.json
2026-03-22 21:12:22 [INFO] 
Results saved to outputs/results/flyhash_mnist_seed0.json
Model saved to outputs/codes/flyhash/mnist/model_seed0.pkl
2026-03-22 21:12:22 [INFO] Model saved to outputs/codes/flyhash/mnist/model_seed0.pkl
2026-03-22 21:12:22 [INFO] 
================================================================================
2026-03-22 21:12:22 [INFO] Experiment complete!
2026-03-22 21:12:22 [INFO] Full log saved to: outputs/logs/flyhash_mnist_seed0_20260322_205248.log
2026-03-22 21:12:22 [INFO] ================================================================================
[1/11] OK flyhash
[2/11] RUN softhebb

A module that was compiled using NumPy 1.x cannot be run in
NumPy 2.4.3 as it may crash. To support both 1.x and 2.x
versions of NumPy, modules must be compiled with NumPy 2.0.
Some module may need to rebuild instead e.g. with 'pybind11>=2.12'.

If you are a user of the module, the easiest solution will be to
downgrade to 'numpy<2' or try to upgrade the affected module.
We expect that some modules will need time to support NumPy 2.

Traceback (most recent call last):  File "/hy-tmp/Neuroscience-baseline/scripts/run_baseline.py", line 20, in <module>
    from pipeline import (
  File "/hy-tmp/Neuroscience-baseline/pipeline/__init__.py", line 15, in <module>
    from .clustering import run_clustering_evaluation
  File "/hy-tmp/Neuroscience-baseline/pipeline/clustering.py", line 11, in <module>
    from sklearn_extra.cluster import KMedoids
  File "/hy-tmp/Neuroscience-baseline/.venv/lib/python3.11/site-packages/sklearn_extra/__init__.py", line 1, in <module>
    from . import kernel_approximation, kernel_methods  # noqa
  File "/hy-tmp/Neuroscience-baseline/.venv/lib/python3.11/site-packages/sklearn_extra/kernel_approximation/__init__.py", line 1, in <module>
    from ._fastfood import Fastfood
  File "/hy-tmp/Neuroscience-baseline/.venv/lib/python3.11/site-packages/sklearn_extra/kernel_approximation/_fastfood.py", line 11, in <module>
    from ..utils._cyfht import fht2 as cyfht
Random seed set to 0
2026-03-22 21:12:26 [INFO] ================================================================================
2026-03-22 21:12:26 [INFO] Experiment: softhebb_mnist
2026-03-22 21:12:26 [INFO] Encoder: softhebb
2026-03-22 21:12:26 [INFO] Dataset: mnist
2026-03-22 21:12:26 [INFO] Seed: 0
2026-03-22 21:12:26 [INFO] ================================================================================
2026-03-22 21:12:26 [INFO] 
[1/5] Loading dataset...
MNIST loaded: 60000 train, 10000 test
2026-03-22 21:12:26 [INFO]   Train samples: 60000
2026-03-22 21:12:26 [INFO]   Test samples: 10000
2026-03-22 21:12:26 [INFO] 
  Eval modes: clustering=True, retrieval=True
2026-03-22 21:12:26 [INFO]   Has labels: True, Has query_data: False, Has groundtruth: False
2026-03-22 21:12:26 [INFO] 
[2/5] Initializing encoder...
2026-03-22 21:12:27 [INFO]   Encoder: SoftHebbEncoder(trained=False)
2026-03-22 21:12:27 [INFO] 
[3/5] Training encoder...

============================================================
Training SoftHebb Network
============================================================
Architecture: 784 -> 1000 -> 500 -> 400
Inverse temperature (1/τ): 5.0
Eta (learning rate): 0.01
Training samples: 60000
Epochs: 10
Device: cuda
============================================================

Epoch 1/10, Batch 50/469
Epoch 1/10, Batch 100/469
Epoch 1/10, Batch 150/469
Epoch 1/10, Batch 200/469
Epoch 1/10, Batch 250/469
Epoch 1/10, Batch 300/469
Epoch 1/10, Batch 350/469
Epoch 1/10, Batch 400/469
Epoch 1/10, Batch 450/469
✅ Epoch 1/10 complete
Epoch 2/10, Batch 50/469
Epoch 2/10, Batch 100/469
Epoch 2/10, Batch 150/469
Epoch 2/10, Batch 200/469
Epoch 2/10, Batch 250/469
Epoch 2/10, Batch 300/469
Epoch 2/10, Batch 350/469
Epoch 2/10, Batch 400/469
Epoch 2/10, Batch 450/469
✅ Epoch 2/10 complete
Epoch 3/10, Batch 50/469
Epoch 3/10, Batch 100/469
Epoch 3/10, Batch 150/469
Epoch 3/10, Batch 200/469
Epoch 3/10, Batch 250/469
Epoch 3/10, Batch 300/469
Epoch 3/10, Batch 350/469
Epoch 3/10, Batch 400/469
Epoch 3/10, Batch 450/469
✅ Epoch 3/10 complete
Epoch 4/10, Batch 50/469
Epoch 4/10, Batch 100/469
Epoch 4/10, Batch 150/469
Epoch 4/10, Batch 200/469
Epoch 4/10, Batch 250/469
Epoch 4/10, Batch 300/469
Epoch 4/10, Batch 350/469
Epoch 4/10, Batch 400/469
Epoch 4/10, Batch 450/469
✅ Epoch 4/10 complete
Epoch 5/10, Batch 50/469
Epoch 5/10, Batch 100/469
Epoch 5/10, Batch 150/469
Epoch 5/10, Batch 200/469
Epoch 5/10, Batch 250/469
Epoch 5/10, Batch 300/469
Epoch 5/10, Batch 350/469
Epoch 5/10, Batch 400/469
Epoch 5/10, Batch 450/469
✅ Epoch 5/10 complete
Epoch 6/10, Batch 50/469
Epoch 6/10, Batch 100/469
Epoch 6/10, Batch 150/469
Epoch 6/10, Batch 200/469
Epoch 6/10, Batch 250/469
Epoch 6/10, Batch 300/469
Epoch 6/10, Batch 350/469
Epoch 6/10, Batch 400/469
Epoch 6/10, Batch 450/469
✅ Epoch 6/10 complete
Epoch 7/10, Batch 50/469
Epoch 7/10, Batch 100/469
Epoch 7/10, Batch 150/469
Epoch 7/10, Batch 200/469
Epoch 7/10, Batch 250/469
Epoch 7/10, Batch 300/469
Epoch 7/10, Batch 350/469
Epoch 7/10, Batch 400/469
Epoch 7/10, Batch 450/469
✅ Epoch 7/10 complete
Epoch 8/10, Batch 50/469
Epoch 8/10, Batch 100/469
Epoch 8/10, Batch 150/469
Epoch 8/10, Batch 200/469
Epoch 8/10, Batch 250/469
Epoch 8/10, Batch 300/469
Epoch 8/10, Batch 350/469
Epoch 8/10, Batch 400/469
Epoch 8/10, Batch 450/469
✅ Epoch 8/10 complete
Epoch 9/10, Batch 50/469
Epoch 9/10, Batch 100/469
Epoch 9/10, Batch 150/469
Epoch 9/10, Batch 200/469
Epoch 9/10, Batch 250/469
Epoch 9/10, Batch 300/469
Epoch 9/10, Batch 350/469
Epoch 9/10, Batch 400/469
Epoch 9/10, Batch 450/469
✅ Epoch 9/10 complete
Epoch 10/10, Batch 50/469
Epoch 10/10, Batch 100/469
Epoch 10/10, Batch 150/469
Epoch 10/10, Batch 200/469
Epoch 10/10, Batch 250/469
Epoch 10/10, Batch 300/469
Epoch 10/10, Batch 350/469
Epoch 10/10, Batch 400/469
Epoch 10/10, Batch 450/469
✅ Epoch 10/10 complete

============================================================
✅ SoftHebb Training Complete!
============================================================

2026-03-22 21:12:33 [INFO] 
[4/5] Encoding test data...
2026-03-22 21:12:33 [INFO]   Running encoder...
2026-03-22 21:12:33 [INFO]   Codes saved to outputs/codes/softhebb/mnist
2026-03-22 21:12:33 [INFO]   Pre-code shape: (10000, 400)
2026-03-22 21:12:33 [INFO]   Code shape: (10000, 400)
2026-03-22 21:12:33 [INFO]   Code sparsity: 0.950
2026-03-22 21:12:33 [INFO] 
[5/5] Evaluating...
2026-03-22 21:12:33 [INFO] 
  Running clustering evaluation (ACC / NMI)...
/hy-tmp/Neuroscience-baseline/.venv/lib/python3.11/site-packages/sklearn/base.py:1336: ConvergenceWarning: Number of distinct clusters (4) found smaller than n_clusters (10). Possibly due to duplicate points in X.
  return fit_method(estimator, *args, **kwargs)
2026-03-22 21:12:36 [INFO]     Clustering results:
2026-03-22 21:12:36 [INFO]       kmeans:
2026-03-22 21:12:36 [INFO]         NMI=0.0016, ARI=-0.0000, ACC=0.1130
2026-03-22 21:12:36 [INFO] 
  Running retrieval evaluation (mAP / Recall@K)...
2026-03-22 21:12:36 [INFO]     Mode: label-based retrieval (database=train, queries=test)
2026-03-22 21:12:36 [INFO]     Encoding train_data as retrieval database...
  Processed 100/10000 queries...
  Processed 200/10000 queries...
  Processed 300/10000 queries...
  Processed 400/10000 queries...
  Processed 500/10000 queries...
  Processed 600/10000 queries...
  Processed 700/10000 queries...
  Processed 800/10000 queries...
  Processed 900/10000 queries...
  Processed 1000/10000 queries...
  Processed 1100/10000 queries...
  Processed 1200/10000 queries...
  Processed 1300/10000 queries...
  Processed 1400/10000 queries...
  Processed 1500/10000 queries...
  Processed 1600/10000 queries...
  Processed 1700/10000 queries...
  Processed 1800/10000 queries...
  Processed 1900/10000 queries...
  Processed 2000/10000 queries...
  Processed 2100/10000 queries...
  Processed 2200/10000 queries...
  Processed 2300/10000 queries...
  Processed 2400/10000 queries...
  Processed 2500/10000 queries...
  Processed 2600/10000 queries...
  Processed 2700/10000 queries...
  Processed 2800/10000 queries...
  Processed 2900/10000 queries...
  Processed 3000/10000 queries...
  Processed 3100/10000 queries...
  Processed 3200/10000 queries...
  Processed 3300/10000 queries...
  Processed 3400/10000 queries...
  Processed 3500/10000 queries...
  Processed 3600/10000 queries...
  Processed 3700/10000 queries...
  Processed 3800/10000 queries...
  Processed 3900/10000 queries...
  Processed 4000/10000 queries...
  Processed 4100/10000 queries...
  Processed 4200/10000 queries...
  Processed 4300/10000 queries...
  Processed 4400/10000 queries...
  Processed 4500/10000 queries...
  Processed 4600/10000 queries...
  Processed 4700/10000 queries...
  Processed 4800/10000 queries...
  Processed 4900/10000 queries...
  Processed 5000/10000 queries...
  Processed 5100/10000 queries...
  Processed 5200/10000 queries...
  Processed 5300/10000 queries...
  Processed 5400/10000 queries...
  Processed 5500/10000 queries...
  Processed 5600/10000 queries...
  Processed 5700/10000 queries...
  Processed 5800/10000 queries...
  Processed 5900/10000 queries...
  Processed 6000/10000 queries...
  Processed 6100/10000 queries...
  Processed 6200/10000 queries...
  Processed 6300/10000 queries...
  Processed 6400/10000 queries...
  Processed 6500/10000 queries...
  Processed 6600/10000 queries...
  Processed 6700/10000 queries...
  Processed 6800/10000 queries...
  Processed 6900/10000 queries...
  Processed 7000/10000 queries...
  Processed 7100/10000 queries...
  Processed 7200/10000 queries...
  Processed 7300/10000 queries...
  Processed 7400/10000 queries...
  Processed 7500/10000 queries...
  Processed 7600/10000 queries...
  Processed 7700/10000 queries...
  Processed 7800/10000 queries...
  Processed 7900/10000 queries...
  Processed 8000/10000 queries...
  Processed 8100/10000 queries...
  Processed 8200/10000 queries...
  Processed 8300/10000 queries...
  Processed 8400/10000 queries...
  Processed 8500/10000 queries...
  Processed 8600/10000 queries...
  Processed 8700/10000 queries...
  Processed 8800/10000 queries...
  Processed 8900/10000 queries...
  Processed 9000/10000 queries...
  Processed 9100/10000 queries...
  Processed 9200/10000 queries...
  Processed 9300/10000 queries...
  Processed 9400/10000 queries...
  Processed 9500/10000 queries...
  Processed 9600/10000 queries...
  Processed 9700/10000 queries...
  Processed 9800/10000 queries...
  Processed 9900/10000 queries...
  Processed 10000/10000 queries...
2026-03-22 21:15:26 [INFO]     Retrieval results:
2026-03-22 21:15:26 [INFO]       map: 0.0073
2026-03-22 21:15:26 [INFO]       recall@1: 0.0000
2026-03-22 21:15:26 [INFO]       precision@1: 0.0012
2026-03-22 21:15:26 [INFO]       ndcg@1: 0.0012
2026-03-22 21:15:26 [INFO]       recall@10: 0.0001
2026-03-22 21:15:26 [INFO]       precision@10: 0.0014
2026-03-22 21:15:26 [INFO]       ndcg@10: 0.0014
2026-03-22 21:15:26 [INFO]       recall@50: 0.0008
2026-03-22 21:15:26 [INFO]       precision@50: 0.0016
2026-03-22 21:15:26 [INFO]       ndcg@50: 0.0016
2026-03-22 21:15:26 [INFO]       recall@100: 0.0017
2026-03-22 21:15:26 [INFO]       precision@100: 0.0017
2026-03-22 21:15:26 [INFO]       ndcg@100: 0.0016
Results saved to outputs/results/softhebb_mnist_seed0.json
2026-03-22 21:15:26 [INFO] 
Results saved to outputs/results/softhebb_mnist_seed0.json
Model saved to outputs/codes/softhebb/mnist/model_seed0.pkl
Model saved to outputs/codes/softhebb/mnist/model_seed0_model.pt
2026-03-22 21:15:26 [INFO] Model saved to outputs/codes/softhebb/mnist/model_seed0.pkl
2026-03-22 21:15:26 [INFO] 
================================================================================
2026-03-22 21:15:26 [INFO] Experiment complete!
2026-03-22 21:15:26 [INFO] Full log saved to: outputs/logs/softhebb_mnist_seed0_20260322_211226.log
2026-03-22 21:15:26 [INFO] ================================================================================
[2/11] OK softhebb
[3/11] RUN krotov

A module that was compiled using NumPy 1.x cannot be run in
NumPy 2.4.3 as it may crash. To support both 1.x and 2.x
versions of NumPy, modules must be compiled with NumPy 2.0.
Some module may need to rebuild instead e.g. with 'pybind11>=2.12'.

If you are a user of the module, the easiest solution will be to
downgrade to 'numpy<2' or try to upgrade the affected module.
We expect that some modules will need time to support NumPy 2.

Traceback (most recent call last):  File "/hy-tmp/Neuroscience-baseline/scripts/run_baseline.py", line 20, in <module>
    from pipeline import (
  File "/hy-tmp/Neuroscience-baseline/pipeline/__init__.py", line 15, in <module>
    from .clustering import run_clustering_evaluation
  File "/hy-tmp/Neuroscience-baseline/pipeline/clustering.py", line 11, in <module>
    from sklearn_extra.cluster import KMedoids
  File "/hy-tmp/Neuroscience-baseline/.venv/lib/python3.11/site-packages/sklearn_extra/__init__.py", line 1, in <module>
    from . import kernel_approximation, kernel_methods  # noqa
  File "/hy-tmp/Neuroscience-baseline/.venv/lib/python3.11/site-packages/sklearn_extra/kernel_approximation/__init__.py", line 1, in <module>
    from ._fastfood import Fastfood
  File "/hy-tmp/Neuroscience-baseline/.venv/lib/python3.11/site-packages/sklearn_extra/kernel_approximation/_fastfood.py", line 11, in <module>
    from ..utils._cyfht import fht2 as cyfht
Random seed set to 0
2026-03-22 21:15:31 [INFO] ================================================================================
2026-03-22 21:15:31 [INFO] Experiment: krotov_mnist
2026-03-22 21:15:31 [INFO] Encoder: krotov
2026-03-22 21:15:31 [INFO] Dataset: mnist
2026-03-22 21:15:31 [INFO] Seed: 0
2026-03-22 21:15:31 [INFO] ================================================================================
2026-03-22 21:15:31 [INFO] 
[1/5] Loading dataset...
MNIST loaded: 60000 train, 10000 test
2026-03-22 21:15:31 [INFO]   Train samples: 60000
2026-03-22 21:15:31 [INFO]   Test samples: 10000
2026-03-22 21:15:31 [INFO] 
  Eval modes: clustering=True, retrieval=True
2026-03-22 21:15:31 [INFO]   Has labels: True, Has query_data: False, Has groundtruth: False
2026-03-22 21:15:31 [INFO] 
[2/5] Initializing encoder...
2026-03-22 21:15:31 [INFO]   Encoder: KrotovEncoder(neurons=400, trained=False)
2026-03-22 21:15:31 [INFO] 
[3/5] Training encoder...

======================================================================
Training Krotov-Hopfield Network
======================================================================
Architecture: 784 -> 400 neurons
Training samples: 60000
Epochs: 200
Batch size: 100
Learning rate: 0.02 (linearly annealed)
Anti-Hebbian strength (delta): 0.4
Lebesgue norm (p): 2.0
Ranking parameter (k): 2
======================================================================

Epoch 20/200 complete (lr=0.0181)
Epoch 40/200 complete (lr=0.0161)
Epoch 60/200 complete (lr=0.0141)
Epoch 80/200 complete (lr=0.0121)
Epoch 100/200 complete (lr=0.0101)
Epoch 120/200 complete (lr=0.0081)
Epoch 140/200 complete (lr=0.0061)
Epoch 160/200 complete (lr=0.0041)
Epoch 180/200 complete (lr=0.0021)
Epoch 200/200 complete (lr=0.0001)

======================================================================
✅ Krotov-Hopfield training complete!
======================================================================

2026-03-22 23:50:31 [INFO] 
[4/5] Encoding test data...
2026-03-22 23:50:31 [INFO]   Running encoder...
Encoding 10000 samples...
✅ Encoding complete!
2026-03-22 23:50:32 [INFO]   Codes saved to outputs/codes/krotov/mnist
2026-03-22 23:50:32 [INFO]   Pre-code shape: (10000, 400)
2026-03-22 23:50:32 [INFO]   Code shape: (10000, 400)
2026-03-22 23:50:32 [INFO]   Code sparsity: 0.950
2026-03-22 23:50:32 [INFO] 
[5/5] Evaluating...
2026-03-22 23:50:32 [INFO] 
  Running clustering evaluation (ACC / NMI)...
2026-03-22 23:50:34 [INFO]     Clustering results:
2026-03-22 23:50:34 [INFO]       kmeans:
2026-03-22 23:50:34 [INFO]         NMI=0.5941, ARI=0.4656, ACC=0.6294
2026-03-22 23:50:34 [INFO] 
  Running retrieval evaluation (mAP / Recall@K)...
2026-03-22 23:50:34 [INFO]     Mode: label-based retrieval (database=train, queries=test)
2026-03-22 23:50:34 [INFO]     Encoding train_data as retrieval database...
Encoding 60000 samples...
✅ Encoding complete!
  Processed 100/10000 queries...
  Processed 200/10000 queries...
  Processed 300/10000 queries...
  Processed 400/10000 queries...
  Processed 500/10000 queries...
  Processed 600/10000 queries...
  Processed 700/10000 queries...
  Processed 800/10000 queries...
  Processed 900/10000 queries...
  Processed 1000/10000 queries...
  Processed 1100/10000 queries...
  Processed 1200/10000 queries...
  Processed 1300/10000 queries...
  Processed 1400/10000 queries...
  Processed 1500/10000 queries...
  Processed 1600/10000 queries...
  Processed 1700/10000 queries...
  Processed 1800/10000 queries...
  Processed 1900/10000 queries...
  Processed 2000/10000 queries...
  Processed 2100/10000 queries...
  Processed 2200/10000 queries...
  Processed 2300/10000 queries...
  Processed 2400/10000 queries...
  Processed 2500/10000 queries...
  Processed 2600/10000 queries...
  Processed 2700/10000 queries...
  Processed 2800/10000 queries...
  Processed 2900/10000 queries...
  Processed 3000/10000 queries...
  Processed 3100/10000 queries...
  Processed 3200/10000 queries...
  Processed 3300/10000 queries...
  Processed 3400/10000 queries...
  Processed 3500/10000 queries...
  Processed 3600/10000 queries...
  Processed 3700/10000 queries...
  Processed 3800/10000 queries...
  Processed 3900/10000 queries...
  Processed 4000/10000 queries...
  Processed 4100/10000 queries...
  Processed 4200/10000 queries...
  Processed 4300/10000 queries...
  Processed 4400/10000 queries...
  Processed 4500/10000 queries...
  Processed 4600/10000 queries...
  Processed 4700/10000 queries...
  Processed 4800/10000 queries...
  Processed 4900/10000 queries...
  Processed 5000/10000 queries...
  Processed 5100/10000 queries...
  Processed 5200/10000 queries...
  Processed 5300/10000 queries...
  Processed 5400/10000 queries...
  Processed 5500/10000 queries...
  Processed 5600/10000 queries...
  Processed 5700/10000 queries...
  Processed 5800/10000 queries...
  Processed 5900/10000 queries...
  Processed 6000/10000 queries...
  Processed 6100/10000 queries...
  Processed 6200/10000 queries...
  Processed 6300/10000 queries...
  Processed 6400/10000 queries...
  Processed 6500/10000 queries...
  Processed 6600/10000 queries...
  Processed 6700/10000 queries...
  Processed 6800/10000 queries...
  Processed 6900/10000 queries...
  Processed 7000/10000 queries...
  Processed 7100/10000 queries...
  Processed 7200/10000 queries...
  Processed 7300/10000 queries...
  Processed 7400/10000 queries...
  Processed 7500/10000 queries...
  Processed 7600/10000 queries...
  Processed 7700/10000 queries...
  Processed 7800/10000 queries...
  Processed 7900/10000 queries...
  Processed 8000/10000 queries...
  Processed 8100/10000 queries...
  Processed 8200/10000 queries...
  Processed 8300/10000 queries...
  Processed 8400/10000 queries...
  Processed 8500/10000 queries...
  Processed 8600/10000 queries...
  Processed 8700/10000 queries...
  Processed 8800/10000 queries...
  Processed 8900/10000 queries...
  Processed 9000/10000 queries...
  Processed 9100/10000 queries...
  Processed 9200/10000 queries...
  Processed 9300/10000 queries...
  Processed 9400/10000 queries...
  Processed 9500/10000 queries...
  Processed 9600/10000 queries...
  Processed 9700/10000 queries...
  Processed 9800/10000 queries...
  Processed 9900/10000 queries...
  Processed 10000/10000 queries...
2026-03-22 23:53:52 [INFO]     Retrieval results:
2026-03-22 23:53:52 [INFO]       map: 0.0470
2026-03-22 23:53:52 [INFO]       recall@1: 0.0002
2026-03-22 23:53:52 [INFO]       precision@1: 0.0151
2026-03-22 23:53:52 [INFO]       ndcg@1: 0.0151
2026-03-22 23:53:52 [INFO]       recall@10: 0.0016
2026-03-22 23:53:52 [INFO]       precision@10: 0.0156
2026-03-22 23:53:52 [INFO]       ndcg@10: 0.0155
2026-03-22 23:53:52 [INFO]       recall@50: 0.0074
2026-03-22 23:53:52 [INFO]       precision@50: 0.0149
2026-03-22 23:53:52 [INFO]       ndcg@50: 0.0150
2026-03-22 23:53:52 [INFO]       recall@100: 0.0145
2026-03-22 23:53:52 [INFO]       precision@100: 0.0145
2026-03-22 23:53:52 [INFO]       ndcg@100: 0.0147
Results saved to outputs/results/krotov_mnist_seed0.json
2026-03-22 23:53:52 [INFO] 
Results saved to outputs/results/krotov_mnist_seed0.json
Model saved to outputs/codes/krotov/mnist/model_seed0.pkl
2026-03-22 23:53:52 [INFO] Model saved to outputs/codes/krotov/mnist/model_seed0.pkl
2026-03-22 23:53:52 [INFO] 
================================================================================
2026-03-22 23:53:52 [INFO] Experiment complete!
2026-03-22 23:53:52 [INFO] Full log saved to: outputs/logs/krotov_mnist_seed0_20260322_211531.log
2026-03-22 23:53:52 [INFO] ================================================================================
[3/11] OK krotov
[4/11] RUN biohash

A module that was compiled using NumPy 1.x cannot be run in
NumPy 2.4.3 as it may crash. To support both 1.x and 2.x
versions of NumPy, modules must be compiled with NumPy 2.0.
Some module may need to rebuild instead e.g. with 'pybind11>=2.12'.

If you are a user of the module, the easiest solution will be to
downgrade to 'numpy<2' or try to upgrade the affected module.
We expect that some modules will need time to support NumPy 2.

Traceback (most recent call last):  File "/hy-tmp/Neuroscience-baseline/scripts/run_baseline.py", line 20, in <module>
    from pipeline import (
  File "/hy-tmp/Neuroscience-baseline/pipeline/__init__.py", line 15, in <module>
    from .clustering import run_clustering_evaluation
  File "/hy-tmp/Neuroscience-baseline/pipeline/clustering.py", line 11, in <module>
    from sklearn_extra.cluster import KMedoids
  File "/hy-tmp/Neuroscience-baseline/.venv/lib/python3.11/site-packages/sklearn_extra/__init__.py", line 1, in <module>
    from . import kernel_approximation, kernel_methods  # noqa
  File "/hy-tmp/Neuroscience-baseline/.venv/lib/python3.11/site-packages/sklearn_extra/kernel_approximation/__init__.py", line 1, in <module>
    from ._fastfood import Fastfood
  File "/hy-tmp/Neuroscience-baseline/.venv/lib/python3.11/site-packages/sklearn_extra/kernel_approximation/_fastfood.py", line 11, in <module>
    from ..utils._cyfht import fht2 as cyfht
Random seed set to 0
2026-03-22 23:53:57 [INFO] ================================================================================
2026-03-22 23:53:57 [INFO] Experiment: biohash_mnist
2026-03-22 23:53:57 [INFO] Encoder: biohash
2026-03-22 23:53:57 [INFO] Dataset: mnist
2026-03-22 23:53:57 [INFO] Seed: 0
2026-03-22 23:53:57 [INFO] ================================================================================
2026-03-22 23:53:57 [INFO] 
[1/5] Loading dataset...
MNIST loaded: 60000 train, 10000 test
2026-03-22 23:53:57 [INFO]   Train samples: 60000
2026-03-22 23:53:57 [INFO]   Test samples: 10000
2026-03-22 23:53:57 [INFO] 
  Eval modes: clustering=True, retrieval=True
2026-03-22 23:53:57 [INFO]   Has labels: True, Has query_data: False, Has groundtruth: False
2026-03-22 23:53:57 [INFO] 
[2/5] Initializing encoder...
2026-03-22 23:53:57 [INFO]   Encoder: BioHashEncoder(trained=False)
2026-03-22 23:53:57 [INFO] 
[3/5] Training encoder...

============================================================
Training BioHash Encoder
============================================================
Architecture: 784 -> 256 (k=13)
Sparse ratio: 0.1
Epochs: 5, LR: 0.01
============================================================

  Epoch 1/5 complete (lr=0.0100)
  Epoch 2/5 complete (lr=0.0080)
  Epoch 3/5 complete (lr=0.0060)
  Epoch 4/5 complete (lr=0.0040)
  Epoch 5/5 complete (lr=0.0020)

✅ BioHash training complete!

2026-03-22 23:55:28 [INFO] 
[4/5] Encoding test data...
2026-03-22 23:55:28 [INFO]   Running encoder...
2026-03-22 23:55:28 [INFO]   Codes saved to outputs/codes/biohash/mnist
2026-03-22 23:55:28 [INFO]   Pre-code shape: (10000, 256)
2026-03-22 23:55:28 [INFO]   Code shape: (10000, 256)
2026-03-22 23:55:28 [INFO]   Code sparsity: 0.949
2026-03-22 23:55:28 [INFO] 
[5/5] Evaluating...
2026-03-22 23:55:28 [INFO] 
  Running clustering evaluation (ACC / NMI)...
2026-03-22 23:55:30 [INFO]     Clustering results:
2026-03-22 23:55:30 [INFO]       kmeans:
2026-03-22 23:55:30 [INFO]         NMI=0.3034, ARI=0.2020, ACC=0.3878
2026-03-22 23:55:30 [INFO] 
  Running retrieval evaluation (mAP / Recall@K)...
2026-03-22 23:55:30 [INFO]     Mode: label-based retrieval (database=train, queries=test)
2026-03-22 23:55:30 [INFO]     Encoding train_data as retrieval database...
  Processed 100/10000 queries...
  Processed 200/10000 queries...
  Processed 300/10000 queries...
  Processed 400/10000 queries...
  Processed 500/10000 queries...
  Processed 600/10000 queries...
  Processed 700/10000 queries...
  Processed 800/10000 queries...
  Processed 900/10000 queries...
  Processed 1000/10000 queries...
  Processed 1100/10000 queries...
  Processed 1200/10000 queries...
  Processed 1300/10000 queries...
  Processed 1400/10000 queries...
  Processed 1500/10000 queries...
  Processed 1600/10000 queries...
  Processed 1700/10000 queries...
  Processed 1800/10000 queries...
  Processed 1900/10000 queries...
  Processed 2000/10000 queries...
  Processed 2100/10000 queries...
  Processed 2200/10000 queries...
  Processed 2300/10000 queries...
  Processed 2400/10000 queries...
  Processed 2500/10000 queries...
  Processed 2600/10000 queries...
  Processed 2700/10000 queries...
  Processed 2800/10000 queries...
  Processed 2900/10000 queries...
  Processed 3000/10000 queries...
  Processed 3100/10000 queries...
  Processed 3200/10000 queries...
  Processed 3300/10000 queries...
  Processed 3400/10000 queries...
  Processed 3500/10000 queries...
  Processed 3600/10000 queries...
  Processed 3700/10000 queries...
  Processed 3800/10000 queries...
  Processed 3900/10000 queries...
  Processed 4000/10000 queries...
  Processed 4100/10000 queries...
  Processed 4200/10000 queries...
  Processed 4300/10000 queries...
  Processed 4400/10000 queries...
  Processed 4500/10000 queries...
  Processed 4600/10000 queries...
  Processed 4700/10000 queries...
  Processed 4800/10000 queries...
  Processed 4900/10000 queries...
  Processed 5000/10000 queries...
  Processed 5100/10000 queries...
  Processed 5200/10000 queries...
  Processed 5300/10000 queries...
  Processed 5400/10000 queries...
  Processed 5500/10000 queries...
  Processed 5600/10000 queries...
  Processed 5700/10000 queries...
  Processed 5800/10000 queries...
  Processed 5900/10000 queries...
  Processed 6000/10000 queries...
  Processed 6100/10000 queries...
  Processed 6200/10000 queries...
  Processed 6300/10000 queries...
  Processed 6400/10000 queries...
  Processed 6500/10000 queries...
  Processed 6600/10000 queries...
  Processed 6700/10000 queries...
  Processed 6800/10000 queries...
  Processed 6900/10000 queries...
  Processed 7000/10000 queries...
  Processed 7100/10000 queries...
  Processed 7200/10000 queries...
  Processed 7300/10000 queries...
  Processed 7400/10000 queries...
  Processed 7500/10000 queries...
  Processed 7600/10000 queries...
  Processed 7700/10000 queries...
  Processed 7800/10000 queries...
  Processed 7900/10000 queries...
  Processed 8000/10000 queries...
  Processed 8100/10000 queries...
  Processed 8200/10000 queries...
  Processed 8300/10000 queries...
  Processed 8400/10000 queries...
  Processed 8500/10000 queries...
  Processed 8600/10000 queries...
  Processed 8700/10000 queries...
  Processed 8800/10000 queries...
  Processed 8900/10000 queries...
  Processed 9000/10000 queries...
  Processed 9100/10000 queries...
  Processed 9200/10000 queries...
  Processed 9300/10000 queries...
  Processed 9400/10000 queries...
  Processed 9500/10000 queries...
  Processed 9600/10000 queries...
  Processed 9700/10000 queries...
  Processed 9800/10000 queries...
  Processed 9900/10000 queries...
  Processed 10000/10000 queries...
2026-03-22 23:57:11 [INFO]     Retrieval results:
2026-03-22 23:57:11 [INFO]       map: 0.0337
2026-03-22 23:57:11 [INFO]       recall@1: 0.0001
2026-03-22 23:57:11 [INFO]       precision@1: 0.0107
2026-03-22 23:57:11 [INFO]       ndcg@1: 0.0107
2026-03-22 23:57:11 [INFO]       recall@10: 0.0010
2026-03-22 23:57:11 [INFO]       precision@10: 0.0096
2026-03-22 23:57:11 [INFO]       ndcg@10: 0.0097
2026-03-22 23:57:11 [INFO]       recall@50: 0.0044
2026-03-22 23:57:11 [INFO]       precision@50: 0.0088
2026-03-22 23:57:11 [INFO]       ndcg@50: 0.0091
2026-03-22 23:57:11 [INFO]       recall@100: 0.0084
2026-03-22 23:57:11 [INFO]       precision@100: 0.0084
2026-03-22 23:57:11 [INFO]       ndcg@100: 0.0086
Results saved to outputs/results/biohash_mnist_seed0.json
2026-03-22 23:57:11 [INFO] 
Results saved to outputs/results/biohash_mnist_seed0.json
Model saved to outputs/codes/biohash/mnist/model_seed0.pkl
2026-03-22 23:57:11 [INFO] Model saved to outputs/codes/biohash/mnist/model_seed0.pkl
2026-03-22 23:57:11 [INFO] 
================================================================================
2026-03-22 23:57:11 [INFO] Experiment complete!
2026-03-22 23:57:11 [INFO] Full log saved to: outputs/logs/biohash_mnist_seed0_20260322_235357.log
2026-03-22 23:57:11 [INFO] ================================================================================
[4/11] OK biohash
[5/11] RUN wta_hash

A module that was compiled using NumPy 1.x cannot be run in
NumPy 2.4.3 as it may crash. To support both 1.x and 2.x
versions of NumPy, modules must be compiled with NumPy 2.0.
Some module may need to rebuild instead e.g. with 'pybind11>=2.12'.

If you are a user of the module, the easiest solution will be to
downgrade to 'numpy<2' or try to upgrade the affected module.
We expect that some modules will need time to support NumPy 2.

Traceback (most recent call last):  File "/hy-tmp/Neuroscience-baseline/scripts/run_baseline.py", line 20, in <module>
    from pipeline import (
  File "/hy-tmp/Neuroscience-baseline/pipeline/__init__.py", line 15, in <module>
    from .clustering import run_clustering_evaluation
  File "/hy-tmp/Neuroscience-baseline/pipeline/clustering.py", line 11, in <module>
    from sklearn_extra.cluster import KMedoids
  File "/hy-tmp/Neuroscience-baseline/.venv/lib/python3.11/site-packages/sklearn_extra/__init__.py", line 1, in <module>
    from . import kernel_approximation, kernel_methods  # noqa
  File "/hy-tmp/Neuroscience-baseline/.venv/lib/python3.11/site-packages/sklearn_extra/kernel_approximation/__init__.py", line 1, in <module>
    from ._fastfood import Fastfood
  File "/hy-tmp/Neuroscience-baseline/.venv/lib/python3.11/site-packages/sklearn_extra/kernel_approximation/_fastfood.py", line 11, in <module>
    from ..utils._cyfht import fht2 as cyfht
Random seed set to 0
2026-03-22 23:57:15 [INFO] ================================================================================
2026-03-22 23:57:15 [INFO] Experiment: wta_hash_mnist
2026-03-22 23:57:15 [INFO] Encoder: wta_hash
2026-03-22 23:57:15 [INFO] Dataset: mnist
2026-03-22 23:57:15 [INFO] Seed: 0
2026-03-22 23:57:15 [INFO] ================================================================================
2026-03-22 23:57:15 [INFO] 
[1/5] Loading dataset...
MNIST loaded: 60000 train, 10000 test
2026-03-22 23:57:16 [INFO]   Train samples: 60000
2026-03-22 23:57:16 [INFO]   Test samples: 10000
2026-03-22 23:57:16 [INFO] 
  Eval modes: clustering=True, retrieval=True
2026-03-22 23:57:16 [INFO]   Has labels: True, Has query_data: False, Has groundtruth: False
2026-03-22 23:57:16 [INFO] 
[2/5] Initializing encoder...
2026-03-22 23:57:16 [INFO]   Encoder: WTAHashEncoder(trained=False)
2026-03-22 23:57:16 [INFO] 
[3/5] Training encoder...

============================================================
Initializing WTA Hash Encoder
============================================================
Input dim: 784
Windows: 64, Window size: 8
Output dim: 512
Sparsity: 0.875
============================================================

✅ WTA Hash initialization complete!

2026-03-22 23:57:16 [INFO] 
[4/5] Encoding test data...
2026-03-22 23:57:16 [INFO]   Running encoder...
2026-03-22 23:57:16 [INFO]   Codes saved to outputs/codes/wta_hash/mnist
2026-03-22 23:57:16 [INFO]   Pre-code shape: (10000, 512)
2026-03-22 23:57:16 [INFO]   Code shape: (10000, 512)
2026-03-22 23:57:16 [INFO]   Code sparsity: 0.875
2026-03-22 23:57:16 [INFO] 
[5/5] Evaluating...
2026-03-22 23:57:16 [INFO] 
  Running clustering evaluation (ACC / NMI)...
2026-03-22 23:57:19 [INFO]     Clustering results:
2026-03-22 23:57:19 [INFO]       kmeans:
2026-03-22 23:57:19 [INFO]         NMI=0.4591, ARI=0.3288, ACC=0.5132
2026-03-22 23:57:19 [INFO] 
  Running retrieval evaluation (mAP / Recall@K)...
2026-03-22 23:57:19 [INFO]     Mode: label-based retrieval (database=train, queries=test)
2026-03-22 23:57:19 [INFO]     Encoding train_data as retrieval database...
  Processed 100/10000 queries...
  Processed 200/10000 queries...
  Processed 300/10000 queries...
  Processed 400/10000 queries...
  Processed 500/10000 queries...
  Processed 600/10000 queries...
  Processed 700/10000 queries...
  Processed 800/10000 queries...
  Processed 900/10000 queries...
  Processed 1000/10000 queries...
  Processed 1100/10000 queries...
  Processed 1200/10000 queries...
  Processed 1300/10000 queries...
  Processed 1400/10000 queries...
  Processed 1500/10000 queries...
  Processed 1600/10000 queries...
  Processed 1700/10000 queries...
  Processed 1800/10000 queries...
  Processed 1900/10000 queries...
  Processed 2000/10000 queries...
  Processed 2100/10000 queries...
  Processed 2200/10000 queries...
  Processed 2300/10000 queries...
  Processed 2400/10000 queries...
  Processed 2500/10000 queries...
  Processed 2600/10000 queries...
  Processed 2700/10000 queries...
  Processed 2800/10000 queries...
  Processed 2900/10000 queries...
  Processed 3000/10000 queries...
  Processed 3100/10000 queries...
  Processed 3200/10000 queries...
  Processed 3300/10000 queries...
  Processed 3400/10000 queries...
  Processed 3500/10000 queries...
  Processed 3600/10000 queries...
  Processed 3700/10000 queries...
  Processed 3800/10000 queries...
  Processed 3900/10000 queries...
  Processed 4000/10000 queries...
  Processed 4100/10000 queries...
  Processed 4200/10000 queries...
  Processed 4300/10000 queries...
  Processed 4400/10000 queries...
  Processed 4500/10000 queries...
  Processed 4600/10000 queries...
  Processed 4700/10000 queries...
  Processed 4800/10000 queries...
  Processed 4900/10000 queries...
  Processed 5000/10000 queries...
  Processed 5100/10000 queries...
  Processed 5200/10000 queries...
  Processed 5300/10000 queries...
  Processed 5400/10000 queries...
  Processed 5500/10000 queries...
  Processed 5600/10000 queries...
  Processed 5700/10000 queries...
  Processed 5800/10000 queries...
  Processed 5900/10000 queries...
  Processed 6000/10000 queries...
  Processed 6100/10000 queries...
  Processed 6200/10000 queries...
  Processed 6300/10000 queries...
  Processed 6400/10000 queries...
  Processed 6500/10000 queries...
  Processed 6600/10000 queries...
  Processed 6700/10000 queries...
  Processed 6800/10000 queries...
  Processed 6900/10000 queries...
  Processed 7000/10000 queries...
  Processed 7100/10000 queries...
  Processed 7200/10000 queries...
  Processed 7300/10000 queries...
  Processed 7400/10000 queries...
  Processed 7500/10000 queries...
  Processed 7600/10000 queries...
  Processed 7700/10000 queries...
  Processed 7800/10000 queries...
  Processed 7900/10000 queries...
  Processed 8000/10000 queries...
  Processed 8100/10000 queries...
  Processed 8200/10000 queries...
  Processed 8300/10000 queries...
  Processed 8400/10000 queries...
  Processed 8500/10000 queries...
  Processed 8600/10000 queries...
  Processed 8700/10000 queries...
  Processed 8800/10000 queries...
  Processed 8900/10000 queries...
  Processed 9000/10000 queries...
  Processed 9100/10000 queries...
  Processed 9200/10000 queries...
  Processed 9300/10000 queries...
  Processed 9400/10000 queries...
  Processed 9500/10000 queries...
  Processed 9600/10000 queries...
  Processed 9700/10000 queries...
  Processed 9800/10000 queries...
  Processed 9900/10000 queries...
  Processed 10000/10000 queries...
2026-03-23 00:00:35 [INFO]     Retrieval results:
2026-03-23 00:00:35 [INFO]       map: 0.0458
2026-03-23 00:00:35 [INFO]       recall@1: 0.0001
2026-03-23 00:00:35 [INFO]       precision@1: 0.0145
2026-03-23 00:00:35 [INFO]       ndcg@1: 0.0145
2026-03-23 00:00:35 [INFO]       recall@10: 0.0015
2026-03-23 00:00:35 [INFO]       precision@10: 0.0148
2026-03-23 00:00:35 [INFO]       ndcg@10: 0.0148
2026-03-23 00:00:35 [INFO]       recall@50: 0.0070
2026-03-23 00:00:35 [INFO]       precision@50: 0.0140
2026-03-23 00:00:35 [INFO]       ndcg@50: 0.0142
2026-03-23 00:00:35 [INFO]       recall@100: 0.0135
2026-03-23 00:00:35 [INFO]       precision@100: 0.0135
2026-03-23 00:00:35 [INFO]       ndcg@100: 0.0138
Results saved to outputs/results/wta_hash_mnist_seed0.json
2026-03-23 00:00:35 [INFO] 
Results saved to outputs/results/wta_hash_mnist_seed0.json
Model saved to outputs/codes/wta_hash/mnist/model_seed0.pkl
2026-03-23 00:00:35 [INFO] Model saved to outputs/codes/wta_hash/mnist/model_seed0.pkl
2026-03-23 00:00:35 [INFO] 
================================================================================
2026-03-23 00:00:35 [INFO] Experiment complete!
2026-03-23 00:00:35 [INFO] Full log saved to: outputs/logs/wta_hash_mnist_seed0_20260322_235715.log
2026-03-23 00:00:35 [INFO] ================================================================================
[5/11] OK wta_hash
[6/11] RUN som

A module that was compiled using NumPy 1.x cannot be run in
NumPy 2.4.3 as it may crash. To support both 1.x and 2.x
versions of NumPy, modules must be compiled with NumPy 2.0.
Some module may need to rebuild instead e.g. with 'pybind11>=2.12'.

If you are a user of the module, the easiest solution will be to
downgrade to 'numpy<2' or try to upgrade the affected module.
We expect that some modules will need time to support NumPy 2.

Traceback (most recent call last):  File "/hy-tmp/Neuroscience-baseline/scripts/run_baseline.py", line 20, in <module>
    from pipeline import (
  File "/hy-tmp/Neuroscience-baseline/pipeline/__init__.py", line 15, in <module>
    from .clustering import run_clustering_evaluation
  File "/hy-tmp/Neuroscience-baseline/pipeline/clustering.py", line 11, in <module>
    from sklearn_extra.cluster import KMedoids
  File "/hy-tmp/Neuroscience-baseline/.venv/lib/python3.11/site-packages/sklearn_extra/__init__.py", line 1, in <module>
    from . import kernel_approximation, kernel_methods  # noqa
  File "/hy-tmp/Neuroscience-baseline/.venv/lib/python3.11/site-packages/sklearn_extra/kernel_approximation/__init__.py", line 1, in <module>
    from ._fastfood import Fastfood
  File "/hy-tmp/Neuroscience-baseline/.venv/lib/python3.11/site-packages/sklearn_extra/kernel_approximation/_fastfood.py", line 11, in <module>
    from ..utils._cyfht import fht2 as cyfht
Random seed set to 0
2026-03-23 00:00:39 [INFO] ================================================================================
2026-03-23 00:00:39 [INFO] Experiment: som_mnist
2026-03-23 00:00:39 [INFO] Encoder: som
2026-03-23 00:00:39 [INFO] Dataset: mnist
2026-03-23 00:00:39 [INFO] Seed: 0
2026-03-23 00:00:39 [INFO] ================================================================================
2026-03-23 00:00:39 [INFO] 
[1/5] Loading dataset...
MNIST loaded: 60000 train, 10000 test
2026-03-23 00:00:40 [INFO]   Train samples: 60000
2026-03-23 00:00:40 [INFO]   Test samples: 10000
2026-03-23 00:00:40 [INFO] 
  Eval modes: clustering=True, retrieval=True
2026-03-23 00:00:40 [INFO]   Has labels: True, Has query_data: False, Has groundtruth: False
2026-03-23 00:00:40 [INFO] 
[2/5] Initializing encoder...
2026-03-23 00:00:40 [INFO]   Encoder: SOMEncoder(trained=False)
2026-03-23 00:00:40 [INFO] 
[3/5] Training encoder...

============================================================
Training Self-Organizing Map
============================================================
Input dim: 784
Map size: 20 x 20 = 400 neurons
Epochs: 10
LR: 0.5 -> 0.01
============================================================

  Epoch 1/10 (lr=0.3381, sigma=7.94)
  Epoch 2/10 (lr=0.2287, sigma=6.31)
  Epoch 3/10 (lr=0.1546, sigma=5.01)
  Epoch 4/10 (lr=0.1046, sigma=3.98)
  Epoch 5/10 (lr=0.0707, sigma=3.16)
  Epoch 6/10 (lr=0.0478, sigma=2.51)
  Epoch 7/10 (lr=0.0323, sigma=2.00)
  Epoch 8/10 (lr=0.0219, sigma=1.58)
  Epoch 9/10 (lr=0.0148, sigma=1.26)
  Epoch 10/10 (lr=0.0100, sigma=1.00)

✅ SOM training complete!

2026-03-23 00:04:21 [INFO] 
[4/5] Encoding test data...
2026-03-23 00:04:21 [INFO]   Running encoder...
Encoding 10000 samples with SOM...
✅ SOM encoding complete!
2026-03-23 00:04:26 [INFO]   Codes saved to outputs/codes/som/mnist
2026-03-23 00:04:26 [INFO]   Pre-code shape: (10000, 400)
2026-03-23 00:04:26 [INFO]   Code shape: (10000, 400)
2026-03-23 00:04:26 [INFO]   Code sparsity: 0.950
2026-03-23 00:04:26 [INFO] 
[5/5] Evaluating...
2026-03-23 00:04:26 [INFO] 
  Running clustering evaluation (ACC / NMI)...
2026-03-23 00:04:28 [INFO]     Clustering results:
2026-03-23 00:04:28 [INFO]       kmeans:
2026-03-23 00:04:28 [INFO]         NMI=0.6341, ARI=0.5215, ACC=0.6528
2026-03-23 00:04:28 [INFO] 
  Running retrieval evaluation (mAP / Recall@K)...
2026-03-23 00:04:28 [INFO]     Mode: label-based retrieval (database=train, queries=test)
2026-03-23 00:04:28 [INFO]     Encoding train_data as retrieval database...
Encoding 60000 samples with SOM...
✅ SOM encoding complete!
  Processed 100/10000 queries...
  Processed 200/10000 queries...
  Processed 300/10000 queries...
  Processed 400/10000 queries...
  Processed 500/10000 queries...
  Processed 600/10000 queries...
  Processed 700/10000 queries...
  Processed 800/10000 queries...
  Processed 900/10000 queries...
  Processed 1000/10000 queries...
  Processed 1100/10000 queries...
  Processed 1200/10000 queries...
  Processed 1300/10000 queries...
  Processed 1400/10000 queries...
  Processed 1500/10000 queries...
  Processed 1600/10000 queries...
  Processed 1700/10000 queries...
  Processed 1800/10000 queries...
  Processed 1900/10000 queries...
  Processed 2000/10000 queries...
  Processed 2100/10000 queries...
  Processed 2200/10000 queries...
  Processed 2300/10000 queries...
  Processed 2400/10000 queries...
  Processed 2500/10000 queries...
  Processed 2600/10000 queries...
  Processed 2700/10000 queries...
  Processed 2800/10000 queries...
  Processed 2900/10000 queries...
  Processed 3000/10000 queries...
  Processed 3100/10000 queries...
  Processed 3200/10000 queries...
  Processed 3300/10000 queries...
  Processed 3400/10000 queries...
  Processed 3500/10000 queries...
  Processed 3600/10000 queries...
  Processed 3700/10000 queries...
  Processed 3800/10000 queries...
  Processed 3900/10000 queries...
  Processed 4000/10000 queries...
  Processed 4100/10000 queries...
  Processed 4200/10000 queries...
  Processed 4300/10000 queries...
  Processed 4400/10000 queries...
  Processed 4500/10000 queries...
  Processed 4600/10000 queries...
  Processed 4700/10000 queries...
  Processed 4800/10000 queries...
  Processed 4900/10000 queries...
  Processed 5000/10000 queries...
  Processed 5100/10000 queries...
  Processed 5200/10000 queries...
  Processed 5300/10000 queries...
  Processed 5400/10000 queries...
  Processed 5500/10000 queries...
  Processed 5600/10000 queries...
  Processed 5700/10000 queries...
  Processed 5800/10000 queries...
  Processed 5900/10000 queries...
  Processed 6000/10000 queries...
  Processed 6100/10000 queries...
  Processed 6200/10000 queries...
  Processed 6300/10000 queries...
  Processed 6400/10000 queries...
  Processed 6500/10000 queries...
  Processed 6600/10000 queries...
  Processed 6700/10000 queries...
  Processed 6800/10000 queries...
  Processed 6900/10000 queries...
  Processed 7000/10000 queries...
  Processed 7100/10000 queries...
  Processed 7200/10000 queries...
  Processed 7300/10000 queries...
  Processed 7400/10000 queries...
  Processed 7500/10000 queries...
  Processed 7600/10000 queries...
  Processed 7700/10000 queries...
  Processed 7800/10000 queries...
  Processed 7900/10000 queries...
  Processed 8000/10000 queries...
  Processed 8100/10000 queries...
  Processed 8200/10000 queries...
  Processed 8300/10000 queries...
  Processed 8400/10000 queries...
  Processed 8500/10000 queries...
  Processed 8600/10000 queries...
  Processed 8700/10000 queries...
  Processed 8800/10000 queries...
  Processed 8900/10000 queries...
  Processed 9000/10000 queries...
  Processed 9100/10000 queries...
  Processed 9200/10000 queries...
  Processed 9300/10000 queries...
  Processed 9400/10000 queries...
  Processed 9500/10000 queries...
  Processed 9600/10000 queries...
  Processed 9700/10000 queries...
  Processed 9800/10000 queries...
  Processed 9900/10000 queries...
  Processed 10000/10000 queries...
2026-03-23 00:07:36 [INFO]     Retrieval results:
2026-03-23 00:07:36 [INFO]       map: 0.0426
2026-03-23 00:07:36 [INFO]       recall@1: 0.0001
2026-03-23 00:07:36 [INFO]       precision@1: 0.0125
2026-03-23 00:07:36 [INFO]       ndcg@1: 0.0125
2026-03-23 00:07:36 [INFO]       recall@10: 0.0014
2026-03-23 00:07:36 [INFO]       precision@10: 0.0137
2026-03-23 00:07:36 [INFO]       ndcg@10: 0.0134
2026-03-23 00:07:36 [INFO]       recall@50: 0.0069
2026-03-23 00:07:36 [INFO]       precision@50: 0.0139
2026-03-23 00:07:36 [INFO]       ndcg@50: 0.0138
2026-03-23 00:07:36 [INFO]       recall@100: 0.0136
2026-03-23 00:07:36 [INFO]       precision@100: 0.0136
2026-03-23 00:07:36 [INFO]       ndcg@100: 0.0136
Results saved to outputs/results/som_mnist_seed0.json
2026-03-23 00:07:36 [INFO] 
Results saved to outputs/results/som_mnist_seed0.json
Model saved to outputs/codes/som/mnist/model_seed0.pkl
2026-03-23 00:07:36 [INFO] Model saved to outputs/codes/som/mnist/model_seed0.pkl
2026-03-23 00:07:36 [INFO] 
================================================================================
2026-03-23 00:07:36 [INFO] Experiment complete!
2026-03-23 00:07:36 [INFO] Full log saved to: outputs/logs/som_mnist_seed0_20260323_000039.log
2026-03-23 00:07:36 [INFO] ================================================================================
[6/11] OK som
[7/11] RUN lsh

A module that was compiled using NumPy 1.x cannot be run in
NumPy 2.4.3 as it may crash. To support both 1.x and 2.x
versions of NumPy, modules must be compiled with NumPy 2.0.
Some module may need to rebuild instead e.g. with 'pybind11>=2.12'.

If you are a user of the module, the easiest solution will be to
downgrade to 'numpy<2' or try to upgrade the affected module.
We expect that some modules will need time to support NumPy 2.

Traceback (most recent call last):  File "/hy-tmp/Neuroscience-baseline/scripts/run_baseline.py", line 20, in <module>
    from pipeline import (
  File "/hy-tmp/Neuroscience-baseline/pipeline/__init__.py", line 15, in <module>
    from .clustering import run_clustering_evaluation
  File "/hy-tmp/Neuroscience-baseline/pipeline/clustering.py", line 11, in <module>
    from sklearn_extra.cluster import KMedoids
  File "/hy-tmp/Neuroscience-baseline/.venv/lib/python3.11/site-packages/sklearn_extra/__init__.py", line 1, in <module>
    from . import kernel_approximation, kernel_methods  # noqa
  File "/hy-tmp/Neuroscience-baseline/.venv/lib/python3.11/site-packages/sklearn_extra/kernel_approximation/__init__.py", line 1, in <module>
    from ._fastfood import Fastfood
  File "/hy-tmp/Neuroscience-baseline/.venv/lib/python3.11/site-packages/sklearn_extra/kernel_approximation/_fastfood.py", line 11, in <module>
    from ..utils._cyfht import fht2 as cyfht
Random seed set to 0
2026-03-23 00:07:41 [INFO] ================================================================================
2026-03-23 00:07:41 [INFO] Experiment: lsh_mnist
2026-03-23 00:07:41 [INFO] Encoder: lsh
2026-03-23 00:07:41 [INFO] Dataset: mnist
2026-03-23 00:07:41 [INFO] Seed: 0
2026-03-23 00:07:41 [INFO] ================================================================================
2026-03-23 00:07:41 [INFO] 
[1/5] Loading dataset...
MNIST loaded: 60000 train, 10000 test
2026-03-23 00:07:41 [INFO]   Train samples: 60000
2026-03-23 00:07:41 [INFO]   Test samples: 10000
2026-03-23 00:07:41 [INFO] 
  Eval modes: clustering=True, retrieval=True
2026-03-23 00:07:41 [INFO]   Has labels: True, Has query_data: False, Has groundtruth: False
2026-03-23 00:07:41 [INFO] 
[2/5] Initializing encoder...
2026-03-23 00:07:41 [INFO]   Encoder: SimHashEncoder(trained=False)
2026-03-23 00:07:41 [INFO] 
[3/5] Training encoder...

============================================================
Initializing SimHash (LSH) Encoder
============================================================
Input dim: 784
Hash dim: 128
============================================================

✅ SimHash initialization complete!

2026-03-23 00:07:41 [INFO] 
[4/5] Encoding test data...
2026-03-23 00:07:41 [INFO]   Running encoder...
2026-03-23 00:07:41 [INFO]   Codes saved to outputs/codes/lsh/mnist
2026-03-23 00:07:41 [INFO]   Pre-code shape: (10000, 128)
2026-03-23 00:07:41 [INFO]   Code shape: (10000, 128)
2026-03-23 00:07:41 [INFO]   Code sparsity: 0.488
2026-03-23 00:07:41 [INFO] 
[5/5] Evaluating...
2026-03-23 00:07:41 [INFO] 
  Running clustering evaluation (ACC / NMI)...
2026-03-23 00:07:44 [INFO]     Clustering results:
2026-03-23 00:07:44 [INFO]       kmeans:
2026-03-23 00:07:44 [INFO]         NMI=0.4138, ARI=0.2850, ACC=0.4537
2026-03-23 00:07:44 [INFO] 
  Running retrieval evaluation (mAP / Recall@K)...
2026-03-23 00:07:44 [INFO]     Mode: label-based retrieval (database=train, queries=test)
2026-03-23 00:07:44 [INFO]     Encoding train_data as retrieval database...
  Processed 100/10000 queries...
  Processed 200/10000 queries...
  Processed 300/10000 queries...
  Processed 400/10000 queries...
  Processed 500/10000 queries...
  Processed 600/10000 queries...
  Processed 700/10000 queries...
  Processed 800/10000 queries...
  Processed 900/10000 queries...
  Processed 1000/10000 queries...
  Processed 1100/10000 queries...
  Processed 1200/10000 queries...
  Processed 1300/10000 queries...
  Processed 1400/10000 queries...
  Processed 1500/10000 queries...
  Processed 1600/10000 queries...
  Processed 1700/10000 queries...
  Processed 1800/10000 queries...
  Processed 1900/10000 queries...
  Processed 2000/10000 queries...
  Processed 2100/10000 queries...
  Processed 2200/10000 queries...
  Processed 2300/10000 queries...
  Processed 2400/10000 queries...
  Processed 2500/10000 queries...
  Processed 2600/10000 queries...
  Processed 2700/10000 queries...
  Processed 2800/10000 queries...
  Processed 2900/10000 queries...
  Processed 3000/10000 queries...
  Processed 3100/10000 queries...
  Processed 3200/10000 queries...
  Processed 3300/10000 queries...
  Processed 3400/10000 queries...
  Processed 3500/10000 queries...
  Processed 3600/10000 queries...
  Processed 3700/10000 queries...
  Processed 3800/10000 queries...
  Processed 3900/10000 queries...
  Processed 4000/10000 queries...
  Processed 4100/10000 queries...
  Processed 4200/10000 queries...
  Processed 4300/10000 queries...
  Processed 4400/10000 queries...
  Processed 4500/10000 queries...
  Processed 4600/10000 queries...
  Processed 4700/10000 queries...
  Processed 4800/10000 queries...
  Processed 4900/10000 queries...
  Processed 5000/10000 queries...
  Processed 5100/10000 queries...
  Processed 5200/10000 queries...
  Processed 5300/10000 queries...
  Processed 5400/10000 queries...
  Processed 5500/10000 queries...
  Processed 5600/10000 queries...
  Processed 5700/10000 queries...
  Processed 5800/10000 queries...
  Processed 5900/10000 queries...
  Processed 6000/10000 queries...
  Processed 6100/10000 queries...
  Processed 6200/10000 queries...
  Processed 6300/10000 queries...
  Processed 6400/10000 queries...
  Processed 6500/10000 queries...
  Processed 6600/10000 queries...
  Processed 6700/10000 queries...
  Processed 6800/10000 queries...
  Processed 6900/10000 queries...
  Processed 7000/10000 queries...
  Processed 7100/10000 queries...
  Processed 7200/10000 queries...
  Processed 7300/10000 queries...
  Processed 7400/10000 queries...
  Processed 7500/10000 queries...
  Processed 7600/10000 queries...
  Processed 7700/10000 queries...
  Processed 7800/10000 queries...
  Processed 7900/10000 queries...
  Processed 8000/10000 queries...
  Processed 8100/10000 queries...
  Processed 8200/10000 queries...
  Processed 8300/10000 queries...
  Processed 8400/10000 queries...
  Processed 8500/10000 queries...
  Processed 8600/10000 queries...
  Processed 8700/10000 queries...
  Processed 8800/10000 queries...
  Processed 8900/10000 queries...
  Processed 9000/10000 queries...
  Processed 9100/10000 queries...
  Processed 9200/10000 queries...
  Processed 9300/10000 queries...
  Processed 9400/10000 queries...
  Processed 9500/10000 queries...
  Processed 9600/10000 queries...
  Processed 9700/10000 queries...
  Processed 9800/10000 queries...
  Processed 9900/10000 queries...
  Processed 10000/10000 queries...
2026-03-23 00:08:47 [INFO]     Retrieval results:
2026-03-23 00:08:47 [INFO]       map: 0.0448
2026-03-23 00:08:47 [INFO]       recall@1: 0.0002
2026-03-23 00:08:47 [INFO]       precision@1: 0.0151
2026-03-23 00:08:47 [INFO]       ndcg@1: 0.0151
2026-03-23 00:08:47 [INFO]       recall@10: 0.0014
2026-03-23 00:08:47 [INFO]       precision@10: 0.0140
2026-03-23 00:08:47 [INFO]       ndcg@10: 0.0141
2026-03-23 00:08:47 [INFO]       recall@50: 0.0066
2026-03-23 00:08:47 [INFO]       precision@50: 0.0132
2026-03-23 00:08:47 [INFO]       ndcg@50: 0.0134
2026-03-23 00:08:47 [INFO]       recall@100: 0.0127
2026-03-23 00:08:47 [INFO]       precision@100: 0.0127
2026-03-23 00:08:47 [INFO]       ndcg@100: 0.0129
Results saved to outputs/results/lsh_mnist_seed0.json
2026-03-23 00:08:47 [INFO] 
Results saved to outputs/results/lsh_mnist_seed0.json
Model saved to outputs/codes/lsh/mnist/model_seed0.pkl
2026-03-23 00:08:47 [INFO] Model saved to outputs/codes/lsh/mnist/model_seed0.pkl
2026-03-23 00:08:47 [INFO] 
================================================================================
2026-03-23 00:08:47 [INFO] Experiment complete!
2026-03-23 00:08:47 [INFO] Full log saved to: outputs/logs/lsh_mnist_seed0_20260323_000741.log
2026-03-23 00:08:47 [INFO] ================================================================================
[7/11] OK lsh
[8/11] RUN diehl_cook

A module that was compiled using NumPy 1.x cannot be run in
NumPy 2.4.3 as it may crash. To support both 1.x and 2.x
versions of NumPy, modules must be compiled with NumPy 2.0.
Some module may need to rebuild instead e.g. with 'pybind11>=2.12'.

If you are a user of the module, the easiest solution will be to
downgrade to 'numpy<2' or try to upgrade the affected module.
We expect that some modules will need time to support NumPy 2.

Traceback (most recent call last):  File "/hy-tmp/Neuroscience-baseline/scripts/run_baseline.py", line 20, in <module>
    from pipeline import (
  File "/hy-tmp/Neuroscience-baseline/pipeline/__init__.py", line 15, in <module>
    from .clustering import run_clustering_evaluation
  File "/hy-tmp/Neuroscience-baseline/pipeline/clustering.py", line 11, in <module>
    from sklearn_extra.cluster import KMedoids
  File "/hy-tmp/Neuroscience-baseline/.venv/lib/python3.11/site-packages/sklearn_extra/__init__.py", line 1, in <module>
    from . import kernel_approximation, kernel_methods  # noqa
  File "/hy-tmp/Neuroscience-baseline/.venv/lib/python3.11/site-packages/sklearn_extra/kernel_approximation/__init__.py", line 1, in <module>
    from ._fastfood import Fastfood
  File "/hy-tmp/Neuroscience-baseline/.venv/lib/python3.11/site-packages/sklearn_extra/kernel_approximation/_fastfood.py", line 11, in <module>
    from ..utils._cyfht import fht2 as cyfht
Random seed set to 0
2026-03-23 00:08:51 [INFO] ================================================================================
2026-03-23 00:08:51 [INFO] Experiment: diehl_cook_mnist
2026-03-23 00:08:51 [INFO] Encoder: diehl_cook
2026-03-23 00:08:51 [INFO] Dataset: mnist
2026-03-23 00:08:51 [INFO] Seed: 0
2026-03-23 00:08:51 [INFO] ================================================================================
2026-03-23 00:08:51 [INFO] 
[1/5] Loading dataset...
MNIST loaded: 60000 train, 10000 test
2026-03-23 00:08:51 [INFO]   Train samples: 60000
2026-03-23 00:08:51 [INFO]   Test samples: 10000
2026-03-23 00:08:51 [INFO] 
  Eval modes: clustering=True, retrieval=True
2026-03-23 00:08:51 [INFO]   Has labels: True, Has query_data: False, Has groundtruth: False
2026-03-23 00:08:51 [INFO] 
[2/5] Initializing encoder...
2026-03-23 00:08:51 [INFO]   Encoder: DiehlCookEncoder(trained=False)
2026-03-23 00:08:51 [INFO] 
[3/5] Training encoder...

======================================================================
Training Diehl & Cook STDP Network
======================================================================
Architecture: 784 -> 400 neurons
Simulation time: 350 ms
Poisson intensity: 128.0
Device: cuda
======================================================================

Training on 60000 samples...
  Sample 100/60000 (0.2%) (label=1) | Elapsed: 0.7m | Speed: 2.5 samples/s | ETA: 6.8h
  Sample 200/60000 (0.3%) (label=2) | Elapsed: 1.4m | Speed: 2.4 samples/s | ETA: 6.8h
  Sample 300/60000 (0.5%) (label=6) | Elapsed: 2.0m | Speed: 2.5 samples/s | ETA: 6.7h
  Sample 400/60000 (0.7%) (label=0) | Elapsed: 2.7m | Speed: 2.4 samples/s | ETA: 7.0h
  Sample 500/60000 (0.8%) (label=8) | Elapsed: 3.4m | Speed: 2.4 samples/s | ETA: 6.9h
  Sample 600/60000 (1.0%) (label=7) | Elapsed: 4.1m | Speed: 2.4 samples/s | ETA: 7.0h
  Sample 700/60000 (1.2%) (label=5) | Elapsed: 4.8m | Speed: 2.5 samples/s | ETA: 6.7h
  Sample 800/60000 (1.3%) (label=5) | Elapsed: 5.5m | Speed: 2.4 samples/s | ETA: 7.0h
  Sample 900/60000 (1.5%) (label=5) | Elapsed: 6.2m | Speed: 2.3 samples/s | ETA: 7.0h
  Sample 1000/60000 (1.7%) (label=6) | Elapsed: 7.0m | Speed: 2.3 samples/s | ETA: 7.0h
  Sample 1100/60000 (1.8%) (label=4) | Elapsed: 7.6m | Speed: 2.4 samples/s | ETA: 6.8h
  Sample 1200/60000 (2.0%) (label=2) | Elapsed: 8.3m | Speed: 2.4 samples/s | ETA: 6.9h
  Sample 1300/60000 (2.2%) (label=2) | Elapsed: 9.1m | Speed: 2.3 samples/s | ETA: 7.2h
  Sample 1400/60000 (2.3%) (label=9) | Elapsed: 9.8m | Speed: 2.3 samples/s | ETA: 6.9h
  Sample 1500/60000 (2.5%) (label=7) | Elapsed: 10.5m | Speed: 2.3 samples/s | ETA: 6.9h
  Sample 1600/60000 (2.7%) (label=3) | Elapsed: 11.2m | Speed: 2.3 samples/s | ETA: 6.9h
  Sample 1700/60000 (2.8%) (label=1) | Elapsed: 11.9m | Speed: 2.4 samples/s | ETA: 6.7h
  Sample 1800/60000 (3.0%) (label=3) | Elapsed: 12.6m | Speed: 2.4 samples/s | ETA: 6.7h
  Sample 1900/60000 (3.2%) (label=7) | Elapsed: 13.3m | Speed: 2.3 samples/s | ETA: 6.9h
  Sample 2000/60000 (3.3%) (label=0) | Elapsed: 14.0m | Speed: 2.3 samples/s | ETA: 6.9h
  Sample 2100/60000 (3.5%) (label=9) | Elapsed: 14.7m | Speed: 2.3 samples/s | ETA: 6.9h
  Sample 2200/60000 (3.7%) (label=9) | Elapsed: 15.4m | Speed: 2.4 samples/s | ETA: 6.8h
  Sample 2300/60000 (3.8%) (label=9) | Elapsed: 16.2m | Speed: 2.3 samples/s | ETA: 6.9h
  Sample 2400/60000 (4.0%) (label=2) | Elapsed: 16.9m | Speed: 2.4 samples/s | ETA: 6.7h
  Sample 2500/60000 (4.2%) (label=2) | Elapsed: 17.6m | Speed: 2.3 samples/s | ETA: 6.8h
  Sample 2600/60000 (4.3%) (label=1) | Elapsed: 18.3m | Speed: 2.3 samples/s | ETA: 7.0h
  Sample 2700/60000 (4.5%) (label=8) | Elapsed: 19.0m | Speed: 2.3 samples/s | ETA: 6.8h
  Sample 2800/60000 (4.7%) (label=4) | Elapsed: 19.7m | Speed: 2.3 samples/s | ETA: 7.0h
  Sample 2900/60000 (4.8%) (label=0) | Elapsed: 20.5m | Speed: 2.4 samples/s | ETA: 6.7h
  Sample 3000/60000 (5.0%) (label=5) | Elapsed: 21.1m | Speed: 2.4 samples/s | ETA: 6.5h
  Sample 3100/60000 (5.2%) (label=9) | Elapsed: 21.8m | Speed: 2.4 samples/s | ETA: 6.7h
  Sample 3200/60000 (5.3%) (label=2) | Elapsed: 22.5m | Speed: 2.4 samples/s | ETA: 6.7h
  Sample 3300/60000 (5.5%) (label=8) | Elapsed: 23.2m | Speed: 2.4 samples/s | ETA: 6.5h
  Sample 3400/60000 (5.7%) (label=4) | Elapsed: 23.9m | Speed: 2.4 samples/s | ETA: 6.6h
  Sample 3500/60000 (5.8%) (label=8) | Elapsed: 24.6m | Speed: 2.4 samples/s | ETA: 6.5h
  Sample 3600/60000 (6.0%) (label=7) | Elapsed: 25.3m | Speed: 2.5 samples/s | ETA: 6.3h
  Sample 3700/60000 (6.2%) (label=3) | Elapsed: 26.0m | Speed: 2.3 samples/s | ETA: 6.7h
  Sample 3800/60000 (6.3%) (label=2) | Elapsed: 26.7m | Speed: 2.4 samples/s | ETA: 6.4h
  Sample 3900/60000 (6.5%) (label=7) | Elapsed: 27.4m | Speed: 2.4 samples/s | ETA: 6.4h
  Sample 4000/60000 (6.7%) (label=6) | Elapsed: 28.1m | Speed: 2.4 samples/s | ETA: 6.4h
  Sample 4100/60000 (6.8%) (label=4) | Elapsed: 28.8m | Speed: 2.4 samples/s | ETA: 6.5h
  Sample 4200/60000 (7.0%) (label=3) | Elapsed: 29.5m | Speed: 2.4 samples/s | ETA: 6.4h
  Sample 4300/60000 (7.2%) (label=5) | Elapsed: 30.1m | Speed: 2.4 samples/s | ETA: 6.4h
  Sample 4400/60000 (7.3%) (label=9) | Elapsed: 30.8m | Speed: 2.5 samples/s | ETA: 6.3h
  Sample 4500/60000 (7.5%) (label=7) | Elapsed: 31.5m | Speed: 2.4 samples/s | ETA: 6.5h
  Sample 4600/60000 (7.7%) (label=2) | Elapsed: 32.2m | Speed: 2.4 samples/s | ETA: 6.4h
  Sample 4700/60000 (7.8%) (label=6) | Elapsed: 32.9m | Speed: 2.4 samples/s | ETA: 6.3h
  Sample 4800/60000 (8.0%) (label=7) | Elapsed: 33.6m | Speed: 2.4 samples/s | ETA: 6.5h
  Sample 4900/60000 (8.2%) (label=7) | Elapsed: 34.3m | Speed: 2.4 samples/s | ETA: 6.5h
  Sample 5000/60000 (8.3%) (label=2) | Elapsed: 35.0m | Speed: 2.5 samples/s | ETA: 6.1h
  Sample 5100/60000 (8.5%) (label=6) | Elapsed: 35.7m | Speed: 2.4 samples/s | ETA: 6.3h
  Sample 5200/60000 (8.7%) (label=8) | Elapsed: 36.3m | Speed: 2.4 samples/s | ETA: 6.2h
  Sample 5300/60000 (8.8%) (label=8) | Elapsed: 37.0m | Speed: 2.4 samples/s | ETA: 6.3h
  Sample 5400/60000 (9.0%) (label=3) | Elapsed: 37.7m | Speed: 2.5 samples/s | ETA: 6.1h
  Sample 5500/60000 (9.2%) (label=5) | Elapsed: 38.4m | Speed: 2.5 samples/s | ETA: 6.2h
  Sample 5600/60000 (9.3%) (label=5) | Elapsed: 39.1m | Speed: 2.4 samples/s | ETA: 6.2h
  Sample 5700/60000 (9.5%) (label=8) | Elapsed: 39.7m | Speed: 2.5 samples/s | ETA: 6.1h
  Sample 5800/60000 (9.7%) (label=3) | Elapsed: 40.4m | Speed: 2.4 samples/s | ETA: 6.2h
  Sample 5900/60000 (9.8%) (label=4) | Elapsed: 41.1m | Speed: 2.4 samples/s | ETA: 6.2h
  Sample 6000/60000 (10.0%) (label=9) | Elapsed: 41.8m | Speed: 2.4 samples/s | ETA: 6.2h
  Sample 6100/60000 (10.2%) (label=2) | Elapsed: 42.5m | Speed: 2.3 samples/s | ETA: 6.4h
  Sample 6200/60000 (10.3%) (label=8) | Elapsed: 43.2m | Speed: 2.4 samples/s | ETA: 6.2h
  Sample 6300/60000 (10.5%) (label=3) | Elapsed: 43.9m | Speed: 2.3 samples/s | ETA: 6.4h
  Sample 6400/60000 (10.7%) (label=5) | Elapsed: 44.6m | Speed: 2.4 samples/s | ETA: 6.2h
  Sample 6500/60000 (10.8%) (label=1) | Elapsed: 45.3m | Speed: 2.3 samples/s | ETA: 6.4h
  Sample 6600/60000 (11.0%) (label=9) | Elapsed: 46.1m | Speed: 2.2 samples/s | ETA: 6.7h
  Sample 6700/60000 (11.2%) (label=9) | Elapsed: 46.8m | Speed: 2.4 samples/s | ETA: 6.1h
  Sample 6800/60000 (11.3%) (label=6) | Elapsed: 47.5m | Speed: 2.4 samples/s | ETA: 6.1h
  Sample 6900/60000 (11.5%) (label=2) | Elapsed: 48.1m | Speed: 2.4 samples/s | ETA: 6.1h
  Sample 7000/60000 (11.7%) (label=9) | Elapsed: 48.8m | Speed: 2.5 samples/s | ETA: 6.0h
  Sample 7100/60000 (11.8%) (label=7) | Elapsed: 49.5m | Speed: 2.4 samples/s | ETA: 6.1h
  Sample 7200/60000 (12.0%) (label=8) | Elapsed: 50.2m | Speed: 2.4 samples/s | ETA: 6.1h
  Sample 7300/60000 (12.2%) (label=4) | Elapsed: 50.9m | Speed: 2.5 samples/s | ETA: 6.0h
  Sample 7400/60000 (12.3%) (label=4) | Elapsed: 51.6m | Speed: 2.4 samples/s | ETA: 6.1h
  Sample 7500/60000 (12.5%) (label=0) | Elapsed: 52.3m | Speed: 2.3 samples/s | ETA: 6.3h
  Sample 7600/60000 (12.7%) (label=1) | Elapsed: 53.0m | Speed: 2.3 samples/s | ETA: 6.2h
  Sample 7700/60000 (12.8%) (label=5) | Elapsed: 53.7m | Speed: 2.3 samples/s | ETA: 6.3h
  Sample 7800/60000 (13.0%) (label=8) | Elapsed: 54.5m | Speed: 2.3 samples/s | ETA: 6.3h
  Sample 7900/60000 (13.2%) (label=7) | Elapsed: 55.2m | Speed: 2.3 samples/s | ETA: 6.2h
  Sample 8000/60000 (13.3%) (label=4) | Elapsed: 55.9m | Speed: 2.3 samples/s | ETA: 6.2h
  Sample 8100/60000 (13.5%) (label=3) | Elapsed: 56.6m | Speed: 2.3 samples/s | ETA: 6.2h
  Sample 8200/60000 (13.7%) (label=9) | Elapsed: 57.3m | Speed: 2.4 samples/s | ETA: 5.9h
  Sample 8300/60000 (13.8%) (label=8) | Elapsed: 58.0m | Speed: 2.4 samples/s | ETA: 6.0h
  Sample 8400/60000 (14.0%) (label=4) | Elapsed: 58.7m | Speed: 2.3 samples/s | ETA: 6.1h
  Sample 8500/60000 (14.2%) (label=7) | Elapsed: 59.4m | Speed: 2.3 samples/s | ETA: 6.2h
  Sample 8600/60000 (14.3%) (label=2) | Elapsed: 60.1m | Speed: 2.3 samples/s | ETA: 6.1h
  Sample 8700/60000 (14.5%) (label=7) | Elapsed: 60.9m | Speed: 2.3 samples/s | ETA: 6.2h
  Sample 8800/60000 (14.7%) (label=6) | Elapsed: 61.6m | Speed: 2.3 samples/s | ETA: 6.2h
  Sample 8900/60000 (14.8%) (label=9) | Elapsed: 62.3m | Speed: 2.2 samples/s | ETA: 6.4h
  Sample 9000/60000 (15.0%) (label=9) | Elapsed: 63.0m | Speed: 2.4 samples/s | ETA: 6.0h
  Sample 9100/60000 (15.2%) (label=8) | Elapsed: 63.7m | Speed: 2.4 samples/s | ETA: 5.9h
  Sample 9200/60000 (15.3%) (label=1) | Elapsed: 64.4m | Speed: 2.4 samples/s | ETA: 5.9h
  Sample 9300/60000 (15.5%) (label=1) | Elapsed: 65.1m | Speed: 2.4 samples/s | ETA: 5.9h
  Sample 9400/60000 (15.7%) (label=1) | Elapsed: 65.8m | Speed: 2.4 samples/s | ETA: 5.9h
  Sample 9500/60000 (15.8%) (label=7) | Elapsed: 66.5m | Speed: 2.4 samples/s | ETA: 5.9h
  Sample 9600/60000 (16.0%) (label=1) | Elapsed: 67.3m | Speed: 2.3 samples/s | ETA: 6.0h
  Sample 9700/60000 (16.2%) (label=0) | Elapsed: 68.0m | Speed: 2.3 samples/s | ETA: 6.0h
  Sample 9800/60000 (16.3%) (label=8) | Elapsed: 68.7m | Speed: 2.3 samples/s | ETA: 6.0h
  Sample 9900/60000 (16.5%) (label=5) | Elapsed: 69.4m | Speed: 2.4 samples/s | ETA: 5.9h
  Sample 10000/60000 (16.7%) (label=7) | Elapsed: 70.1m | Speed: 2.4 samples/s | ETA: 5.9h
  Sample 10100/60000 (16.8%) (label=3) | Elapsed: 70.8m | Speed: 2.3 samples/s | ETA: 5.9h
  Sample 10200/60000 (17.0%) (label=9) | Elapsed: 71.5m | Speed: 2.4 samples/s | ETA: 5.8h
  Sample 10300/60000 (17.2%) (label=6) | Elapsed: 72.2m | Speed: 2.3 samples/s | ETA: 6.0h
  Sample 10400/60000 (17.3%) (label=1) | Elapsed: 73.0m | Speed: 2.3 samples/s | ETA: 6.0h
  Sample 10500/60000 (17.5%) (label=8) | Elapsed: 73.7m | Speed: 2.3 samples/s | ETA: 6.1h
  Sample 10600/60000 (17.7%) (label=0) | Elapsed: 74.4m | Speed: 2.3 samples/s | ETA: 5.9h
  Sample 10700/60000 (17.8%) (label=2) | Elapsed: 75.2m | Speed: 2.2 samples/s | ETA: 6.1h
  Sample 10800/60000 (18.0%) (label=9) | Elapsed: 75.9m | Speed: 2.4 samples/s | ETA: 5.7h
  Sample 10900/60000 (18.2%) (label=4) | Elapsed: 76.6m | Speed: 2.4 samples/s | ETA: 5.8h
  Sample 11000/60000 (18.3%) (label=2) | Elapsed: 77.3m | Speed: 2.3 samples/s | ETA: 6.0h
  Sample 11100/60000 (18.5%) (label=7) | Elapsed: 78.0m | Speed: 2.4 samples/s | ETA: 5.7h
  Sample 11200/60000 (18.7%) (label=9) | Elapsed: 78.7m | Speed: 2.4 samples/s | ETA: 5.7h
  Sample 11300/60000 (18.8%) (label=2) | Elapsed: 79.4m | Speed: 2.4 samples/s | ETA: 5.6h
  Sample 11400/60000 (19.0%) (label=7) | Elapsed: 80.1m | Speed: 2.3 samples/s | ETA: 5.9h
  Sample 11500/60000 (19.2%) (label=9) | Elapsed: 80.8m | Speed: 2.4 samples/s | ETA: 5.5h
  Sample 11600/60000 (19.3%) (label=5) | Elapsed: 81.5m | Speed: 2.3 samples/s | ETA: 5.8h
  Sample 11700/60000 (19.5%) (label=6) | Elapsed: 82.2m | Speed: 2.4 samples/s | ETA: 5.5h
  Sample 11800/60000 (19.7%) (label=4) | Elapsed: 82.9m | Speed: 2.4 samples/s | ETA: 5.7h
  Sample 11900/60000 (19.8%) (label=2) | Elapsed: 83.6m | Speed: 2.4 samples/s | ETA: 5.7h
  Sample 12000/60000 (20.0%) (label=3) | Elapsed: 84.3m | Speed: 2.4 samples/s | ETA: 5.6h
  Sample 12100/60000 (20.2%) (label=8) | Elapsed: 85.0m | Speed: 2.4 samples/s | ETA: 5.6h
  Sample 12200/60000 (20.3%) (label=6) | Elapsed: 85.7m | Speed: 2.3 samples/s | ETA: 5.7h
  Sample 12300/60000 (20.5%) (label=2) | Elapsed: 86.4m | Speed: 2.4 samples/s | ETA: 5.6h
  Sample 12400/60000 (20.7%) (label=1) | Elapsed: 87.2m | Speed: 2.3 samples/s | ETA: 5.8h
  Sample 12500/60000 (20.8%) (label=1) | Elapsed: 87.9m | Speed: 2.3 samples/s | ETA: 5.8h
  Sample 12600/60000 (21.0%) (label=7) | Elapsed: 88.6m | Speed: 2.3 samples/s | ETA: 5.6h
  Sample 12700/60000 (21.2%) (label=6) | Elapsed: 89.3m | Speed: 2.4 samples/s | ETA: 5.4h
  Sample 12800/60000 (21.3%) (label=0) | Elapsed: 90.0m | Speed: 2.4 samples/s | ETA: 5.4h
  Sample 12900/60000 (21.5%) (label=8) | Elapsed: 90.7m | Speed: 2.4 samples/s | ETA: 5.4h
  Sample 13000/60000 (21.7%) (label=9) | Elapsed: 91.4m | Speed: 2.3 samples/s | ETA: 5.7h
  Sample 13100/60000 (21.8%) (label=3) | Elapsed: 92.1m | Speed: 2.3 samples/s | ETA: 5.7h
  Sample 13200/60000 (22.0%) (label=7) | Elapsed: 92.8m | Speed: 2.3 samples/s | ETA: 5.6h
  Sample 13300/60000 (22.2%) (label=2) | Elapsed: 93.5m | Speed: 2.4 samples/s | ETA: 5.4h
  Sample 13400/60000 (22.3%) (label=1) | Elapsed: 94.2m | Speed: 2.4 samples/s | ETA: 5.3h
  Sample 13500/60000 (22.5%) (label=9) | Elapsed: 94.9m | Speed: 2.4 samples/s | ETA: 5.3h
  Sample 13600/60000 (22.7%) (label=7) | Elapsed: 95.6m | Speed: 2.4 samples/s | ETA: 5.3h
  Sample 13700/60000 (22.8%) (label=5) | Elapsed: 96.3m | Speed: 2.4 samples/s | ETA: 5.4h
  Sample 13800/60000 (23.0%) (label=0) | Elapsed: 97.0m | Speed: 2.4 samples/s | ETA: 5.3h
  Sample 13900/60000 (23.2%) (label=8) | Elapsed: 97.7m | Speed: 2.4 samples/s | ETA: 5.4h
  Sample 14000/60000 (23.3%) (label=6) | Elapsed: 98.4m | Speed: 2.4 samples/s | ETA: 5.3h
  Sample 14100/60000 (23.5%) (label=3) | Elapsed: 99.1m | Speed: 2.3 samples/s | ETA: 5.5h
  Sample 14200/60000 (23.7%) (label=5) | Elapsed: 99.8m | Speed: 2.3 samples/s | ETA: 5.4h
  Sample 14300/60000 (23.8%) (label=7) | Elapsed: 100.5m | Speed: 2.3 samples/s | ETA: 5.5h
  Sample 14400/60000 (24.0%) (label=6) | Elapsed: 101.2m | Speed: 2.4 samples/s | ETA: 5.4h
  Sample 14500/60000 (24.2%) (label=8) | Elapsed: 101.9m | Speed: 2.4 samples/s | ETA: 5.2h
  Sample 14600/60000 (24.3%) (label=5) | Elapsed: 102.6m | Speed: 2.4 samples/s | ETA: 5.2h
  Sample 14700/60000 (24.5%) (label=9) | Elapsed: 103.3m | Speed: 2.4 samples/s | ETA: 5.2h
  Sample 14800/60000 (24.7%) (label=5) | Elapsed: 104.0m | Speed: 2.4 samples/s | ETA: 5.2h
  Sample 14900/60000 (24.8%) (label=1) | Elapsed: 104.7m | Speed: 2.5 samples/s | ETA: 5.0h
  Sample 15000/60000 (25.0%) (label=7) | Elapsed: 105.4m | Speed: 2.4 samples/s | ETA: 5.3h
  Sample 15100/60000 (25.2%) (label=1) | Elapsed: 106.0m | Speed: 2.4 samples/s | ETA: 5.2h
  Sample 15200/60000 (25.3%) (label=7) | Elapsed: 106.7m | Speed: 2.4 samples/s | ETA: 5.1h
  Sample 15300/60000 (25.5%) (label=4) | Elapsed: 107.4m | Speed: 2.4 samples/s | ETA: 5.1h
  Sample 15400/60000 (25.7%) (label=0) | Elapsed: 108.1m | Speed: 2.5 samples/s | ETA: 5.0h
  Sample 15500/60000 (25.8%) (label=7) | Elapsed: 108.8m | Speed: 2.4 samples/s | ETA: 5.1h
  Sample 15600/60000 (26.0%) (label=8) | Elapsed: 109.5m | Speed: 2.5 samples/s | ETA: 4.9h
  Sample 15700/60000 (26.2%) (label=2) | Elapsed: 110.1m | Speed: 2.4 samples/s | ETA: 5.1h
  Sample 15800/60000 (26.3%) (label=2) | Elapsed: 110.8m | Speed: 2.4 samples/s | ETA: 5.1h
  Sample 15900/60000 (26.5%) (label=9) | Elapsed: 111.5m | Speed: 2.4 samples/s | ETA: 5.1h
  Sample 16000/60000 (26.7%) (label=1) | Elapsed: 112.2m | Speed: 2.4 samples/s | ETA: 5.1h
  Sample 16100/60000 (26.8%) (label=7) | Elapsed: 112.9m | Speed: 2.3 samples/s | ETA: 5.2h
  Sample 16200/60000 (27.0%) (label=7) | Elapsed: 113.6m | Speed: 2.3 samples/s | ETA: 5.2h
  Sample 16300/60000 (27.2%) (label=7) | Elapsed: 114.4m | Speed: 2.3 samples/s | ETA: 5.2h
  Sample 16400/60000 (27.3%) (label=4) | Elapsed: 115.1m | Speed: 2.3 samples/s | ETA: 5.2h
  Sample 16500/60000 (27.5%) (label=5) | Elapsed: 115.8m | Speed: 2.4 samples/s | ETA: 5.0h
  Sample 16600/60000 (27.7%) (label=6) | Elapsed: 116.5m | Speed: 2.4 samples/s | ETA: 5.1h
  Sample 16700/60000 (27.8%) (label=1) | Elapsed: 117.2m | Speed: 2.4 samples/s | ETA: 5.1h
  Sample 16800/60000 (28.0%) (label=9) | Elapsed: 117.9m | Speed: 2.4 samples/s | ETA: 5.1h
  Sample 16900/60000 (28.2%) (label=4) | Elapsed: 118.6m | Speed: 2.4 samples/s | ETA: 5.0h
  Sample 17000/60000 (28.3%) (label=7) | Elapsed: 119.3m | Speed: 2.4 samples/s | ETA: 5.0h
  Sample 17100/60000 (28.5%) (label=5) | Elapsed: 120.0m | Speed: 2.4 samples/s | ETA: 4.9h
  Sample 17200/60000 (28.7%) (label=6) | Elapsed: 120.6m | Speed: 2.4 samples/s | ETA: 5.0h
  Sample 17300/60000 (28.8%) (label=4) | Elapsed: 121.3m | Speed: 2.4 samples/s | ETA: 4.9h
  Sample 17400/60000 (29.0%) (label=4) | Elapsed: 122.0m | Speed: 2.4 samples/s | ETA: 5.0h
  Sample 17500/60000 (29.2%) (label=8) | Elapsed: 122.7m | Speed: 2.5 samples/s | ETA: 4.7h
  Sample 17600/60000 (29.3%) (label=1) | Elapsed: 123.4m | Speed: 2.5 samples/s | ETA: 4.8h
  Sample 17700/60000 (29.5%) (label=3) | Elapsed: 124.1m | Speed: 2.4 samples/s | ETA: 5.0h
  Sample 17800/60000 (29.7%) (label=9) | Elapsed: 124.8m | Speed: 2.4 samples/s | ETA: 4.8h
  Sample 17900/60000 (29.8%) (label=9) | Elapsed: 125.5m | Speed: 2.3 samples/s | ETA: 5.0h
  Sample 18000/60000 (30.0%) (label=8) | Elapsed: 126.2m | Speed: 2.4 samples/s | ETA: 4.9h
  Sample 18100/60000 (30.2%) (label=3) | Elapsed: 126.9m | Speed: 2.3 samples/s | ETA: 5.0h
  Sample 18200/60000 (30.3%) (label=6) | Elapsed: 127.6m | Speed: 2.4 samples/s | ETA: 4.8h
  Sample 18300/60000 (30.5%) (label=3) | Elapsed: 128.3m | Speed: 2.4 samples/s | ETA: 4.9h
  Sample 18400/60000 (30.7%) (label=5) | Elapsed: 129.0m | Speed: 2.4 samples/s | ETA: 4.9h
  Sample 18500/60000 (30.8%) (label=2) | Elapsed: 129.7m | Speed: 2.3 samples/s | ETA: 5.0h
  Sample 18600/60000 (31.0%) (label=0) | Elapsed: 130.4m | Speed: 2.4 samples/s | ETA: 4.8h
  Sample 18700/60000 (31.2%) (label=5) | Elapsed: 131.1m | Speed: 2.4 samples/s | ETA: 4.9h
  Sample 18800/60000 (31.3%) (label=0) | Elapsed: 131.8m | Speed: 2.4 samples/s | ETA: 4.7h
  Sample 18900/60000 (31.5%) (label=1) | Elapsed: 132.5m | Speed: 2.4 samples/s | ETA: 4.7h
  Sample 19000/60000 (31.7%) (label=4) | Elapsed: 133.1m | Speed: 2.5 samples/s | ETA: 4.6h
  Sample 19100/60000 (31.8%) (label=1) | Elapsed: 133.8m | Speed: 2.4 samples/s | ETA: 4.7h
  Sample 19200/60000 (32.0%) (label=7) | Elapsed: 134.5m | Speed: 2.4 samples/s | ETA: 4.7h
  Sample 19300/60000 (32.2%) (label=4) | Elapsed: 135.2m | Speed: 2.4 samples/s | ETA: 4.7h
  Sample 19400/60000 (32.3%) (label=0) | Elapsed: 135.9m | Speed: 2.4 samples/s | ETA: 4.6h
  Sample 19500/60000 (32.5%) (label=4) | Elapsed: 136.6m | Speed: 2.4 samples/s | ETA: 4.7h
  Sample 19600/60000 (32.7%) (label=4) | Elapsed: 137.3m | Speed: 2.4 samples/s | ETA: 4.7h
  Sample 19700/60000 (32.8%) (label=5) | Elapsed: 138.0m | Speed: 2.4 samples/s | ETA: 4.6h
  Sample 19800/60000 (33.0%) (label=6) | Elapsed: 138.6m | Speed: 2.4 samples/s | ETA: 4.6h
  Sample 19900/60000 (33.2%) (label=0) | Elapsed: 139.3m | Speed: 2.4 samples/s | ETA: 4.6h
  Sample 20000/60000 (33.3%) (label=2) | Elapsed: 140.0m | Speed: 2.4 samples/s | ETA: 4.7h
  Sample 20100/60000 (33.5%) (label=3) | Elapsed: 140.7m | Speed: 2.4 samples/s | ETA: 4.6h
  Sample 20200/60000 (33.7%) (label=5) | Elapsed: 141.4m | Speed: 2.4 samples/s | ETA: 4.6h
  Sample 20300/60000 (33.8%) (label=2) | Elapsed: 142.1m | Speed: 2.4 samples/s | ETA: 4.5h
  Sample 20400/60000 (34.0%) (label=4) | Elapsed: 142.8m | Speed: 2.4 samples/s | ETA: 4.5h
  Sample 20500/60000 (34.2%) (label=3) | Elapsed: 143.5m | Speed: 2.4 samples/s | ETA: 4.6h
  Sample 20600/60000 (34.3%) (label=4) | Elapsed: 144.2m | Speed: 2.4 samples/s | ETA: 4.5h
  Sample 20700/60000 (34.5%) (label=1) | Elapsed: 144.9m | Speed: 2.3 samples/s | ETA: 4.7h
  Sample 20800/60000 (34.7%) (label=5) | Elapsed: 145.6m | Speed: 2.4 samples/s | ETA: 4.5h
  Sample 20900/60000 (34.8%) (label=1) | Elapsed: 146.3m | Speed: 2.4 samples/s | ETA: 4.5h
  Sample 21000/60000 (35.0%) (label=4) | Elapsed: 147.0m | Speed: 2.4 samples/s | ETA: 4.6h
  Sample 21100/60000 (35.2%) (label=3) | Elapsed: 147.7m | Speed: 2.3 samples/s | ETA: 4.6h
  Sample 21200/60000 (35.3%) (label=0) | Elapsed: 148.4m | Speed: 2.4 samples/s | ETA: 4.5h
  Sample 21300/60000 (35.5%) (label=0) | Elapsed: 149.1m | Speed: 2.4 samples/s | ETA: 4.5h
  Sample 21400/60000 (35.7%) (label=8) | Elapsed: 149.8m | Speed: 2.3 samples/s | ETA: 4.7h
  Sample 21500/60000 (35.8%) (label=4) | Elapsed: 150.6m | Speed: 2.3 samples/s | ETA: 4.7h
  Sample 21600/60000 (36.0%) (label=6) | Elapsed: 151.3m | Speed: 2.4 samples/s | ETA: 4.5h
  Sample 21700/60000 (36.2%) (label=1) | Elapsed: 151.9m | Speed: 2.5 samples/s | ETA: 4.3h
  Sample 21800/60000 (36.3%) (label=5) | Elapsed: 152.6m | Speed: 2.4 samples/s | ETA: 4.4h
  Sample 21900/60000 (36.5%) (label=1) | Elapsed: 153.4m | Speed: 2.3 samples/s | ETA: 4.7h
  Sample 22000/60000 (36.7%) (label=4) | Elapsed: 154.1m | Speed: 2.3 samples/s | ETA: 4.6h
  Sample 22100/60000 (36.8%) (label=8) | Elapsed: 154.8m | Speed: 2.3 samples/s | ETA: 4.5h
  Sample 22200/60000 (37.0%) (label=2) | Elapsed: 155.5m | Speed: 2.4 samples/s | ETA: 4.4h
  Sample 22300/60000 (37.2%) (label=9) | Elapsed: 156.2m | Speed: 2.4 samples/s | ETA: 4.4h
  Sample 22400/60000 (37.3%) (label=7) | Elapsed: 156.9m | Speed: 2.4 samples/s | ETA: 4.4h
  Sample 22500/60000 (37.5%) (label=8) | Elapsed: 157.6m | Speed: 2.3 samples/s | ETA: 4.5h
  Sample 22600/60000 (37.7%) (label=5) | Elapsed: 158.3m | Speed: 2.4 samples/s | ETA: 4.4h
  Sample 22700/60000 (37.8%) (label=4) | Elapsed: 159.0m | Speed: 2.4 samples/s | ETA: 4.4h
  Sample 22800/60000 (38.0%) (label=9) | Elapsed: 159.8m | Speed: 2.3 samples/s | ETA: 4.4h
  Sample 22900/60000 (38.2%) (label=1) | Elapsed: 160.5m | Speed: 2.2 samples/s | ETA: 4.6h
  Sample 23000/60000 (38.3%) (label=3) | Elapsed: 161.2m | Speed: 2.4 samples/s | ETA: 4.3h
  Sample 23100/60000 (38.5%) (label=2) | Elapsed: 161.9m | Speed: 2.3 samples/s | ETA: 4.4h
  Sample 23200/60000 (38.7%) (label=4) | Elapsed: 162.6m | Speed: 2.3 samples/s | ETA: 4.4h
  Sample 23300/60000 (38.8%) (label=4) | Elapsed: 163.3m | Speed: 2.4 samples/s | ETA: 4.3h
  Sample 23400/60000 (39.0%) (label=1) | Elapsed: 164.0m | Speed: 2.3 samples/s | ETA: 4.4h
  Sample 23500/60000 (39.2%) (label=0) | Elapsed: 164.7m | Speed: 2.3 samples/s | ETA: 4.3h
  Sample 23600/60000 (39.3%) (label=4) | Elapsed: 165.4m | Speed: 2.4 samples/s | ETA: 4.2h
  Sample 23700/60000 (39.5%) (label=6) | Elapsed: 166.1m | Speed: 2.4 samples/s | ETA: 4.2h
  Sample 23800/60000 (39.7%) (label=3) | Elapsed: 166.8m | Speed: 2.4 samples/s | ETA: 4.2h
  Sample 23900/60000 (39.8%) (label=8) | Elapsed: 167.6m | Speed: 2.2 samples/s | ETA: 4.5h
  Sample 24000/60000 (40.0%) (label=4) | Elapsed: 168.3m | Speed: 2.4 samples/s | ETA: 4.2h
  Sample 24100/60000 (40.2%) (label=3) | Elapsed: 169.0m | Speed: 2.4 samples/s | ETA: 4.1h
  Sample 24200/60000 (40.3%) (label=9) | Elapsed: 169.7m | Speed: 2.4 samples/s | ETA: 4.1h
  Sample 24300/60000 (40.5%) (label=3) | Elapsed: 170.4m | Speed: 2.3 samples/s | ETA: 4.2h
  Sample 24400/60000 (40.7%) (label=0) | Elapsed: 171.1m | Speed: 2.4 samples/s | ETA: 4.1h
  Sample 24500/60000 (40.8%) (label=9) | Elapsed: 171.7m | Speed: 2.5 samples/s | ETA: 4.0h
  Sample 24600/60000 (41.0%) (label=7) | Elapsed: 172.4m | Speed: 2.4 samples/s | ETA: 4.0h
  Sample 24700/60000 (41.2%) (label=7) | Elapsed: 173.1m | Speed: 2.4 samples/s | ETA: 4.1h
  Sample 24800/60000 (41.3%) (label=5) | Elapsed: 173.8m | Speed: 2.5 samples/s | ETA: 3.9h
  Sample 24900/60000 (41.5%) (label=3) | Elapsed: 174.4m | Speed: 2.5 samples/s | ETA: 3.9h
  Sample 25000/60000 (41.7%) (label=9) | Elapsed: 175.1m | Speed: 2.5 samples/s | ETA: 3.9h
  Sample 25100/60000 (41.8%) (label=9) | Elapsed: 175.8m | Speed: 2.4 samples/s | ETA: 4.1h
  Sample 25200/60000 (42.0%) (label=0) | Elapsed: 176.5m | Speed: 2.4 samples/s | ETA: 4.0h
  Sample 25300/60000 (42.2%) (label=7) | Elapsed: 177.2m | Speed: 2.4 samples/s | ETA: 4.1h
  Sample 25400/60000 (42.3%) (label=0) | Elapsed: 177.9m | Speed: 2.3 samples/s | ETA: 4.2h
  Sample 25500/60000 (42.5%) (label=6) | Elapsed: 178.6m | Speed: 2.4 samples/s | ETA: 3.9h
  Sample 25600/60000 (42.7%) (label=6) | Elapsed: 179.3m | Speed: 2.3 samples/s | ETA: 4.1h
  Sample 25700/60000 (42.8%) (label=9) | Elapsed: 180.0m | Speed: 2.4 samples/s | ETA: 3.9h
  Sample 25800/60000 (43.0%) (label=8) | Elapsed: 180.7m | Speed: 2.4 samples/s | ETA: 3.9h
  Sample 25900/60000 (43.2%) (label=1) | Elapsed: 181.4m | Speed: 2.4 samples/s | ETA: 3.9h
  Sample 26000/60000 (43.3%) (label=6) | Elapsed: 182.1m | Speed: 2.4 samples/s | ETA: 4.0h
  Sample 26100/60000 (43.5%) (label=1) | Elapsed: 182.8m | Speed: 2.3 samples/s | ETA: 4.0h
  Sample 26200/60000 (43.7%) (label=9) | Elapsed: 183.5m | Speed: 2.4 samples/s | ETA: 3.9h
  Sample 26300/60000 (43.8%) (label=6) | Elapsed: 184.2m | Speed: 2.4 samples/s | ETA: 4.0h
  Sample 26400/60000 (44.0%) (label=3) | Elapsed: 184.9m | Speed: 2.4 samples/s | ETA: 3.8h
  Sample 26500/60000 (44.2%) (label=7) | Elapsed: 185.6m | Speed: 2.4 samples/s | ETA: 3.8h
  Sample 26600/60000 (44.3%) (label=4) | Elapsed: 186.3m | Speed: 2.4 samples/s | ETA: 3.8h
  Sample 26700/60000 (44.5%) (label=7) | Elapsed: 187.0m | Speed: 2.3 samples/s | ETA: 3.9h
  Sample 26800/60000 (44.7%) (label=0) | Elapsed: 187.7m | Speed: 2.3 samples/s | ETA: 3.9h
  Sample 26900/60000 (44.8%) (label=2) | Elapsed: 188.4m | Speed: 2.3 samples/s | ETA: 3.9h
  Sample 27000/60000 (45.0%) (label=0) | Elapsed: 189.1m | Speed: 2.4 samples/s | ETA: 3.8h
  Sample 27100/60000 (45.2%) (label=5) | Elapsed: 189.8m | Speed: 2.4 samples/s | ETA: 3.8h
  Sample 27200/60000 (45.3%) (label=7) | Elapsed: 190.5m | Speed: 2.4 samples/s | ETA: 3.8h
  Sample 27300/60000 (45.5%) (label=8) | Elapsed: 191.2m | Speed: 2.4 samples/s | ETA: 3.8h
  Sample 27400/60000 (45.7%) (label=8) | Elapsed: 191.9m | Speed: 2.4 samples/s | ETA: 3.8h
  Sample 27500/60000 (45.8%) (label=5) | Elapsed: 192.6m | Speed: 2.4 samples/s | ETA: 3.8h
  Sample 27600/60000 (46.0%) (label=8) | Elapsed: 193.3m | Speed: 2.3 samples/s | ETA: 3.9h
  Sample 27700/60000 (46.2%) (label=5) | Elapsed: 194.0m | Speed: 2.3 samples/s | ETA: 3.8h
  Sample 27800/60000 (46.3%) (label=6) | Elapsed: 194.7m | Speed: 2.4 samples/s | ETA: 3.7h
  Sample 27900/60000 (46.5%) (label=3) | Elapsed: 195.4m | Speed: 2.4 samples/s | ETA: 3.8h
  Sample 28000/60000 (46.7%) (label=8) | Elapsed: 196.2m | Speed: 2.3 samples/s | ETA: 3.9h
  Sample 28100/60000 (46.8%) (label=1) | Elapsed: 196.9m | Speed: 2.3 samples/s | ETA: 3.9h
  Sample 28200/60000 (47.0%) (label=3) | Elapsed: 197.6m | Speed: 2.3 samples/s | ETA: 3.8h
  Sample 28300/60000 (47.2%) (label=3) | Elapsed: 198.3m | Speed: 2.3 samples/s | ETA: 3.8h
  Sample 28400/60000 (47.3%) (label=7) | Elapsed: 199.0m | Speed: 2.4 samples/s | ETA: 3.7h
  Sample 28500/60000 (47.5%) (label=3) | Elapsed: 199.8m | Speed: 2.3 samples/s | ETA: 3.8h
  Sample 28600/60000 (47.7%) (label=4) | Elapsed: 200.5m | Speed: 2.3 samples/s | ETA: 3.8h
  Sample 28700/60000 (47.8%) (label=8) | Elapsed: 201.2m | Speed: 2.3 samples/s | ETA: 3.7h
  Sample 28800/60000 (48.0%) (label=4) | Elapsed: 201.9m | Speed: 2.4 samples/s | ETA: 3.7h
  Sample 28900/60000 (48.2%) (label=5) | Elapsed: 202.6m | Speed: 2.4 samples/s | ETA: 3.6h
  Sample 29000/60000 (48.3%) (label=8) | Elapsed: 203.3m | Speed: 2.4 samples/s | ETA: 3.7h
  Sample 29100/60000 (48.5%) (label=7) | Elapsed: 204.0m | Speed: 2.4 samples/s | ETA: 3.6h
  Sample 29200/60000 (48.7%) (label=0) | Elapsed: 204.7m | Speed: 2.4 samples/s | ETA: 3.6h
  Sample 29300/60000 (48.8%) (label=8) | Elapsed: 205.4m | Speed: 2.4 samples/s | ETA: 3.6h
  Sample 29400/60000 (49.0%) (label=6) | Elapsed: 206.1m | Speed: 2.3 samples/s | ETA: 3.6h
  Sample 29500/60000 (49.2%) (label=1) | Elapsed: 206.8m | Speed: 2.4 samples/s | ETA: 3.6h
  Sample 29600/60000 (49.3%) (label=0) | Elapsed: 207.5m | Speed: 2.4 samples/s | ETA: 3.5h
  Sample 29700/60000 (49.5%) (label=2) | Elapsed: 208.2m | Speed: 2.4 samples/s | ETA: 3.5h
  Sample 29800/60000 (49.7%) (label=7) | Elapsed: 208.9m | Speed: 2.3 samples/s | ETA: 3.6h
  Sample 29900/60000 (49.8%) (label=3) | Elapsed: 209.6m | Speed: 2.3 samples/s | ETA: 3.6h
  Sample 30000/60000 (50.0%) (label=1) | Elapsed: 210.3m | Speed: 2.3 samples/s | ETA: 3.6h
  Sample 30100/60000 (50.2%) (label=9) | Elapsed: 211.1m | Speed: 2.3 samples/s | ETA: 3.6h
  Sample 30200/60000 (50.3%) (label=6) | Elapsed: 211.8m | Speed: 2.4 samples/s | ETA: 3.5h
  Sample 30300/60000 (50.5%) (label=1) | Elapsed: 212.5m | Speed: 2.4 samples/s | ETA: 3.5h
  Sample 30400/60000 (50.7%) (label=5) | Elapsed: 213.2m | Speed: 2.3 samples/s | ETA: 3.5h
  Sample 30500/60000 (50.8%) (label=5) | Elapsed: 213.9m | Speed: 2.4 samples/s | ETA: 3.4h
  Sample 30600/60000 (51.0%) (label=7) | Elapsed: 214.6m | Speed: 2.4 samples/s | ETA: 3.4h
  Sample 30700/60000 (51.2%) (label=0) | Elapsed: 215.3m | Speed: 2.4 samples/s | ETA: 3.3h
  Sample 30800/60000 (51.3%) (label=6) | Elapsed: 215.9m | Speed: 2.5 samples/s | ETA: 3.3h
  Sample 30900/60000 (51.5%) (label=9) | Elapsed: 216.6m | Speed: 2.4 samples/s | ETA: 3.4h
  Sample 31000/60000 (51.7%) (label=8) | Elapsed: 217.3m | Speed: 2.4 samples/s | ETA: 3.4h
  Sample 31100/60000 (51.8%) (label=5) | Elapsed: 218.0m | Speed: 2.4 samples/s | ETA: 3.3h
  Sample 31200/60000 (52.0%) (label=0) | Elapsed: 218.7m | Speed: 2.5 samples/s | ETA: 3.2h
  Sample 31300/60000 (52.2%) (label=9) | Elapsed: 219.4m | Speed: 2.5 samples/s | ETA: 3.3h
  Sample 31400/60000 (52.3%) (label=8) | Elapsed: 220.0m | Speed: 2.5 samples/s | ETA: 3.2h
  Sample 31500/60000 (52.5%) (label=5) | Elapsed: 220.7m | Speed: 2.5 samples/s | ETA: 3.2h
  Sample 31600/60000 (52.7%) (label=8) | Elapsed: 221.4m | Speed: 2.5 samples/s | ETA: 3.2h
  Sample 31700/60000 (52.8%) (label=7) | Elapsed: 222.1m | Speed: 2.4 samples/s | ETA: 3.3h
  Sample 31800/60000 (53.0%) (label=7) | Elapsed: 222.8m | Speed: 2.3 samples/s | ETA: 3.3h
  Sample 31900/60000 (53.2%) (label=7) | Elapsed: 223.5m | Speed: 2.4 samples/s | ETA: 3.2h
  Sample 32000/60000 (53.3%) (label=5) | Elapsed: 224.2m | Speed: 2.4 samples/s | ETA: 3.3h
  Sample 32100/60000 (53.5%) (label=7) | Elapsed: 224.9m | Speed: 2.4 samples/s | ETA: 3.3h
  Sample 32200/60000 (53.7%) (label=8) | Elapsed: 225.6m | Speed: 2.4 samples/s | ETA: 3.2h
  Sample 32300/60000 (53.8%) (label=3) | Elapsed: 226.3m | Speed: 2.5 samples/s | ETA: 3.1h
  Sample 32400/60000 (54.0%) (label=0) | Elapsed: 227.0m | Speed: 2.4 samples/s | ETA: 3.2h
  Sample 32500/60000 (54.2%) (label=4) | Elapsed: 227.7m | Speed: 2.4 samples/s | ETA: 3.2h
  Sample 32600/60000 (54.3%) (label=7) | Elapsed: 228.3m | Speed: 2.5 samples/s | ETA: 3.1h
  Sample 32700/60000 (54.5%) (label=5) | Elapsed: 229.0m | Speed: 2.4 samples/s | ETA: 3.1h
  Sample 32800/60000 (54.7%) (label=3) | Elapsed: 229.7m | Speed: 2.5 samples/s | ETA: 3.1h
  Sample 32900/60000 (54.8%) (label=0) | Elapsed: 230.4m | Speed: 2.5 samples/s | ETA: 3.1h
  Sample 33000/60000 (55.0%) (label=6) | Elapsed: 231.1m | Speed: 2.4 samples/s | ETA: 3.1h
  Sample 33100/60000 (55.2%) (label=3) | Elapsed: 231.8m | Speed: 2.4 samples/s | ETA: 3.2h
  Sample 33200/60000 (55.3%) (label=9) | Elapsed: 232.5m | Speed: 2.4 samples/s | ETA: 3.1h
  Sample 33300/60000 (55.5%) (label=3) | Elapsed: 233.1m | Speed: 2.5 samples/s | ETA: 3.0h
  Sample 33400/60000 (55.7%) (label=3) | Elapsed: 233.8m | Speed: 2.4 samples/s | ETA: 3.1h
  Sample 33500/60000 (55.8%) (label=7) | Elapsed: 234.6m | Speed: 2.3 samples/s | ETA: 3.2h
  Sample 33600/60000 (56.0%) (label=9) | Elapsed: 235.3m | Speed: 2.4 samples/s | ETA: 3.1h
  Sample 33700/60000 (56.2%) (label=9) | Elapsed: 236.0m | Speed: 2.4 samples/s | ETA: 3.1h
  Sample 33800/60000 (56.3%) (label=1) | Elapsed: 236.7m | Speed: 2.4 samples/s | ETA: 3.0h
  Sample 33900/60000 (56.5%) (label=9) | Elapsed: 237.4m | Speed: 2.4 samples/s | ETA: 3.0h
  Sample 34000/60000 (56.7%) (label=9) | Elapsed: 238.1m | Speed: 2.3 samples/s | ETA: 3.1h
  Sample 34100/60000 (56.8%) (label=0) | Elapsed: 238.8m | Speed: 2.4 samples/s | ETA: 3.0h
  Sample 34200/60000 (57.0%) (label=1) | Elapsed: 239.4m | Speed: 2.5 samples/s | ETA: 2.9h
  Sample 34300/60000 (57.2%) (label=5) | Elapsed: 240.1m | Speed: 2.4 samples/s | ETA: 2.9h
  Sample 34400/60000 (57.3%) (label=9) | Elapsed: 240.8m | Speed: 2.5 samples/s | ETA: 2.9h
  Sample 34500/60000 (57.5%) (label=6) | Elapsed: 241.5m | Speed: 2.4 samples/s | ETA: 3.0h
  Sample 34600/60000 (57.7%) (label=7) | Elapsed: 242.2m | Speed: 2.4 samples/s | ETA: 3.0h
  Sample 34700/60000 (57.8%) (label=0) | Elapsed: 242.9m | Speed: 2.4 samples/s | ETA: 2.9h
  Sample 34800/60000 (58.0%) (label=2) | Elapsed: 243.6m | Speed: 2.4 samples/s | ETA: 3.0h
  Sample 34900/60000 (58.2%) (label=7) | Elapsed: 244.3m | Speed: 2.4 samples/s | ETA: 2.9h
  Sample 35000/60000 (58.3%) (label=0) | Elapsed: 245.0m | Speed: 2.4 samples/s | ETA: 2.9h
  Sample 35100/60000 (58.5%) (label=6) | Elapsed: 245.7m | Speed: 2.3 samples/s | ETA: 3.0h
  Sample 35200/60000 (58.7%) (label=7) | Elapsed: 246.4m | Speed: 2.5 samples/s | ETA: 2.8h
  Sample 35300/60000 (58.8%) (label=1) | Elapsed: 247.1m | Speed: 2.4 samples/s | ETA: 2.9h
  Sample 35400/60000 (59.0%) (label=1) | Elapsed: 247.8m | Speed: 2.3 samples/s | ETA: 2.9h
  Sample 35500/60000 (59.2%) (label=7) | Elapsed: 248.5m | Speed: 2.4 samples/s | ETA: 2.9h
  Sample 35600/60000 (59.3%) (label=2) | Elapsed: 249.2m | Speed: 2.2 samples/s | ETA: 3.1h
  Sample 35700/60000 (59.5%) (label=1) | Elapsed: 250.0m | Speed: 2.2 samples/s | ETA: 3.0h
  Sample 35800/60000 (59.7%) (label=5) | Elapsed: 250.7m | Speed: 2.4 samples/s | ETA: 2.8h
  Sample 35900/60000 (59.8%) (label=7) | Elapsed: 251.4m | Speed: 2.4 samples/s | ETA: 2.7h
  Sample 36000/60000 (60.0%) (label=0) | Elapsed: 252.1m | Speed: 2.4 samples/s | ETA: 2.8h
  Sample 36100/60000 (60.2%) (label=8) | Elapsed: 252.8m | Speed: 2.4 samples/s | ETA: 2.8h
  Sample 36200/60000 (60.3%) (label=8) | Elapsed: 253.5m | Speed: 2.3 samples/s | ETA: 2.8h
  Sample 36300/60000 (60.5%) (label=8) | Elapsed: 254.2m | Speed: 2.3 samples/s | ETA: 2.8h
  Sample 36400/60000 (60.7%) (label=4) | Elapsed: 254.9m | Speed: 2.3 samples/s | ETA: 2.8h
  Sample 36500/60000 (60.8%) (label=9) | Elapsed: 255.6m | Speed: 2.4 samples/s | ETA: 2.8h
  Sample 36600/60000 (61.0%) (label=5) | Elapsed: 256.3m | Speed: 2.4 samples/s | ETA: 2.7h
  Sample 36700/60000 (61.2%) (label=6) | Elapsed: 257.0m | Speed: 2.4 samples/s | ETA: 2.7h
  Sample 36800/60000 (61.3%) (label=7) | Elapsed: 257.7m | Speed: 2.4 samples/s | ETA: 2.7h
  Sample 36900/60000 (61.5%) (label=3) | Elapsed: 258.4m | Speed: 2.4 samples/s | ETA: 2.7h
  Sample 37000/60000 (61.7%) (label=5) | Elapsed: 259.1m | Speed: 2.5 samples/s | ETA: 2.6h
  Sample 37100/60000 (61.8%) (label=0) | Elapsed: 259.8m | Speed: 2.4 samples/s | ETA: 2.7h
  Sample 37200/60000 (62.0%) (label=2) | Elapsed: 260.5m | Speed: 2.5 samples/s | ETA: 2.6h
  Sample 37300/60000 (62.2%) (label=8) | Elapsed: 261.2m | Speed: 2.3 samples/s | ETA: 2.7h
  Sample 37400/60000 (62.3%) (label=7) | Elapsed: 261.9m | Speed: 2.3 samples/s | ETA: 2.7h
  Sample 37500/60000 (62.5%) (label=1) | Elapsed: 262.6m | Speed: 2.4 samples/s | ETA: 2.6h
  Sample 37600/60000 (62.7%) (label=6) | Elapsed: 263.3m | Speed: 2.5 samples/s | ETA: 2.5h
  Sample 37700/60000 (62.8%) (label=5) | Elapsed: 263.9m | Speed: 2.4 samples/s | ETA: 2.5h
  Sample 37800/60000 (63.0%) (label=4) | Elapsed: 264.6m | Speed: 2.4 samples/s | ETA: 2.6h
  Sample 37900/60000 (63.2%) (label=4) | Elapsed: 265.3m | Speed: 2.4 samples/s | ETA: 2.5h
  Sample 38000/60000 (63.3%) (label=7) | Elapsed: 266.0m | Speed: 2.4 samples/s | ETA: 2.6h
  Sample 38100/60000 (63.5%) (label=0) | Elapsed: 266.7m | Speed: 2.5 samples/s | ETA: 2.5h
  Sample 38200/60000 (63.7%) (label=3) | Elapsed: 267.4m | Speed: 2.4 samples/s | ETA: 2.5h
  Sample 38300/60000 (63.8%) (label=6) | Elapsed: 268.1m | Speed: 2.5 samples/s | ETA: 2.4h
  Sample 38400/60000 (64.0%) (label=3) | Elapsed: 268.8m | Speed: 2.5 samples/s | ETA: 2.4h
  Sample 38500/60000 (64.2%) (label=1) | Elapsed: 269.4m | Speed: 2.5 samples/s | ETA: 2.4h
  Sample 38600/60000 (64.3%) (label=0) | Elapsed: 270.1m | Speed: 2.4 samples/s | ETA: 2.5h
  Sample 38700/60000 (64.5%) (label=6) | Elapsed: 270.8m | Speed: 2.4 samples/s | ETA: 2.4h
  Sample 38800/60000 (64.7%) (label=8) | Elapsed: 271.5m | Speed: 2.4 samples/s | ETA: 2.4h
  Sample 38900/60000 (64.8%) (label=9) | Elapsed: 272.2m | Speed: 2.4 samples/s | ETA: 2.5h
  Sample 39000/60000 (65.0%) (label=9) | Elapsed: 272.9m | Speed: 2.4 samples/s | ETA: 2.4h
  Sample 39100/60000 (65.2%) (label=3) | Elapsed: 273.6m | Speed: 2.3 samples/s | ETA: 2.5h
  Sample 39200/60000 (65.3%) (label=9) | Elapsed: 274.3m | Speed: 2.4 samples/s | ETA: 2.5h
  Sample 39300/60000 (65.5%) (label=2) | Elapsed: 275.0m | Speed: 2.4 samples/s | ETA: 2.4h
  Sample 39400/60000 (65.7%) (label=7) | Elapsed: 275.7m | Speed: 2.3 samples/s | ETA: 2.5h
  Sample 39500/60000 (65.8%) (label=8) | Elapsed: 276.4m | Speed: 2.4 samples/s | ETA: 2.4h
  Sample 39600/60000 (66.0%) (label=8) | Elapsed: 277.2m | Speed: 2.4 samples/s | ETA: 2.4h
  Sample 39700/60000 (66.2%) (label=1) | Elapsed: 277.9m | Speed: 2.4 samples/s | ETA: 2.4h
  Sample 39800/60000 (66.3%) (label=4) | Elapsed: 278.6m | Speed: 2.4 samples/s | ETA: 2.3h
  Sample 39900/60000 (66.5%) (label=2) | Elapsed: 279.2m | Speed: 2.4 samples/s | ETA: 2.3h
  Sample 40000/60000 (66.7%) (label=5) | Elapsed: 279.9m | Speed: 2.4 samples/s | ETA: 2.3h
  Sample 40100/60000 (66.8%) (label=0) | Elapsed: 280.7m | Speed: 2.3 samples/s | ETA: 2.4h
  Sample 40200/60000 (67.0%) (label=0) | Elapsed: 281.4m | Speed: 2.3 samples/s | ETA: 2.4h
  Sample 40300/60000 (67.2%) (label=4) | Elapsed: 282.1m | Speed: 2.3 samples/s | ETA: 2.4h
  Sample 40400/60000 (67.3%) (label=1) | Elapsed: 282.8m | Speed: 2.4 samples/s | ETA: 2.3h
  Sample 40500/60000 (67.5%) (label=9) | Elapsed: 283.5m | Speed: 2.3 samples/s | ETA: 2.3h
  Sample 40600/60000 (67.7%) (label=5) | Elapsed: 284.2m | Speed: 2.4 samples/s | ETA: 2.2h
  Sample 40700/60000 (67.8%) (label=2) | Elapsed: 284.9m | Speed: 2.4 samples/s | ETA: 2.2h
  Sample 40800/60000 (68.0%) (label=9) | Elapsed: 285.6m | Speed: 2.4 samples/s | ETA: 2.2h
  Sample 40900/60000 (68.2%) (label=2) | Elapsed: 286.3m | Speed: 2.4 samples/s | ETA: 2.2h
  Sample 41000/60000 (68.3%) (label=1) | Elapsed: 287.0m | Speed: 2.4 samples/s | ETA: 2.2h
  Sample 41100/60000 (68.5%) (label=7) | Elapsed: 287.6m | Speed: 2.4 samples/s | ETA: 2.2h
  Sample 41200/60000 (68.7%) (label=9) | Elapsed: 288.3m | Speed: 2.4 samples/s | ETA: 2.1h
  Sample 41300/60000 (68.8%) (label=3) | Elapsed: 289.0m | Speed: 2.3 samples/s | ETA: 2.2h
  Sample 41400/60000 (69.0%) (label=2) | Elapsed: 289.8m | Speed: 2.2 samples/s | ETA: 2.3h
  Sample 41500/60000 (69.2%) (label=4) | Elapsed: 290.5m | Speed: 2.4 samples/s | ETA: 2.1h
  Sample 41600/60000 (69.3%) (label=9) | Elapsed: 291.2m | Speed: 2.4 samples/s | ETA: 2.2h
  Sample 41700/60000 (69.5%) (label=8) | Elapsed: 291.9m | Speed: 2.4 samples/s | ETA: 2.1h
  Sample 41800/60000 (69.7%) (label=1) | Elapsed: 292.6m | Speed: 2.4 samples/s | ETA: 2.1h
  Sample 41900/60000 (69.8%) (label=6) | Elapsed: 293.3m | Speed: 2.4 samples/s | ETA: 2.1h
  Sample 42000/60000 (70.0%) (label=0) | Elapsed: 294.0m | Speed: 2.3 samples/s | ETA: 2.2h
  Sample 42100/60000 (70.2%) (label=4) | Elapsed: 294.7m | Speed: 2.4 samples/s | ETA: 2.1h
  Sample 42200/60000 (70.3%) (label=3) | Elapsed: 295.4m | Speed: 2.4 samples/s | ETA: 2.1h
  Sample 42300/60000 (70.5%) (label=8) | Elapsed: 296.1m | Speed: 2.3 samples/s | ETA: 2.1h
  Sample 42400/60000 (70.7%) (label=4) | Elapsed: 296.8m | Speed: 2.3 samples/s | ETA: 2.1h
  Sample 42500/60000 (70.8%) (label=0) | Elapsed: 297.5m | Speed: 2.4 samples/s | ETA: 2.0h
  Sample 42600/60000 (71.0%) (label=0) | Elapsed: 298.2m | Speed: 2.4 samples/s | ETA: 2.0h
  Sample 42700/60000 (71.2%) (label=8) | Elapsed: 298.9m | Speed: 2.4 samples/s | ETA: 2.0h
  Sample 42800/60000 (71.3%) (label=2) | Elapsed: 299.6m | Speed: 2.4 samples/s | ETA: 2.0h
  Sample 42900/60000 (71.5%) (label=1) | Elapsed: 300.3m | Speed: 2.4 samples/s | ETA: 2.0h
  Sample 43000/60000 (71.7%) (label=1) | Elapsed: 301.0m | Speed: 2.4 samples/s | ETA: 1.9h
  Sample 43100/60000 (71.8%) (label=8) | Elapsed: 301.7m | Speed: 2.3 samples/s | ETA: 2.0h
  Sample 43200/60000 (72.0%) (label=5) | Elapsed: 302.4m | Speed: 2.4 samples/s | ETA: 2.0h
  Sample 43300/60000 (72.2%) (label=8) | Elapsed: 303.1m | Speed: 2.5 samples/s | ETA: 1.9h
  Sample 43400/60000 (72.3%) (label=6) | Elapsed: 303.8m | Speed: 2.3 samples/s | ETA: 2.0h
  Sample 43500/60000 (72.5%) (label=9) | Elapsed: 304.5m | Speed: 2.4 samples/s | ETA: 1.9h
  Sample 43600/60000 (72.7%) (label=3) | Elapsed: 305.2m | Speed: 2.4 samples/s | ETA: 1.9h
  Sample 43700/60000 (72.8%) (label=5) | Elapsed: 306.0m | Speed: 2.2 samples/s | ETA: 2.0h
  Sample 43800/60000 (73.0%) (label=5) | Elapsed: 306.7m | Speed: 2.4 samples/s | ETA: 1.9h
  Sample 43900/60000 (73.2%) (label=2) | Elapsed: 307.3m | Speed: 2.4 samples/s | ETA: 1.8h
  Sample 44000/60000 (73.3%) (label=9) | Elapsed: 308.1m | Speed: 2.3 samples/s | ETA: 1.9h
  Sample 44100/60000 (73.5%) (label=5) | Elapsed: 308.8m | Speed: 2.4 samples/s | ETA: 1.9h
  Sample 44200/60000 (73.7%) (label=0) | Elapsed: 309.5m | Speed: 2.4 samples/s | ETA: 1.9h
  Sample 44300/60000 (73.8%) (label=8) | Elapsed: 310.2m | Speed: 2.4 samples/s | ETA: 1.8h
  Sample 44400/60000 (74.0%) (label=0) | Elapsed: 310.9m | Speed: 2.3 samples/s | ETA: 1.9h
  Sample 44500/60000 (74.2%) (label=4) | Elapsed: 311.6m | Speed: 2.4 samples/s | ETA: 1.8h
  Sample 44600/60000 (74.3%) (label=0) | Elapsed: 312.3m | Speed: 2.4 samples/s | ETA: 1.8h
  Sample 44700/60000 (74.5%) (label=8) | Elapsed: 313.0m | Speed: 2.4 samples/s | ETA: 1.7h
  Sample 44800/60000 (74.7%) (label=3) | Elapsed: 313.7m | Speed: 2.4 samples/s | ETA: 1.8h
  Sample 44900/60000 (74.8%) (label=1) | Elapsed: 314.4m | Speed: 2.4 samples/s | ETA: 1.8h
  Sample 45000/60000 (75.0%) (label=5) | Elapsed: 315.1m | Speed: 2.3 samples/s | ETA: 1.9h
  Sample 45100/60000 (75.2%) (label=2) | Elapsed: 315.9m | Speed: 2.2 samples/s | ETA: 1.8h
  Sample 45200/60000 (75.3%) (label=8) | Elapsed: 316.6m | Speed: 2.2 samples/s | ETA: 1.8h
  Sample 45300/60000 (75.5%) (label=4) | Elapsed: 317.3m | Speed: 2.3 samples/s | ETA: 1.8h
  Sample 45400/60000 (75.7%) (label=8) | Elapsed: 318.0m | Speed: 2.3 samples/s | ETA: 1.7h
  Sample 45500/60000 (75.8%) (label=1) | Elapsed: 318.8m | Speed: 2.3 samples/s | ETA: 1.7h
  Sample 45600/60000 (76.0%) (label=3) | Elapsed: 319.5m | Speed: 2.4 samples/s | ETA: 1.7h
  Sample 45700/60000 (76.2%) (label=3) | Elapsed: 320.2m | Speed: 2.4 samples/s | ETA: 1.7h
  Sample 45800/60000 (76.3%) (label=2) | Elapsed: 320.8m | Speed: 2.4 samples/s | ETA: 1.6h
  Sample 45900/60000 (76.5%) (label=5) | Elapsed: 321.5m | Speed: 2.4 samples/s | ETA: 1.6h
  Sample 46000/60000 (76.7%) (label=1) | Elapsed: 322.2m | Speed: 2.4 samples/s | ETA: 1.6h
  Sample 46100/60000 (76.8%) (label=8) | Elapsed: 322.9m | Speed: 2.4 samples/s | ETA: 1.6h
  Sample 46200/60000 (77.0%) (label=1) | Elapsed: 323.6m | Speed: 2.4 samples/s | ETA: 1.6h
  Sample 46300/60000 (77.2%) (label=8) | Elapsed: 324.3m | Speed: 2.4 samples/s | ETA: 1.6h
  Sample 46400/60000 (77.3%) (label=8) | Elapsed: 325.1m | Speed: 2.3 samples/s | ETA: 1.6h
  Sample 46500/60000 (77.5%) (label=1) | Elapsed: 325.8m | Speed: 2.3 samples/s | ETA: 1.6h
  Sample 46600/60000 (77.7%) (label=5) | Elapsed: 326.5m | Speed: 2.4 samples/s | ETA: 1.6h
  Sample 46700/60000 (77.8%) (label=8) | Elapsed: 327.2m | Speed: 2.3 samples/s | ETA: 1.6h
  Sample 46800/60000 (78.0%) (label=7) | Elapsed: 327.9m | Speed: 2.3 samples/s | ETA: 1.6h
  Sample 46900/60000 (78.2%) (label=3) | Elapsed: 328.7m | Speed: 2.4 samples/s | ETA: 1.5h
  Sample 47000/60000 (78.3%) (label=5) | Elapsed: 329.4m | Speed: 2.3 samples/s | ETA: 1.6h
  Sample 47100/60000 (78.5%) (label=8) | Elapsed: 330.1m | Speed: 2.3 samples/s | ETA: 1.5h
  Sample 47200/60000 (78.7%) (label=2) | Elapsed: 330.8m | Speed: 2.4 samples/s | ETA: 1.5h
  Sample 47300/60000 (78.8%) (label=4) | Elapsed: 331.5m | Speed: 2.4 samples/s | ETA: 1.5h
  Sample 47400/60000 (79.0%) (label=7) | Elapsed: 332.1m | Speed: 2.4 samples/s | ETA: 1.4h
  Sample 47500/60000 (79.2%) (label=2) | Elapsed: 332.9m | Speed: 2.4 samples/s | ETA: 1.5h
  Sample 47600/60000 (79.3%) (label=0) | Elapsed: 333.6m | Speed: 2.3 samples/s | ETA: 1.5h
  Sample 47700/60000 (79.5%) (label=6) | Elapsed: 334.3m | Speed: 2.3 samples/s | ETA: 1.5h
  Sample 47800/60000 (79.7%) (label=1) | Elapsed: 335.0m | Speed: 2.4 samples/s | ETA: 1.4h
  Sample 47900/60000 (79.8%) (label=9) | Elapsed: 335.7m | Speed: 2.3 samples/s | ETA: 1.4h
  Sample 48000/60000 (80.0%) (label=2) | Elapsed: 336.4m | Speed: 2.4 samples/s | ETA: 1.4h
  Sample 48100/60000 (80.2%) (label=1) | Elapsed: 337.1m | Speed: 2.3 samples/s | ETA: 1.4h
  Sample 48200/60000 (80.3%) (label=6) | Elapsed: 337.8m | Speed: 2.4 samples/s | ETA: 1.4h
  Sample 48300/60000 (80.5%) (label=0) | Elapsed: 338.5m | Speed: 2.4 samples/s | ETA: 1.3h
  Sample 48400/60000 (80.7%) (label=4) | Elapsed: 339.2m | Speed: 2.3 samples/s | ETA: 1.4h
  Sample 48500/60000 (80.8%) (label=3) | Elapsed: 339.9m | Speed: 2.4 samples/s | ETA: 1.4h
  Sample 48600/60000 (81.0%) (label=3) | Elapsed: 340.6m | Speed: 2.3 samples/s | ETA: 1.4h
  Sample 48700/60000 (81.2%) (label=2) | Elapsed: 341.3m | Speed: 2.3 samples/s | ETA: 1.3h
  Sample 48800/60000 (81.3%) (label=2) | Elapsed: 342.0m | Speed: 2.4 samples/s | ETA: 1.3h
  Sample 48900/60000 (81.5%) (label=2) | Elapsed: 342.8m | Speed: 2.3 samples/s | ETA: 1.3h
  Sample 49000/60000 (81.7%) (label=6) | Elapsed: 343.5m | Speed: 2.3 samples/s | ETA: 1.3h
  Sample 49100/60000 (81.8%) (label=1) | Elapsed: 344.2m | Speed: 2.5 samples/s | ETA: 1.2h
  Sample 49200/60000 (82.0%) (label=0) | Elapsed: 344.9m | Speed: 2.3 samples/s | ETA: 1.3h
  Sample 49300/60000 (82.2%) (label=4) | Elapsed: 345.6m | Speed: 2.3 samples/s | ETA: 1.3h
  Sample 49400/60000 (82.3%) (label=7) | Elapsed: 346.3m | Speed: 2.4 samples/s | ETA: 1.2h
  Sample 49500/60000 (82.5%) (label=1) | Elapsed: 347.0m | Speed: 2.4 samples/s | ETA: 1.2h
  Sample 49600/60000 (82.7%) (label=9) | Elapsed: 347.7m | Speed: 2.5 samples/s | ETA: 1.2h
  Sample 49700/60000 (82.8%) (label=6) | Elapsed: 348.4m | Speed: 2.4 samples/s | ETA: 1.2h
  Sample 49800/60000 (83.0%) (label=7) | Elapsed: 349.0m | Speed: 2.4 samples/s | ETA: 1.2h
  Sample 49900/60000 (83.2%) (label=1) | Elapsed: 349.7m | Speed: 2.4 samples/s | ETA: 1.2h
  Sample 50000/60000 (83.3%) (label=8) | Elapsed: 350.4m | Speed: 2.4 samples/s | ETA: 1.2h
  Sample 50100/60000 (83.5%) (label=9) | Elapsed: 351.1m | Speed: 2.3 samples/s | ETA: 1.2h
  Sample 50200/60000 (83.7%) (label=6) | Elapsed: 351.9m | Speed: 2.3 samples/s | ETA: 1.2h
  Sample 50300/60000 (83.8%) (label=4) | Elapsed: 352.6m | Speed: 2.4 samples/s | ETA: 1.1h
  Sample 50400/60000 (84.0%) (label=5) | Elapsed: 353.3m | Speed: 2.4 samples/s | ETA: 1.1h
  Sample 50500/60000 (84.2%) (label=8) | Elapsed: 354.0m | Speed: 2.4 samples/s | ETA: 1.1h
  Sample 50600/60000 (84.3%) (label=4) | Elapsed: 354.7m | Speed: 2.4 samples/s | ETA: 1.1h
  Sample 50700/60000 (84.5%) (label=4) | Elapsed: 355.4m | Speed: 2.4 samples/s | ETA: 1.1h
  Sample 50800/60000 (84.7%) (label=1) | Elapsed: 356.1m | Speed: 2.4 samples/s | ETA: 1.1h
  Sample 50900/60000 (84.8%) (label=2) | Elapsed: 356.8m | Speed: 2.3 samples/s | ETA: 1.1h
  Sample 51000/60000 (85.0%) (label=7) | Elapsed: 357.5m | Speed: 2.5 samples/s | ETA: 1.0h
  Sample 51100/60000 (85.2%) (label=9) | Elapsed: 358.1m | Speed: 2.5 samples/s | ETA: 1.0h
  Sample 51200/60000 (85.3%) (label=4) | Elapsed: 358.8m | Speed: 2.3 samples/s | ETA: 1.0h
  Sample 51300/60000 (85.5%) (label=0) | Elapsed: 359.5m | Speed: 2.4 samples/s | ETA: 59.9m
  Sample 51400/60000 (85.7%) (label=2) | Elapsed: 360.2m | Speed: 2.4 samples/s | ETA: 59.7m
  Sample 51500/60000 (85.8%) (label=0) | Elapsed: 360.9m | Speed: 2.4 samples/s | ETA: 59.6m
  Sample 51600/60000 (86.0%) (label=2) | Elapsed: 361.6m | Speed: 2.4 samples/s | ETA: 58.4m
  Sample 51700/60000 (86.2%) (label=2) | Elapsed: 362.3m | Speed: 2.4 samples/s | ETA: 57.7m
  Sample 51800/60000 (86.3%) (label=3) | Elapsed: 363.0m | Speed: 2.4 samples/s | ETA: 56.5m
  Sample 51900/60000 (86.5%) (label=8) | Elapsed: 363.7m | Speed: 2.3 samples/s | ETA: 58.2m
  Sample 52000/60000 (86.7%) (label=0) | Elapsed: 364.4m | Speed: 2.4 samples/s | ETA: 54.9m
  Sample 52100/60000 (86.8%) (label=2) | Elapsed: 365.1m | Speed: 2.5 samples/s | ETA: 53.2m
  Sample 52200/60000 (87.0%) (label=7) | Elapsed: 365.8m | Speed: 2.3 samples/s | ETA: 55.7m
  Sample 52300/60000 (87.2%) (label=4) | Elapsed: 366.5m | Speed: 2.4 samples/s | ETA: 53.3m
  Sample 52400/60000 (87.3%) (label=5) | Elapsed: 367.2m | Speed: 2.3 samples/s | ETA: 55.5m
  Sample 52500/60000 (87.5%) (label=4) | Elapsed: 367.9m | Speed: 2.3 samples/s | ETA: 53.7m
  Sample 52600/60000 (87.7%) (label=0) | Elapsed: 368.6m | Speed: 2.4 samples/s | ETA: 51.5m
  Sample 52700/60000 (87.8%) (label=8) | Elapsed: 369.3m | Speed: 2.4 samples/s | ETA: 50.9m
  Sample 52800/60000 (88.0%) (label=0) | Elapsed: 370.0m | Speed: 2.4 samples/s | ETA: 50.0m
  Sample 52900/60000 (88.2%) (label=7) | Elapsed: 370.7m | Speed: 2.4 samples/s | ETA: 48.4m
  Sample 53000/60000 (88.3%) (label=5) | Elapsed: 371.4m | Speed: 2.4 samples/s | ETA: 49.4m
  Sample 53100/60000 (88.5%) (label=8) | Elapsed: 372.1m | Speed: 2.3 samples/s | ETA: 50.3m
  Sample 53200/60000 (88.7%) (label=1) | Elapsed: 372.8m | Speed: 2.5 samples/s | ETA: 46.1m
  Sample 53300/60000 (88.8%) (label=0) | Elapsed: 373.5m | Speed: 2.3 samples/s | ETA: 48.3m
  Sample 53400/60000 (89.0%) (label=0) | Elapsed: 374.2m | Speed: 2.4 samples/s | ETA: 46.5m
  Sample 53500/60000 (89.2%) (label=6) | Elapsed: 375.0m | Speed: 2.3 samples/s | ETA: 46.3m
  Sample 53600/60000 (89.3%) (label=1) | Elapsed: 375.7m | Speed: 2.4 samples/s | ETA: 44.4m
  Sample 53700/60000 (89.5%) (label=7) | Elapsed: 376.4m | Speed: 2.3 samples/s | ETA: 44.8m
  Sample 53800/60000 (89.7%) (label=2) | Elapsed: 377.1m | Speed: 2.4 samples/s | ETA: 43.4m
  Sample 53900/60000 (89.8%) (label=1) | Elapsed: 377.7m | Speed: 2.4 samples/s | ETA: 41.7m
  Sample 54000/60000 (90.0%) (label=8) | Elapsed: 378.4m | Speed: 2.4 samples/s | ETA: 41.9m
  Sample 54100/60000 (90.2%) (label=7) | Elapsed: 379.1m | Speed: 2.4 samples/s | ETA: 40.7m
  Sample 54200/60000 (90.3%) (label=3) | Elapsed: 379.8m | Speed: 2.4 samples/s | ETA: 41.0m
  Sample 54300/60000 (90.5%) (label=2) | Elapsed: 380.5m | Speed: 2.4 samples/s | ETA: 39.3m
  Sample 54400/60000 (90.7%) (label=4) | Elapsed: 381.2m | Speed: 2.4 samples/s | ETA: 39.5m
  Sample 54500/60000 (90.8%) (label=3) | Elapsed: 382.0m | Speed: 2.3 samples/s | ETA: 40.2m
  Sample 54600/60000 (91.0%) (label=9) | Elapsed: 382.7m | Speed: 2.3 samples/s | ETA: 38.4m
  Sample 54700/60000 (91.2%) (label=6) | Elapsed: 383.4m | Speed: 2.4 samples/s | ETA: 37.6m
  Sample 54800/60000 (91.3%) (label=6) | Elapsed: 384.1m | Speed: 2.3 samples/s | ETA: 37.4m
  Sample 54900/60000 (91.5%) (label=4) | Elapsed: 384.8m | Speed: 2.4 samples/s | ETA: 36.1m
  Sample 55000/60000 (91.7%) (label=0) | Elapsed: 385.5m | Speed: 2.3 samples/s | ETA: 36.2m
  Sample 55100/60000 (91.8%) (label=5) | Elapsed: 386.3m | Speed: 2.3 samples/s | ETA: 35.8m
  Sample 55200/60000 (92.0%) (label=2) | Elapsed: 387.0m | Speed: 2.4 samples/s | ETA: 33.5m
  Sample 55300/60000 (92.2%) (label=1) | Elapsed: 387.7m | Speed: 2.3 samples/s | ETA: 33.6m
  Sample 55400/60000 (92.3%) (label=2) | Elapsed: 388.4m | Speed: 2.3 samples/s | ETA: 32.6m
  Sample 55500/60000 (92.5%) (label=1) | Elapsed: 389.1m | Speed: 2.4 samples/s | ETA: 31.0m
  Sample 55600/60000 (92.7%) (label=9) | Elapsed: 389.8m | Speed: 2.3 samples/s | ETA: 31.7m
  Sample 55700/60000 (92.8%) (label=7) | Elapsed: 390.6m | Speed: 2.2 samples/s | ETA: 32.4m
  Sample 55800/60000 (93.0%) (label=7) | Elapsed: 391.3m | Speed: 2.3 samples/s | ETA: 30.2m
  Sample 55900/60000 (93.2%) (label=2) | Elapsed: 392.0m | Speed: 2.4 samples/s | ETA: 28.6m
  Sample 56000/60000 (93.3%) (label=3) | Elapsed: 392.7m | Speed: 2.4 samples/s | ETA: 27.5m
  Sample 56100/60000 (93.5%) (label=1) | Elapsed: 393.4m | Speed: 2.4 samples/s | ETA: 27.4m
  Sample 56200/60000 (93.7%) (label=9) | Elapsed: 394.1m | Speed: 2.2 samples/s | ETA: 28.7m
  Sample 56300/60000 (93.8%) (label=8) | Elapsed: 394.8m | Speed: 2.3 samples/s | ETA: 26.6m
  Sample 56400/60000 (94.0%) (label=6) | Elapsed: 395.5m | Speed: 2.4 samples/s | ETA: 25.5m
  Sample 56500/60000 (94.2%) (label=5) | Elapsed: 396.3m | Speed: 2.3 samples/s | ETA: 25.0m
  Sample 56600/60000 (94.3%) (label=9) | Elapsed: 397.0m | Speed: 2.3 samples/s | ETA: 24.1m
  Sample 56700/60000 (94.5%) (label=4) | Elapsed: 397.7m | Speed: 2.3 samples/s | ETA: 23.6m
  Sample 56800/60000 (94.7%) (label=4) | Elapsed: 398.4m | Speed: 2.3 samples/s | ETA: 23.4m
  Sample 56900/60000 (94.8%) (label=6) | Elapsed: 399.1m | Speed: 2.4 samples/s | ETA: 21.9m
  Sample 57000/60000 (95.0%) (label=5) | Elapsed: 399.8m | Speed: 2.3 samples/s | ETA: 21.3m
  Sample 57100/60000 (95.2%) (label=7) | Elapsed: 400.5m | Speed: 2.4 samples/s | ETA: 19.8m
  Sample 57200/60000 (95.3%) (label=3) | Elapsed: 401.2m | Speed: 2.3 samples/s | ETA: 20.2m
  Sample 57300/60000 (95.5%) (label=9) | Elapsed: 402.0m | Speed: 2.3 samples/s | ETA: 19.4m
  Sample 57400/60000 (95.7%) (label=3) | Elapsed: 402.7m | Speed: 2.3 samples/s | ETA: 18.5m
  Sample 57500/60000 (95.8%) (label=4) | Elapsed: 403.4m | Speed: 2.4 samples/s | ETA: 17.5m
  Sample 57600/60000 (96.0%) (label=1) | Elapsed: 404.1m | Speed: 2.3 samples/s | ETA: 17.2m
  Sample 57700/60000 (96.2%) (label=9) | Elapsed: 404.8m | Speed: 2.3 samples/s | ETA: 16.4m
  Sample 57800/60000 (96.3%) (label=2) | Elapsed: 405.5m | Speed: 2.4 samples/s | ETA: 15.5m
  Sample 57900/60000 (96.5%) (label=2) | Elapsed: 406.2m | Speed: 2.4 samples/s | ETA: 14.5m
  Sample 58000/60000 (96.7%) (label=2) | Elapsed: 406.9m | Speed: 2.4 samples/s | ETA: 14.1m
  Sample 58100/60000 (96.8%) (label=7) | Elapsed: 407.6m | Speed: 2.4 samples/s | ETA: 13.1m
  Sample 58200/60000 (97.0%) (label=8) | Elapsed: 408.3m | Speed: 2.4 samples/s | ETA: 12.4m
  Sample 58300/60000 (97.2%) (label=7) | Elapsed: 409.0m | Speed: 2.4 samples/s | ETA: 11.7m
  Sample 58400/60000 (97.3%) (label=3) | Elapsed: 409.7m | Speed: 2.3 samples/s | ETA: 11.4m
  Sample 58500/60000 (97.5%) (label=9) | Elapsed: 410.4m | Speed: 2.4 samples/s | ETA: 10.6m
  Sample 58600/60000 (97.7%) (label=0) | Elapsed: 411.1m | Speed: 2.4 samples/s | ETA: 9.8m
  Sample 58700/60000 (97.8%) (label=9) | Elapsed: 411.8m | Speed: 2.4 samples/s | ETA: 9.0m
  Sample 58800/60000 (98.0%) (label=5) | Elapsed: 412.5m | Speed: 2.4 samples/s | ETA: 8.3m
  Sample 58900/60000 (98.2%) (label=7) | Elapsed: 413.2m | Speed: 2.4 samples/s | ETA: 7.7m
  Sample 59000/60000 (98.3%) (label=4) | Elapsed: 413.9m | Speed: 2.4 samples/s | ETA: 6.8m
  Sample 59100/60000 (98.5%) (label=0) | Elapsed: 414.5m | Speed: 2.4 samples/s | ETA: 6.2m
  Sample 59200/60000 (98.7%) (label=1) | Elapsed: 415.3m | Speed: 2.3 samples/s | ETA: 5.8m
  Sample 59300/60000 (98.8%) (label=3) | Elapsed: 416.0m | Speed: 2.3 samples/s | ETA: 5.1m
  Sample 59400/60000 (99.0%) (label=8) | Elapsed: 416.7m | Speed: 2.3 samples/s | ETA: 4.3m
  Sample 59500/60000 (99.2%) (label=2) | Elapsed: 417.4m | Speed: 2.3 samples/s | ETA: 3.6m
  Sample 59600/60000 (99.3%) (label=4) | Elapsed: 418.1m | Speed: 2.4 samples/s | ETA: 2.8m
  Sample 59700/60000 (99.5%) (label=3) | Elapsed: 418.8m | Speed: 2.3 samples/s | ETA: 2.1m
  Sample 59800/60000 (99.7%) (label=4) | Elapsed: 419.6m | Speed: 2.3 samples/s | ETA: 1.4m
  Sample 59900/60000 (99.8%) (label=9) | Elapsed: 420.3m | Speed: 2.4 samples/s | ETA: 42s
  Sample 60000/60000 (100.0%) (label=8) | Elapsed: 421.0m | Speed: 2.4 samples/s | ETA: 0s

======================================================================
✅ Training complete!
======================================================================

2026-03-23 07:09:50 [INFO] 
[4/5] Encoding test data...
2026-03-23 07:09:50 [INFO]   Running encoder...
Encoding 10000 samples...
  Sample 100/10000
  Sample 200/10000
  Sample 300/10000
  Sample 400/10000
  Sample 500/10000
  Sample 600/10000
  Sample 700/10000
  Sample 800/10000
  Sample 900/10000
  Sample 1000/10000
  Sample 1100/10000
  Sample 1200/10000
  Sample 1300/10000
  Sample 1400/10000
  Sample 1500/10000
  Sample 1600/10000
  Sample 1700/10000
  Sample 1800/10000
  Sample 1900/10000
  Sample 2000/10000
  Sample 2100/10000
  Sample 2200/10000
  Sample 2300/10000
  Sample 2400/10000
  Sample 2500/10000
  Sample 2600/10000
  Sample 2700/10000
  Sample 2800/10000
  Sample 2900/10000
  Sample 3000/10000
  Sample 3100/10000
  Sample 3200/10000
  Sample 3300/10000
  Sample 3400/10000
  Sample 3500/10000
  Sample 3600/10000
  Sample 3700/10000
  Sample 3800/10000
  Sample 3900/10000
  Sample 4000/10000
  Sample 4100/10000
  Sample 4200/10000
  Sample 4300/10000
  Sample 4400/10000
  Sample 4500/10000
  Sample 4600/10000
  Sample 4700/10000
  Sample 4800/10000
  Sample 4900/10000
  Sample 5000/10000
  Sample 5100/10000
  Sample 5200/10000
  Sample 5300/10000
  Sample 5400/10000
  Sample 5500/10000
  Sample 5600/10000
  Sample 5700/10000
  Sample 5800/10000
  Sample 5900/10000
  Sample 6000/10000
  Sample 6100/10000
  Sample 6200/10000
  Sample 6300/10000
  Sample 6400/10000
  Sample 6500/10000
  Sample 6600/10000
  Sample 6700/10000
  Sample 6800/10000
  Sample 6900/10000
  Sample 7000/10000
  Sample 7100/10000
  Sample 7200/10000
  Sample 7300/10000
  Sample 7400/10000
  Sample 7500/10000
  Sample 7600/10000
  Sample 7700/10000
  Sample 7800/10000
  Sample 7900/10000
  Sample 8000/10000
  Sample 8100/10000
  Sample 8200/10000
  Sample 8300/10000
  Sample 8400/10000
  Sample 8500/10000
  Sample 8600/10000
  Sample 8700/10000
  Sample 8800/10000
  Sample 8900/10000
  Sample 9000/10000
  Sample 9100/10000
  Sample 9200/10000
  Sample 9300/10000
  Sample 9400/10000
  Sample 9500/10000
  Sample 9600/10000
  Sample 9700/10000
  Sample 9800/10000
  Sample 9900/10000
  Sample 10000/10000
  Spike stats — mean: 30.1, median: 29.0, max: 86, zero-samples: 231/10000
  Active neurons/sample — mean: 24.5, median: 24
  Unique binary codes: 9378/10000
✅ Encoding complete!
2026-03-23 07:53:35 [INFO]   Codes saved to outputs/codes/diehl_cook/mnist
2026-03-23 07:53:35 [INFO]   Pre-code shape: (10000, 400)
2026-03-23 07:53:35 [INFO]   Code shape: (10000, 400)
2026-03-23 07:53:35 [INFO]   Code sparsity: 0.950
2026-03-23 07:53:35 [INFO] 
[5/5] Evaluating...
2026-03-23 07:53:35 [INFO] 
  Running clustering evaluation (ACC / NMI)...
Error running kmedoids: kmedoids requires scikit-learn-extra. Install a compatible version or remove kmedoids from methods.
2026-03-23 07:54:51 [INFO]     Clustering results:
2026-03-23 07:54:51 [INFO]       kmeans:
2026-03-23 07:54:51 [INFO]         NMI=0.4759, ARI=0.3781, ACC=0.5439
2026-03-23 07:54:51 [INFO]       spectral:
2026-03-23 07:54:51 [INFO]         NMI=0.3152, ARI=0.0765, ACC=0.2628
2026-03-23 07:54:51 [INFO] 
  Running retrieval evaluation (mAP / Recall@K)...
2026-03-23 07:54:51 [INFO]     Mode: label-based retrieval (database=train, queries=test)
2026-03-23 07:54:51 [INFO]     Encoding train_data as retrieval database...
Encoding 60000 samples...
  Sample 100/60000
  Sample 200/60000
  Sample 300/60000
  Sample 400/60000
  Sample 500/60000
  Sample 600/60000
  Sample 700/60000
  Sample 800/60000
  Sample 900/60000
  Sample 1000/60000
  Sample 1100/60000
  Sample 1200/60000
  Sample 1300/60000
  Sample 1400/60000
  Sample 1500/60000
  Sample 1600/60000
  Sample 1700/60000
  Sample 1800/60000
  Sample 1900/60000
  Sample 2000/60000
  Sample 2100/60000
  Sample 2200/60000
  Sample 2300/60000
  Sample 2400/60000
  Sample 2500/60000
  Sample 2600/60000
  Sample 2700/60000
  Sample 2800/60000
  Sample 2900/60000
  Sample 3000/60000
  Sample 3100/60000
  Sample 3200/60000
  Sample 3300/60000
  Sample 3400/60000
  Sample 3500/60000
  Sample 3600/60000
  Sample 3700/60000
  Sample 3800/60000
  Sample 3900/60000
  Sample 4000/60000
  Sample 4100/60000
  Sample 4200/60000
  Sample 4300/60000
  Sample 4400/60000
  Sample 4500/60000
  Sample 4600/60000
  Sample 4700/60000
  Sample 4800/60000
  Sample 4900/60000
  Sample 5000/60000
  Sample 5100/60000
  Sample 5200/60000
  Sample 5300/60000
  Sample 5400/60000
  Sample 5500/60000
  Sample 5600/60000
  Sample 5700/60000
  Sample 5800/60000
  Sample 5900/60000
  Sample 6000/60000
  Sample 6100/60000
  Sample 6200/60000
  Sample 6300/60000
  Sample 6400/60000
  Sample 6500/60000
  Sample 6600/60000
  Sample 6700/60000
  Sample 6800/60000
  Sample 6900/60000
  Sample 7000/60000
  Sample 7100/60000
  Sample 7200/60000
  Sample 7300/60000
  Sample 7400/60000
  Sample 7500/60000
  Sample 7600/60000
  Sample 7700/60000
  Sample 7800/60000
  Sample 7900/60000
  Sample 8000/60000
  Sample 8100/60000
  Sample 8200/60000
  Sample 8300/60000
  Sample 8400/60000
  Sample 8500/60000
  Sample 8600/60000
  Sample 8700/60000
  Sample 8800/60000
  Sample 8900/60000
  Sample 9000/60000
  Sample 9100/60000
  Sample 9200/60000
  Sample 9300/60000
  Sample 9400/60000
  Sample 9500/60000
  Sample 9600/60000
  Sample 9700/60000
  Sample 9800/60000
  Sample 9900/60000
  Sample 10000/60000
  Sample 10100/60000
  Sample 10200/60000
  Sample 10300/60000
  Sample 10400/60000
  Sample 10500/60000
  Sample 10600/60000
  Sample 10700/60000
  Sample 10800/60000
  Sample 10900/60000
  Sample 11000/60000
  Sample 11100/60000
  Sample 11200/60000
  Sample 11300/60000
  Sample 11400/60000
  Sample 11500/60000
  Sample 11600/60000
  Sample 11700/60000
  Sample 11800/60000
  Sample 11900/60000
  Sample 12000/60000
  Sample 12100/60000
  Sample 12200/60000
  Sample 12300/60000
  Sample 12400/60000
  Sample 12500/60000
  Sample 12600/60000
  Sample 12700/60000
  Sample 12800/60000
  Sample 12900/60000
  Sample 13000/60000
  Sample 13100/60000
  Sample 13200/60000
  Sample 13300/60000
  Sample 13400/60000
  Sample 13500/60000
  Sample 13600/60000
  Sample 13700/60000
  Sample 13800/60000
  Sample 13900/60000
  Sample 14000/60000
  Sample 14100/60000
  Sample 14200/60000
  Sample 14300/60000
  Sample 14400/60000
  Sample 14500/60000
  Sample 14600/60000
  Sample 14700/60000
  Sample 14800/60000
  Sample 14900/60000
  Sample 15000/60000
  Sample 15100/60000
  Sample 15200/60000
  Sample 15300/60000
  Sample 15400/60000
  Sample 15500/60000
  Sample 15600/60000
  Sample 15700/60000
  Sample 15800/60000
  Sample 15900/60000
  Sample 16000/60000
  Sample 16100/60000
  Sample 16200/60000
  Sample 16300/60000
  Sample 16400/60000
  Sample 16500/60000
  Sample 16600/60000
  Sample 16700/60000
  Sample 16800/60000
  Sample 16900/60000
  Sample 17000/60000
  Sample 17100/60000
  Sample 17200/60000
  Sample 17300/60000
  Sample 17400/60000
  Sample 17500/60000
  Sample 17600/60000
  Sample 17700/60000
  Sample 17800/60000
  Sample 17900/60000
  Sample 18000/60000
  Sample 18100/60000
  Sample 18200/60000
  Sample 18300/60000
  Sample 18400/60000
  Sample 18500/60000
  Sample 18600/60000
  Sample 18700/60000
  Sample 18800/60000
  Sample 18900/60000
  Sample 19000/60000
  Sample 19100/60000
  Sample 19200/60000
  Sample 19300/60000
  Sample 19400/60000
  Sample 19500/60000
  Sample 19600/60000
  Sample 19700/60000
  Sample 19800/60000
  Sample 19900/60000
  Sample 20000/60000
  Sample 20100/60000
  Sample 20200/60000
  Sample 20300/60000
  Sample 20400/60000
  Sample 20500/60000
  Sample 20600/60000
  Sample 20700/60000
  Sample 20800/60000
  Sample 20900/60000
  Sample 21000/60000
  Sample 21100/60000
  Sample 21200/60000
  Sample 21300/60000
  Sample 21400/60000
  Sample 21500/60000
  Sample 21600/60000
  Sample 21700/60000
  Sample 21800/60000
  Sample 21900/60000
  Sample 22000/60000
  Sample 22100/60000
  Sample 22200/60000
  Sample 22300/60000
  Sample 22400/60000
  Sample 22500/60000
  Sample 22600/60000
  Sample 22700/60000
  Sample 22800/60000
  Sample 22900/60000
  Sample 23000/60000
  Sample 23100/60000
  Sample 23200/60000
  Sample 23300/60000
  Sample 23400/60000
  Sample 23500/60000
  Sample 23600/60000
  Sample 23700/60000
  Sample 23800/60000
  Sample 23900/60000
  Sample 24000/60000
  Sample 24100/60000
  Sample 24200/60000
  Sample 24300/60000
  Sample 24400/60000
  Sample 24500/60000
  Sample 24600/60000
  Sample 24700/60000
  Sample 24800/60000
  Sample 24900/60000
  Sample 25000/60000
  Sample 25100/60000
  Sample 25200/60000
  Sample 25300/60000
  Sample 25400/60000
  Sample 25500/60000
  Sample 25600/60000
  Sample 25700/60000
  Sample 25800/60000
  Sample 25900/60000
  Sample 26000/60000
  Sample 26100/60000
  Sample 26200/60000
  Sample 26300/60000
  Sample 26400/60000
  Sample 26500/60000
  Sample 26600/60000
  Sample 26700/60000
  Sample 26800/60000
  Sample 26900/60000
  Sample 27000/60000
  Sample 27100/60000
  Sample 27200/60000
  Sample 27300/60000
  Sample 27400/60000
  Sample 27500/60000
  Sample 27600/60000
  Sample 27700/60000
  Sample 27800/60000
  Sample 27900/60000
  Sample 28000/60000
  Sample 28100/60000
  Sample 28200/60000
  Sample 28300/60000
  Sample 28400/60000
  Sample 28500/60000
  Sample 28600/60000
  Sample 28700/60000
  Sample 28800/60000
  Sample 28900/60000
  Sample 29000/60000
  Sample 29100/60000
  Sample 29200/60000
  Sample 29300/60000
  Sample 29400/60000
  Sample 29500/60000
  Sample 29600/60000
  Sample 29700/60000
  Sample 29800/60000
  Sample 29900/60000
  Sample 30000/60000
  Sample 30100/60000
  Sample 30200/60000
  Sample 30300/60000
  Sample 30400/60000
  Sample 30500/60000
  Sample 30600/60000
  Sample 30700/60000
  Sample 30800/60000
  Sample 30900/60000
  Sample 31000/60000
  Sample 31100/60000
  Sample 31200/60000
  Sample 31300/60000
  Sample 31400/60000
  Sample 31500/60000
  Sample 31600/60000
  Sample 31700/60000
  Sample 31800/60000
  Sample 31900/60000
  Sample 32000/60000
  Sample 32100/60000
  Sample 32200/60000
  Sample 32300/60000
  Sample 32400/60000
  Sample 32500/60000
  Sample 32600/60000
  Sample 32700/60000
  Sample 32800/60000
  Sample 32900/60000
  Sample 33000/60000
  Sample 33100/60000
  Sample 33200/60000
  Sample 33300/60000
  Sample 33400/60000
  Sample 33500/60000
  Sample 33600/60000
  Sample 33700/60000
  Sample 33800/60000
  Sample 33900/60000
  Sample 34000/60000
  Sample 34100/60000
  Sample 34200/60000
  Sample 34300/60000
  Sample 34400/60000
  Sample 34500/60000
  Sample 34600/60000
  Sample 34700/60000
  Sample 34800/60000
  Sample 34900/60000
  Sample 35000/60000
  Sample 35100/60000
  Sample 35200/60000
  Sample 35300/60000
  Sample 35400/60000
  Sample 35500/60000
  Sample 35600/60000
  Sample 35700/60000
  Sample 35800/60000
  Sample 35900/60000
  Sample 36000/60000
  Sample 36100/60000
  Sample 36200/60000
  Sample 36300/60000
  Sample 36400/60000
  Sample 36500/60000
  Sample 36600/60000
  Sample 36700/60000
  Sample 36800/60000
  Sample 36900/60000
  Sample 37000/60000
  Sample 37100/60000
  Sample 37200/60000
  Sample 37300/60000
  Sample 37400/60000
  Sample 37500/60000
  Sample 37600/60000
  Sample 37700/60000
  Sample 37800/60000
  Sample 37900/60000
  Sample 38000/60000
  Sample 38100/60000
  Sample 38200/60000
  Sample 38300/60000
  Sample 38400/60000
  Sample 38500/60000
  Sample 38600/60000
  Sample 38700/60000
  Sample 38800/60000
  Sample 38900/60000
  Sample 39000/60000
  Sample 39100/60000
  Sample 39200/60000
  Sample 39300/60000
  Sample 39400/60000
  Sample 39500/60000
  Sample 39600/60000
  Sample 39700/60000
  Sample 39800/60000
  Sample 39900/60000
  Sample 40000/60000
  Sample 40100/60000
  Sample 40200/60000
  Sample 40300/60000
  Sample 40400/60000
  Sample 40500/60000
  Sample 40600/60000
  Sample 40700/60000
  Sample 40800/60000
  Sample 40900/60000
  Sample 41000/60000
  Sample 41100/60000
  Sample 41200/60000
  Sample 41300/60000
  Sample 41400/60000
  Sample 41500/60000
  Sample 41600/60000
  Sample 41700/60000
  Sample 41800/60000
  Sample 41900/60000
  Sample 42000/60000
  Sample 42100/60000
  Sample 42200/60000
  Sample 42300/60000
  Sample 42400/60000
  Sample 42500/60000
  Sample 42600/60000
  Sample 42700/60000
  Sample 42800/60000
  Sample 42900/60000
  Sample 43000/60000
  Sample 43100/60000
  Sample 43200/60000
  Sample 43300/60000
  Sample 43400/60000
  Sample 43500/60000
  Sample 43600/60000
  Sample 43700/60000
  Sample 43800/60000
  Sample 43900/60000
  Sample 44000/60000
  Sample 44100/60000
  Sample 44200/60000
  Sample 44300/60000
  Sample 44400/60000
  Sample 44500/60000
  Sample 44600/60000
  Sample 44700/60000
  Sample 44800/60000
  Sample 44900/60000
  Sample 45000/60000
  Sample 45100/60000
  Sample 45200/60000
  Sample 45300/60000
  Sample 45400/60000
  Sample 45500/60000
  Sample 45600/60000
  Sample 45700/60000
  Sample 45800/60000
  Sample 45900/60000
  Sample 46000/60000
  Sample 46100/60000
  Sample 46200/60000
  Sample 46300/60000
  Sample 46400/60000
  Sample 46500/60000
  Sample 46600/60000
  Sample 46700/60000
  Sample 46800/60000
  Sample 46900/60000
  Sample 47000/60000
  Sample 47100/60000
  Sample 47200/60000
  Sample 47300/60000
  Sample 47400/60000
  Sample 47500/60000
  Sample 47600/60000
  Sample 47700/60000
  Sample 47800/60000
  Sample 47900/60000
  Sample 48000/60000
  Sample 48100/60000
  Sample 48200/60000
  Sample 48300/60000
  Sample 48400/60000
  Sample 48500/60000
  Sample 48600/60000
  Sample 48700/60000
  Sample 48800/60000
  Sample 48900/60000
  Sample 49000/60000
  Sample 49100/60000
  Sample 49200/60000
  Sample 49300/60000
  Sample 49400/60000
  Sample 49500/60000
  Sample 49600/60000
  Sample 49700/60000
  Sample 49800/60000
  Sample 49900/60000
  Sample 50000/60000
  Sample 50100/60000
  Sample 50200/60000
  Sample 50300/60000
  Sample 50400/60000
  Sample 50500/60000
  Sample 50600/60000
  Sample 50700/60000
  Sample 50800/60000
  Sample 50900/60000
  Sample 51000/60000
  Sample 51100/60000
  Sample 51200/60000
  Sample 51300/60000
  Sample 51400/60000
  Sample 51500/60000
  Sample 51600/60000
  Sample 51700/60000
  Sample 51800/60000
  Sample 51900/60000
  Sample 52000/60000
  Sample 52100/60000
  Sample 52200/60000
  Sample 52300/60000
  Sample 52400/60000
  Sample 52500/60000
  Sample 52600/60000
  Sample 52700/60000
  Sample 52800/60000
  Sample 52900/60000
  Sample 53000/60000
  Sample 53100/60000
  Sample 53200/60000
  Sample 53300/60000
  Sample 53400/60000
  Sample 53500/60000
  Sample 53600/60000
  Sample 53700/60000
  Sample 53800/60000
  Sample 53900/60000
  Sample 54000/60000
  Sample 54100/60000
  Sample 54200/60000
  Sample 54300/60000
  Sample 54400/60000
  Sample 54500/60000
  Sample 54600/60000
  Sample 54700/60000
  Sample 54800/60000
  Sample 54900/60000
  Sample 55000/60000
  Sample 55100/60000
  Sample 55200/60000
  Sample 55300/60000
  Sample 55400/60000
  Sample 55500/60000
  Sample 55600/60000
  Sample 55700/60000
  Sample 55800/60000
  Sample 55900/60000
  Sample 56000/60000
  Sample 56100/60000
  Sample 56200/60000
  Sample 56300/60000
  Sample 56400/60000
  Sample 56500/60000
  Sample 56600/60000
  Sample 56700/60000
  Sample 56800/60000
  Sample 56900/60000
  Sample 57000/60000
  Sample 57100/60000
  Sample 57200/60000
  Sample 57300/60000
  Sample 57400/60000
  Sample 57500/60000
  Sample 57600/60000
  Sample 57700/60000
  Sample 57800/60000
  Sample 57900/60000
  Sample 58000/60000
  Sample 58100/60000
  Sample 58200/60000
  Sample 58300/60000
  Sample 58400/60000
  Sample 58500/60000
  Sample 58600/60000
  Sample 58700/60000
  Sample 58800/60000
  Sample 58900/60000
  Sample 59000/60000
  Sample 59100/60000
  Sample 59200/60000
  Sample 59300/60000
  Sample 59400/60000
  Sample 59500/60000
  Sample 59600/60000
  Sample 59700/60000
  Sample 59800/60000
  Sample 59900/60000
  Sample 60000/60000
  Spike stats — mean: 29.3, median: 29.0, max: 96, zero-samples: 1386/60000
  Active neurons/sample — mean: 23.8, median: 23
  Unique binary codes: 54491/60000
✅ Encoding complete!
  Processed 100/10000 queries...
  Processed 200/10000 queries...
  Processed 300/10000 queries...
  Processed 400/10000 queries...
  Processed 500/10000 queries...
  Processed 600/10000 queries...
  Processed 700/10000 queries...
  Processed 800/10000 queries...
  Processed 900/10000 queries...
  Processed 1000/10000 queries...
  Processed 1100/10000 queries...
  Processed 1200/10000 queries...
  Processed 1300/10000 queries...
  Processed 1400/10000 queries...
  Processed 1500/10000 queries...
  Processed 1600/10000 queries...
  Processed 1700/10000 queries...
  Processed 1800/10000 queries...
  Processed 1900/10000 queries...
  Processed 2000/10000 queries...
  Processed 2100/10000 queries...
  Processed 2200/10000 queries...
  Processed 2300/10000 queries...
  Processed 2400/10000 queries...
  Processed 2500/10000 queries...
  Processed 2600/10000 queries...
  Processed 2700/10000 queries...
  Processed 2800/10000 queries...
  Processed 2900/10000 queries...
  Processed 3000/10000 queries...
  Processed 3100/10000 queries...
  Processed 3200/10000 queries...
  Processed 3300/10000 queries...
  Processed 3400/10000 queries...
  Processed 3500/10000 queries...
  Processed 3600/10000 queries...
  Processed 3700/10000 queries...
  Processed 3800/10000 queries...
  Processed 3900/10000 queries...
  Processed 4000/10000 queries...
  Processed 4100/10000 queries...
  Processed 4200/10000 queries...
  Processed 4300/10000 queries...
  Processed 4400/10000 queries...
  Processed 4500/10000 queries...
  Processed 4600/10000 queries...
  Processed 4700/10000 queries...
  Processed 4800/10000 queries...
  Processed 4900/10000 queries...
  Processed 5000/10000 queries...
  Processed 5100/10000 queries...
  Processed 5200/10000 queries...
  Processed 5300/10000 queries...
  Processed 5400/10000 queries...
  Processed 5500/10000 queries...
  Processed 5600/10000 queries...
  Processed 5700/10000 queries...
  Processed 5800/10000 queries...
  Processed 5900/10000 queries...
  Processed 6000/10000 queries...
  Processed 6100/10000 queries...
  Processed 6200/10000 queries...
  Processed 6300/10000 queries...
  Processed 6400/10000 queries...
  Processed 6500/10000 queries...
  Processed 6600/10000 queries...
  Processed 6700/10000 queries...
  Processed 6800/10000 queries...
  Processed 6900/10000 queries...
  Processed 7000/10000 queries...
  Processed 7100/10000 queries...
  Processed 7200/10000 queries...
  Processed 7300/10000 queries...
  Processed 7400/10000 queries...
  Processed 7500/10000 queries...
  Processed 7600/10000 queries...
  Processed 7700/10000 queries...
  Processed 7800/10000 queries...
  Processed 7900/10000 queries...
  Processed 8000/10000 queries...
  Processed 8100/10000 queries...
  Processed 8200/10000 queries...
  Processed 8300/10000 queries...
  Processed 8400/10000 queries...
  Processed 8500/10000 queries...
  Processed 8600/10000 queries...
  Processed 8700/10000 queries...
  Processed 8800/10000 queries...
  Processed 8900/10000 queries...
  Processed 9000/10000 queries...
  Processed 9100/10000 queries...
  Processed 9200/10000 queries...
  Processed 9300/10000 queries...
  Processed 9400/10000 queries...
  Processed 9500/10000 queries...
  Processed 9600/10000 queries...
  Processed 9700/10000 queries...
  Processed 9800/10000 queries...
  Processed 9900/10000 queries...
  Processed 10000/10000 queries...
2026-03-23 12:52:41 [INFO]     Retrieval results:
2026-03-23 12:52:41 [INFO]       map: 0.0385
2026-03-23 12:52:41 [INFO]       recall@1: 0.0001
2026-03-23 12:52:41 [INFO]       precision@1: 0.0128
2026-03-23 12:52:41 [INFO]       ndcg@1: 0.0128
2026-03-23 12:52:41 [INFO]       recall@10: 0.0012
2026-03-23 12:52:41 [INFO]       precision@10: 0.0116
2026-03-23 12:52:41 [INFO]       ndcg@10: 0.0118
2026-03-23 12:52:41 [INFO]       recall@50: 0.0057
2026-03-23 12:52:41 [INFO]       precision@50: 0.0114
2026-03-23 12:52:41 [INFO]       ndcg@50: 0.0115
2026-03-23 12:52:41 [INFO]       recall@100: 0.0113
2026-03-23 12:52:41 [INFO]       precision@100: 0.0113
2026-03-23 12:52:41 [INFO]       ndcg@100: 0.0114
Results saved to outputs/results/diehl_cook_mnist_seed0.json
2026-03-23 12:52:41 [INFO] 
Results saved to outputs/results/diehl_cook_mnist_seed0.json
Model saved to outputs/codes/diehl_cook/mnist/model_seed0.pkl
Network weights saved to outputs/codes/diehl_cook/mnist/model_seed0_network.pt
2026-03-23 12:52:41 [INFO] Model saved to outputs/codes/diehl_cook/mnist/model_seed0.pkl
2026-03-23 12:52:41 [INFO] 
================================================================================
2026-03-23 12:52:41 [INFO] Experiment complete!
2026-03-23 12:52:41 [INFO] Full log saved to: outputs/logs/diehl_cook_mnist_seed0_20260323_000851.log
2026-03-23 12:52:41 [INFO] ================================================================================
[8/11] OK diehl_cook
[9/11] RUN lm_snn

A module that was compiled using NumPy 1.x cannot be run in
NumPy 2.4.3 as it may crash. To support both 1.x and 2.x
versions of NumPy, modules must be compiled with NumPy 2.0.
Some module may need to rebuild instead e.g. with 'pybind11>=2.12'.

If you are a user of the module, the easiest solution will be to
downgrade to 'numpy<2' or try to upgrade the affected module.
We expect that some modules will need time to support NumPy 2.

Traceback (most recent call last):  File "/hy-tmp/Neuroscience-baseline/scripts/run_baseline.py", line 20, in <module>
    from pipeline import (
  File "/hy-tmp/Neuroscience-baseline/pipeline/__init__.py", line 15, in <module>
    from .clustering import run_clustering_evaluation
  File "/hy-tmp/Neuroscience-baseline/pipeline/clustering.py", line 11, in <module>
    from sklearn_extra.cluster import KMedoids
  File "/hy-tmp/Neuroscience-baseline/.venv/lib/python3.11/site-packages/sklearn_extra/__init__.py", line 1, in <module>
    from . import kernel_approximation, kernel_methods  # noqa
  File "/hy-tmp/Neuroscience-baseline/.venv/lib/python3.11/site-packages/sklearn_extra/kernel_approximation/__init__.py", line 1, in <module>
    from ._fastfood import Fastfood
  File "/hy-tmp/Neuroscience-baseline/.venv/lib/python3.11/site-packages/sklearn_extra/kernel_approximation/_fastfood.py", line 11, in <module>
    from ..utils._cyfht import fht2 as cyfht
Random seed set to 0
2026-03-23 12:52:45 [INFO] ================================================================================
2026-03-23 12:52:45 [INFO] Experiment: lm_snn_mnist
2026-03-23 12:52:45 [INFO] Encoder: lm_snn
2026-03-23 12:52:45 [INFO] Dataset: mnist
2026-03-23 12:52:45 [INFO] Seed: 0
2026-03-23 12:52:45 [INFO] ================================================================================
2026-03-23 12:52:45 [INFO] 
[1/5] Loading dataset...
MNIST loaded: 60000 train, 10000 test
2026-03-23 12:52:46 [INFO]   Train samples: 60000
2026-03-23 12:52:46 [INFO]   Test samples: 10000
2026-03-23 12:52:46 [INFO] 
  Eval modes: clustering=True, retrieval=True
2026-03-23 12:52:46 [INFO]   Has labels: True, Has query_data: False, Has groundtruth: False
2026-03-23 12:52:46 [INFO] 
[2/5] Initializing encoder...
2026-03-23 12:52:46 [INFO]   Encoder: LMSNNEncoder(trained=False)
2026-03-23 12:52:46 [INFO] 
[3/5] Training encoder...

======================================================================
Training LM-SNN (Lattice Map SNN)
======================================================================
Architecture: 784 -> 400 neurons (20x20 grid)
Inhibition sigma: 5.0, strength: -17.5
Simulation time: 350 ms | Device: cuda
======================================================================

Training on 60000 samples...
  Sample 100/60000 (0.2%) (label=1) | Elapsed: 0.9m | Speed: 1.9 s/s | ETA: 534.8m
  Sample 200/60000 (0.3%) (label=2) | Elapsed: 1.8m | Speed: 1.8 s/s | ETA: 552.0m
  Sample 300/60000 (0.5%) (label=6) | Elapsed: 2.7m | Speed: 1.9 s/s | ETA: 535.1m
  Sample 400/60000 (0.7%) (label=0) | Elapsed: 3.6m | Speed: 1.9 s/s | ETA: 510.2m
  Sample 500/60000 (0.8%) (label=8) | Elapsed: 4.4m | Speed: 2.1 s/s | ETA: 477.3m
  Sample 600/60000 (1.0%) (label=7) | Elapsed: 5.2m | Speed: 2.1 s/s | ETA: 475.0m
  Sample 700/60000 (1.2%) (label=5) | Elapsed: 6.0m | Speed: 2.1 s/s | ETA: 481.0m
  Sample 800/60000 (1.3%) (label=5) | Elapsed: 6.8m | Speed: 2.1 s/s | ETA: 477.3m
  Sample 900/60000 (1.5%) (label=5) | Elapsed: 7.6m | Speed: 2.1 s/s | ETA: 478.6m
  Sample 1000/60000 (1.7%) (label=6) | Elapsed: 8.4m | Speed: 2.0 s/s | ETA: 488.7m
  Sample 1100/60000 (1.8%) (label=4) | Elapsed: 9.2m | Speed: 2.0 s/s | ETA: 480.6m
  Sample 1200/60000 (2.0%) (label=2) | Elapsed: 10.1m | Speed: 1.9 s/s | ETA: 511.6m
  Sample 1300/60000 (2.2%) (label=2) | Elapsed: 11.0m | Speed: 1.8 s/s | ETA: 535.9m
  Sample 1400/60000 (2.3%) (label=9) | Elapsed: 12.0m | Speed: 1.8 s/s | ETA: 548.2m
  Sample 1500/60000 (2.5%) (label=7) | Elapsed: 12.8m | Speed: 1.9 s/s | ETA: 507.8m
  Sample 1600/60000 (2.7%) (label=3) | Elapsed: 13.6m | Speed: 2.1 s/s | ETA: 456.0m
  Sample 1700/60000 (2.8%) (label=1) | Elapsed: 14.4m | Speed: 2.1 s/s | ETA: 459.1m
  Sample 1800/60000 (3.0%) (label=3) | Elapsed: 15.2m | Speed: 2.1 s/s | ETA: 460.5m
  Sample 1900/60000 (3.2%) (label=7) | Elapsed: 16.0m | Speed: 2.2 s/s | ETA: 447.6m
  Sample 2000/60000 (3.3%) (label=0) | Elapsed: 16.7m | Speed: 2.1 s/s | ETA: 450.3m
  Sample 2100/60000 (3.5%) (label=9) | Elapsed: 17.5m | Speed: 2.1 s/s | ETA: 454.7m
  Sample 2200/60000 (3.7%) (label=9) | Elapsed: 18.3m | Speed: 2.2 s/s | ETA: 442.1m
  Sample 2300/60000 (3.8%) (label=9) | Elapsed: 19.1m | Speed: 2.2 s/s | ETA: 445.9m
  Sample 2400/60000 (4.0%) (label=2) | Elapsed: 19.8m | Speed: 2.1 s/s | ETA: 454.6m
  Sample 2500/60000 (4.2%) (label=2) | Elapsed: 20.6m | Speed: 2.1 s/s | ETA: 455.4m
  Sample 2600/60000 (4.3%) (label=1) | Elapsed: 21.4m | Speed: 2.1 s/s | ETA: 458.0m
  Sample 2700/60000 (4.5%) (label=8) | Elapsed: 22.2m | Speed: 2.1 s/s | ETA: 449.3m
  Sample 2800/60000 (4.7%) (label=4) | Elapsed: 23.0m | Speed: 2.2 s/s | ETA: 434.5m
  Sample 2900/60000 (4.8%) (label=0) | Elapsed: 23.8m | Speed: 2.1 s/s | ETA: 459.5m
  Sample 3000/60000 (5.0%) (label=5) | Elapsed: 24.6m | Speed: 2.2 s/s | ETA: 439.0m
  Sample 3100/60000 (5.2%) (label=9) | Elapsed: 25.3m | Speed: 2.1 s/s | ETA: 450.9m
  Sample 3200/60000 (5.3%) (label=2) | Elapsed: 26.1m | Speed: 2.2 s/s | ETA: 432.6m
  Sample 3300/60000 (5.5%) (label=8) | Elapsed: 26.9m | Speed: 2.2 s/s | ETA: 425.5m
  Sample 3400/60000 (5.7%) (label=4) | Elapsed: 27.6m | Speed: 2.2 s/s | ETA: 437.8m
  Sample 3500/60000 (5.8%) (label=8) | Elapsed: 28.4m | Speed: 2.2 s/s | ETA: 436.5m
  Sample 3600/60000 (6.0%) (label=7) | Elapsed: 29.2m | Speed: 2.2 s/s | ETA: 435.1m
  Sample 3700/60000 (6.2%) (label=3) | Elapsed: 30.0m | Speed: 2.1 s/s | ETA: 439.3m
  Sample 3800/60000 (6.3%) (label=2) | Elapsed: 30.7m | Speed: 2.2 s/s | ETA: 428.4m
  Sample 3900/60000 (6.5%) (label=7) | Elapsed: 31.5m | Speed: 2.2 s/s | ETA: 423.8m
  Sample 4000/60000 (6.7%) (label=6) | Elapsed: 32.2m | Speed: 2.2 s/s | ETA: 425.7m
  Sample 4100/60000 (6.8%) (label=4) | Elapsed: 33.0m | Speed: 2.1 s/s | ETA: 448.1m
  Sample 4200/60000 (7.0%) (label=3) | Elapsed: 33.8m | Speed: 2.1 s/s | ETA: 444.1m
  Sample 4300/60000 (7.2%) (label=5) | Elapsed: 34.6m | Speed: 2.1 s/s | ETA: 446.1m
  Sample 4400/60000 (7.3%) (label=9) | Elapsed: 35.4m | Speed: 2.1 s/s | ETA: 437.5m
  Sample 4500/60000 (7.5%) (label=7) | Elapsed: 36.3m | Speed: 2.0 s/s | ETA: 462.5m
  Sample 4600/60000 (7.7%) (label=2) | Elapsed: 37.2m | Speed: 1.8 s/s | ETA: 499.4m
  Sample 4700/60000 (7.8%) (label=6) | Elapsed: 38.0m | Speed: 1.9 s/s | ETA: 481.5m
  Sample 4800/60000 (8.0%) (label=7) | Elapsed: 38.8m | Speed: 2.0 s/s | ETA: 454.5m
  Sample 4900/60000 (8.2%) (label=7) | Elapsed: 39.8m | Speed: 1.8 s/s | ETA: 499.2m
  Sample 5000/60000 (8.3%) (label=2) | Elapsed: 40.7m | Speed: 1.8 s/s | ETA: 514.6m
  Sample 5100/60000 (8.5%) (label=6) | Elapsed: 41.7m | Speed: 1.7 s/s | ETA: 542.3m
  Sample 5200/60000 (8.7%) (label=8) | Elapsed: 42.5m | Speed: 1.9 s/s | ETA: 477.2m
  Sample 5300/60000 (8.8%) (label=8) | Elapsed: 43.4m | Speed: 2.1 s/s | ETA: 439.7m
  Sample 5400/60000 (9.0%) (label=3) | Elapsed: 44.1m | Speed: 2.2 s/s | ETA: 417.1m
  Sample 5500/60000 (9.2%) (label=5) | Elapsed: 44.9m | Speed: 2.2 s/s | ETA: 416.4m
  Sample 5600/60000 (9.3%) (label=5) | Elapsed: 45.6m | Speed: 2.2 s/s | ETA: 411.5m
  Sample 5700/60000 (9.5%) (label=8) | Elapsed: 46.4m | Speed: 2.2 s/s | ETA: 409.2m
  Sample 5800/60000 (9.7%) (label=3) | Elapsed: 47.1m | Speed: 2.2 s/s | ETA: 408.2m
  Sample 5900/60000 (9.8%) (label=4) | Elapsed: 47.9m | Speed: 2.2 s/s | ETA: 414.1m
  Sample 6000/60000 (10.0%) (label=9) | Elapsed: 48.7m | Speed: 2.2 s/s | ETA: 405.5m
  Sample 6100/60000 (10.2%) (label=2) | Elapsed: 49.4m | Speed: 2.2 s/s | ETA: 416.6m
  Sample 6200/60000 (10.3%) (label=8) | Elapsed: 50.2m | Speed: 2.1 s/s | ETA: 425.9m
  Sample 6300/60000 (10.5%) (label=3) | Elapsed: 51.1m | Speed: 2.0 s/s | ETA: 445.0m
  Sample 6400/60000 (10.7%) (label=5) | Elapsed: 51.9m | Speed: 1.9 s/s | ETA: 471.9m
  Sample 6500/60000 (10.8%) (label=1) | Elapsed: 52.7m | Speed: 2.1 s/s | ETA: 419.7m
  Sample 6600/60000 (11.0%) (label=9) | Elapsed: 53.5m | Speed: 2.2 s/s | ETA: 396.0m
  Sample 6700/60000 (11.2%) (label=9) | Elapsed: 54.2m | Speed: 2.2 s/s | ETA: 403.8m
  Sample 6800/60000 (11.3%) (label=6) | Elapsed: 55.0m | Speed: 2.2 s/s | ETA: 406.7m
  Sample 6900/60000 (11.5%) (label=2) | Elapsed: 55.7m | Speed: 2.2 s/s | ETA: 403.4m
  Sample 7000/60000 (11.7%) (label=9) | Elapsed: 56.5m | Speed: 2.1 s/s | ETA: 415.4m
  Sample 7100/60000 (11.8%) (label=7) | Elapsed: 57.3m | Speed: 2.3 s/s | ETA: 383.3m
  Sample 7200/60000 (12.0%) (label=8) | Elapsed: 58.0m | Speed: 2.3 s/s | ETA: 383.2m
  Sample 7300/60000 (12.2%) (label=4) | Elapsed: 58.7m | Speed: 2.3 s/s | ETA: 379.5m
  Sample 7400/60000 (12.3%) (label=4) | Elapsed: 59.4m | Speed: 2.4 s/s | ETA: 371.1m
  Sample 7500/60000 (12.5%) (label=0) | Elapsed: 60.2m | Speed: 2.2 s/s | ETA: 395.4m
  Sample 7600/60000 (12.7%) (label=1) | Elapsed: 60.9m | Speed: 2.1 s/s | ETA: 410.3m
  Sample 7700/60000 (12.8%) (label=5) | Elapsed: 61.7m | Speed: 2.1 s/s | ETA: 415.1m
  Sample 7800/60000 (13.0%) (label=8) | Elapsed: 62.5m | Speed: 2.1 s/s | ETA: 420.1m
  Sample 7900/60000 (13.2%) (label=7) | Elapsed: 63.3m | Speed: 2.3 s/s | ETA: 381.6m
  Sample 8000/60000 (13.3%) (label=4) | Elapsed: 64.0m | Speed: 2.2 s/s | ETA: 396.0m
  Sample 8100/60000 (13.5%) (label=3) | Elapsed: 64.8m | Speed: 2.2 s/s | ETA: 401.8m
  Sample 8200/60000 (13.7%) (label=9) | Elapsed: 65.5m | Speed: 2.2 s/s | ETA: 384.1m
  Sample 8300/60000 (13.8%) (label=8) | Elapsed: 66.3m | Speed: 2.2 s/s | ETA: 388.3m
  Sample 8400/60000 (14.0%) (label=4) | Elapsed: 67.0m | Speed: 2.2 s/s | ETA: 386.2m
  Sample 8500/60000 (14.2%) (label=7) | Elapsed: 67.8m | Speed: 2.1 s/s | ETA: 403.6m
  Sample 8600/60000 (14.3%) (label=2) | Elapsed: 68.6m | Speed: 2.2 s/s | ETA: 386.5m
  Sample 8700/60000 (14.5%) (label=7) | Elapsed: 69.4m | Speed: 2.1 s/s | ETA: 417.1m
  Sample 8800/60000 (14.7%) (label=6) | Elapsed: 70.1m | Speed: 2.3 s/s | ETA: 377.5m
  Sample 8900/60000 (14.8%) (label=9) | Elapsed: 70.8m | Speed: 2.4 s/s | ETA: 359.7m
  Sample 9000/60000 (15.0%) (label=9) | Elapsed: 71.5m | Speed: 2.3 s/s | ETA: 362.5m
  Sample 9100/60000 (15.2%) (label=8) | Elapsed: 72.3m | Speed: 2.3 s/s | ETA: 365.3m
  Sample 9200/60000 (15.3%) (label=1) | Elapsed: 73.0m | Speed: 2.3 s/s | ETA: 373.1m
  Sample 9300/60000 (15.5%) (label=1) | Elapsed: 73.7m | Speed: 2.3 s/s | ETA: 372.4m
  Sample 9400/60000 (15.7%) (label=1) | Elapsed: 74.5m | Speed: 2.2 s/s | ETA: 380.9m
  Sample 9500/60000 (15.8%) (label=7) | Elapsed: 75.2m | Speed: 2.2 s/s | ETA: 382.6m
  Sample 9600/60000 (16.0%) (label=1) | Elapsed: 76.0m | Speed: 2.1 s/s | ETA: 392.5m
  Sample 9700/60000 (16.2%) (label=0) | Elapsed: 76.8m | Speed: 2.1 s/s | ETA: 390.7m
  Sample 9800/60000 (16.3%) (label=8) | Elapsed: 77.5m | Speed: 2.2 s/s | ETA: 371.9m
  Sample 9900/60000 (16.5%) (label=5) | Elapsed: 78.3m | Speed: 2.2 s/s | ETA: 373.1m
  Sample 10000/60000 (16.7%) (label=7) | Elapsed: 79.0m | Speed: 2.3 s/s | ETA: 368.5m
  Sample 10100/60000 (16.8%) (label=3) | Elapsed: 79.8m | Speed: 2.2 s/s | ETA: 378.7m
  Sample 10200/60000 (17.0%) (label=9) | Elapsed: 80.5m | Speed: 2.2 s/s | ETA: 370.5m
  Sample 10300/60000 (17.2%) (label=6) | Elapsed: 81.3m | Speed: 2.1 s/s | ETA: 389.2m
  Sample 10400/60000 (17.3%) (label=1) | Elapsed: 82.1m | Speed: 2.1 s/s | ETA: 385.9m
  Sample 10500/60000 (17.5%) (label=8) | Elapsed: 82.8m | Speed: 2.2 s/s | ETA: 367.9m
  Sample 10600/60000 (17.7%) (label=0) | Elapsed: 83.5m | Speed: 2.3 s/s | ETA: 355.1m
  Sample 10700/60000 (17.8%) (label=2) | Elapsed: 84.3m | Speed: 2.2 s/s | ETA: 367.9m
  Sample 10800/60000 (18.0%) (label=9) | Elapsed: 85.0m | Speed: 2.3 s/s | ETA: 359.2m
  Sample 10900/60000 (18.2%) (label=4) | Elapsed: 85.8m | Speed: 2.2 s/s | ETA: 371.6m
  Sample 11000/60000 (18.3%) (label=2) | Elapsed: 86.5m | Speed: 2.2 s/s | ETA: 369.0m
  Sample 11100/60000 (18.5%) (label=7) | Elapsed: 87.3m | Speed: 2.2 s/s | ETA: 365.6m
  Sample 11200/60000 (18.7%) (label=9) | Elapsed: 88.1m | Speed: 2.1 s/s | ETA: 382.5m
  Sample 11300/60000 (18.8%) (label=2) | Elapsed: 88.9m | Speed: 1.9 s/s | ETA: 429.5m
  Sample 11400/60000 (19.0%) (label=7) | Elapsed: 89.8m | Speed: 1.9 s/s | ETA: 420.3m
  Sample 11500/60000 (19.2%) (label=9) | Elapsed: 90.6m | Speed: 2.2 s/s | ETA: 365.3m
  Sample 11600/60000 (19.3%) (label=5) | Elapsed: 91.3m | Speed: 2.2 s/s | ETA: 362.8m
  Sample 11700/60000 (19.5%) (label=6) | Elapsed: 92.0m | Speed: 2.3 s/s | ETA: 350.0m
  Sample 11800/60000 (19.7%) (label=4) | Elapsed: 92.8m | Speed: 2.2 s/s | ETA: 373.5m
  Sample 11900/60000 (19.8%) (label=2) | Elapsed: 93.6m | Speed: 2.2 s/s | ETA: 360.2m
  Sample 12000/60000 (20.0%) (label=3) | Elapsed: 94.3m | Speed: 2.3 s/s | ETA: 355.2m
  Sample 12100/60000 (20.2%) (label=8) | Elapsed: 95.0m | Speed: 2.2 s/s | ETA: 356.7m
  Sample 12200/60000 (20.3%) (label=6) | Elapsed: 95.8m | Speed: 2.3 s/s | ETA: 352.4m
  Sample 12300/60000 (20.5%) (label=2) | Elapsed: 96.5m | Speed: 2.3 s/s | ETA: 344.1m
  Sample 12400/60000 (20.7%) (label=1) | Elapsed: 97.3m | Speed: 2.2 s/s | ETA: 363.0m
  Sample 12500/60000 (20.8%) (label=1) | Elapsed: 98.0m | Speed: 2.2 s/s | ETA: 367.7m
  Sample 12600/60000 (21.0%) (label=7) | Elapsed: 98.8m | Speed: 2.2 s/s | ETA: 367.1m
  Sample 12700/60000 (21.2%) (label=6) | Elapsed: 99.6m | Speed: 2.2 s/s | ETA: 366.3m
  Sample 12800/60000 (21.3%) (label=0) | Elapsed: 100.3m | Speed: 2.3 s/s | ETA: 345.9m
  Sample 12900/60000 (21.5%) (label=8) | Elapsed: 101.0m | Speed: 2.3 s/s | ETA: 337.2m
  Sample 13000/60000 (21.7%) (label=9) | Elapsed: 101.8m | Speed: 2.2 s/s | ETA: 348.8m
  Sample 13100/60000 (21.8%) (label=3) | Elapsed: 102.5m | Speed: 2.3 s/s | ETA: 346.9m
  Sample 13200/60000 (22.0%) (label=7) | Elapsed: 103.3m | Speed: 2.2 s/s | ETA: 347.4m
  Sample 13300/60000 (22.2%) (label=2) | Elapsed: 104.1m | Speed: 1.9 s/s | ETA: 399.4m
  Sample 13400/60000 (22.3%) (label=1) | Elapsed: 105.0m | Speed: 1.9 s/s | ETA: 417.4m
  Sample 13500/60000 (22.5%) (label=9) | Elapsed: 105.9m | Speed: 1.8 s/s | ETA: 427.4m
  Sample 13600/60000 (22.7%) (label=7) | Elapsed: 106.7m | Speed: 2.1 s/s | ETA: 362.0m
  Sample 13700/60000 (22.8%) (label=5) | Elapsed: 107.5m | Speed: 2.2 s/s | ETA: 351.8m
  Sample 13800/60000 (23.0%) (label=0) | Elapsed: 108.2m | Speed: 2.2 s/s | ETA: 343.7m
  Sample 13900/60000 (23.2%) (label=8) | Elapsed: 109.0m | Speed: 2.2 s/s | ETA: 350.0m
  Sample 14000/60000 (23.3%) (label=6) | Elapsed: 109.7m | Speed: 2.3 s/s | ETA: 339.7m
  Sample 14100/60000 (23.5%) (label=3) | Elapsed: 110.4m | Speed: 2.3 s/s | ETA: 331.2m
  Sample 14200/60000 (23.7%) (label=5) | Elapsed: 111.2m | Speed: 2.2 s/s | ETA: 354.1m
  Sample 14300/60000 (23.8%) (label=7) | Elapsed: 112.0m | Speed: 2.1 s/s | ETA: 362.6m
  Sample 14400/60000 (24.0%) (label=6) | Elapsed: 112.8m | Speed: 2.2 s/s | ETA: 351.8m
  Sample 14500/60000 (24.2%) (label=8) | Elapsed: 113.6m | Speed: 2.0 s/s | ETA: 380.7m
  Sample 14600/60000 (24.3%) (label=5) | Elapsed: 114.5m | Speed: 1.8 s/s | ETA: 412.9m
  Sample 14700/60000 (24.5%) (label=9) | Elapsed: 115.4m | Speed: 1.9 s/s | ETA: 404.8m
  Sample 14800/60000 (24.7%) (label=5) | Elapsed: 116.2m | Speed: 2.0 s/s | ETA: 376.7m
  Sample 14900/60000 (24.8%) (label=1) | Elapsed: 117.1m | Speed: 2.1 s/s | ETA: 362.2m
  Sample 15000/60000 (25.0%) (label=7) | Elapsed: 117.8m | Speed: 2.3 s/s | ETA: 325.6m
  Sample 15100/60000 (25.2%) (label=1) | Elapsed: 118.5m | Speed: 2.3 s/s | ETA: 324.8m
  Sample 15200/60000 (25.3%) (label=7) | Elapsed: 119.3m | Speed: 2.2 s/s | ETA: 337.7m
  Sample 15300/60000 (25.5%) (label=4) | Elapsed: 120.0m | Speed: 2.3 s/s | ETA: 325.7m
  Sample 15400/60000 (25.7%) (label=0) | Elapsed: 120.7m | Speed: 2.3 s/s | ETA: 323.6m
  Sample 15500/60000 (25.8%) (label=7) | Elapsed: 121.6m | Speed: 1.9 s/s | ETA: 393.7m
  Sample 15600/60000 (26.0%) (label=8) | Elapsed: 122.5m | Speed: 1.8 s/s | ETA: 422.7m
  Sample 15700/60000 (26.2%) (label=2) | Elapsed: 123.3m | Speed: 2.1 s/s | ETA: 349.0m
  Sample 15800/60000 (26.3%) (label=2) | Elapsed: 124.2m | Speed: 2.0 s/s | ETA: 363.9m
  Sample 15900/60000 (26.5%) (label=9) | Elapsed: 124.9m | Speed: 2.2 s/s | ETA: 340.8m
  Sample 16000/60000 (26.7%) (label=1) | Elapsed: 125.6m | Speed: 2.3 s/s | ETA: 313.0m
  Sample 16100/60000 (26.8%) (label=7) | Elapsed: 126.4m | Speed: 2.3 s/s | ETA: 323.2m
  Sample 16200/60000 (27.0%) (label=7) | Elapsed: 127.1m | Speed: 2.2 s/s | ETA: 335.8m
  Sample 16300/60000 (27.2%) (label=7) | Elapsed: 127.9m | Speed: 2.3 s/s | ETA: 314.5m
  Sample 16400/60000 (27.3%) (label=4) | Elapsed: 128.7m | Speed: 2.0 s/s | ETA: 359.6m
  Sample 16500/60000 (27.5%) (label=5) | Elapsed: 129.5m | Speed: 2.0 s/s | ETA: 359.8m
  Sample 16600/60000 (27.7%) (label=6) | Elapsed: 130.4m | Speed: 2.0 s/s | ETA: 364.9m
  Sample 16700/60000 (27.8%) (label=1) | Elapsed: 131.2m | Speed: 1.9 s/s | ETA: 380.6m
  Sample 16800/60000 (28.0%) (label=9) | Elapsed: 132.2m | Speed: 1.7 s/s | ETA: 413.1m
  Sample 16900/60000 (28.2%) (label=4) | Elapsed: 133.1m | Speed: 1.8 s/s | ETA: 394.1m
  Sample 17000/60000 (28.3%) (label=7) | Elapsed: 133.9m | Speed: 2.1 s/s | ETA: 336.5m
  Sample 17100/60000 (28.5%) (label=5) | Elapsed: 134.6m | Speed: 2.3 s/s | ETA: 314.2m
  Sample 17200/60000 (28.7%) (label=6) | Elapsed: 135.4m | Speed: 2.2 s/s | ETA: 319.0m
  Sample 17300/60000 (28.8%) (label=4) | Elapsed: 136.1m | Speed: 2.3 s/s | ETA: 311.7m
  Sample 17400/60000 (29.0%) (label=4) | Elapsed: 136.8m | Speed: 2.3 s/s | ETA: 303.7m
  Sample 17500/60000 (29.2%) (label=8) | Elapsed: 137.5m | Speed: 2.2 s/s | ETA: 315.1m
  Sample 17600/60000 (29.3%) (label=1) | Elapsed: 138.3m | Speed: 2.2 s/s | ETA: 326.1m
  Sample 17700/60000 (29.5%) (label=3) | Elapsed: 139.1m | Speed: 2.2 s/s | ETA: 317.4m
  Sample 17800/60000 (29.7%) (label=9) | Elapsed: 139.8m | Speed: 2.2 s/s | ETA: 318.1m
  Sample 17900/60000 (29.8%) (label=9) | Elapsed: 140.6m | Speed: 2.3 s/s | ETA: 310.6m
  Sample 18000/60000 (30.0%) (label=8) | Elapsed: 141.4m | Speed: 2.1 s/s | ETA: 341.0m
  Sample 18100/60000 (30.2%) (label=3) | Elapsed: 142.2m | Speed: 2.1 s/s | ETA: 330.4m
  Sample 18200/60000 (30.3%) (label=6) | Elapsed: 143.0m | Speed: 2.0 s/s | ETA: 349.7m
  Sample 18300/60000 (30.5%) (label=3) | Elapsed: 143.8m | Speed: 2.2 s/s | ETA: 317.9m
  Sample 18400/60000 (30.7%) (label=5) | Elapsed: 144.5m | Speed: 2.2 s/s | ETA: 320.2m
  Sample 18500/60000 (30.8%) (label=2) | Elapsed: 145.3m | Speed: 2.2 s/s | ETA: 307.9m
  Sample 18600/60000 (31.0%) (label=0) | Elapsed: 146.0m | Speed: 2.2 s/s | ETA: 313.5m
  Sample 18700/60000 (31.2%) (label=5) | Elapsed: 146.8m | Speed: 2.2 s/s | ETA: 315.2m
  Sample 18800/60000 (31.3%) (label=0) | Elapsed: 147.6m | Speed: 2.0 s/s | ETA: 339.5m
  Sample 18900/60000 (31.5%) (label=1) | Elapsed: 148.3m | Speed: 2.3 s/s | ETA: 295.1m
  Sample 19000/60000 (31.7%) (label=4) | Elapsed: 149.0m | Speed: 2.3 s/s | ETA: 293.2m
  Sample 19100/60000 (31.8%) (label=1) | Elapsed: 149.8m | Speed: 2.3 s/s | ETA: 297.2m
  Sample 19200/60000 (32.0%) (label=7) | Elapsed: 150.5m | Speed: 2.2 s/s | ETA: 307.7m
  Sample 19300/60000 (32.2%) (label=4) | Elapsed: 151.3m | Speed: 2.1 s/s | ETA: 324.0m
  Sample 19400/60000 (32.3%) (label=0) | Elapsed: 152.1m | Speed: 2.2 s/s | ETA: 311.7m
  Sample 19500/60000 (32.5%) (label=4) | Elapsed: 152.8m | Speed: 2.2 s/s | ETA: 305.3m
  Sample 19600/60000 (32.7%) (label=4) | Elapsed: 153.6m | Speed: 2.2 s/s | ETA: 312.8m
  Sample 19700/60000 (32.8%) (label=5) | Elapsed: 154.4m | Speed: 2.3 s/s | ETA: 296.5m
  Sample 19800/60000 (33.0%) (label=6) | Elapsed: 155.1m | Speed: 2.1 s/s | ETA: 319.3m
  Sample 19900/60000 (33.2%) (label=0) | Elapsed: 155.9m | Speed: 2.2 s/s | ETA: 303.5m
  Sample 20000/60000 (33.3%) (label=2) | Elapsed: 156.7m | Speed: 2.2 s/s | ETA: 305.9m
  Sample 20100/60000 (33.5%) (label=3) | Elapsed: 157.4m | Speed: 2.2 s/s | ETA: 298.2m
  Sample 20200/60000 (33.7%) (label=5) | Elapsed: 158.2m | Speed: 2.1 s/s | ETA: 317.5m
  Sample 20300/60000 (33.8%) (label=2) | Elapsed: 159.1m | Speed: 1.9 s/s | ETA: 350.9m
  Sample 20400/60000 (34.0%) (label=4) | Elapsed: 160.1m | Speed: 1.6 s/s | ETA: 402.5m
  Sample 20500/60000 (34.2%) (label=3) | Elapsed: 161.1m | Speed: 1.8 s/s | ETA: 371.5m
  Sample 20600/60000 (34.3%) (label=4) | Elapsed: 161.8m | Speed: 2.2 s/s | ETA: 304.8m
  Sample 20700/60000 (34.5%) (label=1) | Elapsed: 162.6m | Speed: 2.3 s/s | ETA: 288.4m
  Sample 20800/60000 (34.7%) (label=5) | Elapsed: 163.3m | Speed: 2.3 s/s | ETA: 279.8m
  Sample 20900/60000 (34.8%) (label=1) | Elapsed: 164.0m | Speed: 2.3 s/s | ETA: 281.9m
  Sample 21000/60000 (35.0%) (label=4) | Elapsed: 164.7m | Speed: 2.3 s/s | ETA: 278.4m
  Sample 21100/60000 (35.2%) (label=3) | Elapsed: 165.5m | Speed: 2.2 s/s | ETA: 290.9m
  Sample 21200/60000 (35.3%) (label=0) | Elapsed: 166.2m | Speed: 2.3 s/s | ETA: 282.8m
  Sample 21300/60000 (35.5%) (label=0) | Elapsed: 166.9m | Speed: 2.2 s/s | ETA: 288.5m
  Sample 21400/60000 (35.7%) (label=8) | Elapsed: 167.7m | Speed: 2.3 s/s | ETA: 279.3m
  Sample 21500/60000 (35.8%) (label=4) | Elapsed: 168.4m | Speed: 2.3 s/s | ETA: 280.8m
  Sample 21600/60000 (36.0%) (label=6) | Elapsed: 169.1m | Speed: 2.3 s/s | ETA: 282.1m
  Sample 21700/60000 (36.2%) (label=1) | Elapsed: 169.9m | Speed: 2.1 s/s | ETA: 300.1m
  Sample 21800/60000 (36.3%) (label=5) | Elapsed: 170.7m | Speed: 2.0 s/s | ETA: 314.1m
  Sample 21900/60000 (36.5%) (label=1) | Elapsed: 171.7m | Speed: 1.7 s/s | ETA: 367.9m
  Sample 22000/60000 (36.7%) (label=4) | Elapsed: 172.7m | Speed: 1.7 s/s | ETA: 375.6m
  Sample 22100/60000 (36.8%) (label=8) | Elapsed: 173.6m | Speed: 1.8 s/s | ETA: 352.9m
  Sample 22200/60000 (37.0%) (label=2) | Elapsed: 174.6m | Speed: 1.7 s/s | ETA: 364.8m
  Sample 22300/60000 (37.2%) (label=9) | Elapsed: 175.5m | Speed: 1.8 s/s | ETA: 350.9m
  Sample 22400/60000 (37.3%) (label=7) | Elapsed: 176.4m | Speed: 1.8 s/s | ETA: 351.8m
  Sample 22500/60000 (37.5%) (label=8) | Elapsed: 177.4m | Speed: 1.7 s/s | ETA: 363.9m
  Sample 22600/60000 (37.7%) (label=5) | Elapsed: 178.3m | Speed: 1.8 s/s | ETA: 349.1m
  Sample 22700/60000 (37.8%) (label=4) | Elapsed: 179.5m | Speed: 1.5 s/s | ETA: 412.9m
  Sample 22800/60000 (38.0%) (label=9) | Elapsed: 180.5m | Speed: 1.7 s/s | ETA: 371.0m
  Sample 22900/60000 (38.2%) (label=1) | Elapsed: 181.4m | Speed: 1.7 s/s | ETA: 366.2m
  Sample 23000/60000 (38.3%) (label=3) | Elapsed: 182.4m | Speed: 1.7 s/s | ETA: 365.9m
  Sample 23100/60000 (38.5%) (label=2) | Elapsed: 183.4m | Speed: 1.8 s/s | ETA: 340.9m
  Sample 23200/60000 (38.7%) (label=4) | Elapsed: 184.4m | Speed: 1.7 s/s | ETA: 368.4m
  Sample 23300/60000 (38.8%) (label=4) | Elapsed: 185.3m | Speed: 1.7 s/s | ETA: 351.3m
  Sample 23400/60000 (39.0%) (label=1) | Elapsed: 186.3m | Speed: 1.8 s/s | ETA: 345.3m
  Sample 23500/60000 (39.2%) (label=0) | Elapsed: 187.2m | Speed: 1.8 s/s | ETA: 340.4m
  Sample 23600/60000 (39.3%) (label=4) | Elapsed: 188.1m | Speed: 1.9 s/s | ETA: 322.4m
  Sample 23700/60000 (39.5%) (label=6) | Elapsed: 189.0m | Speed: 1.8 s/s | ETA: 339.5m
  Sample 23800/60000 (39.7%) (label=3) | Elapsed: 189.9m | Speed: 1.9 s/s | ETA: 317.0m
  Sample 23900/60000 (39.8%) (label=8) | Elapsed: 190.7m | Speed: 2.1 s/s | ETA: 291.8m
  Sample 24000/60000 (40.0%) (label=4) | Elapsed: 191.6m | Speed: 1.9 s/s | ETA: 318.7m
  Sample 24100/60000 (40.2%) (label=3) | Elapsed: 192.5m | Speed: 1.7 s/s | ETA: 345.0m
  Sample 24200/60000 (40.3%) (label=9) | Elapsed: 193.4m | Speed: 1.9 s/s | ETA: 315.2m
  Sample 24300/60000 (40.5%) (label=3) | Elapsed: 194.2m | Speed: 2.1 s/s | ETA: 286.7m
  Sample 24400/60000 (40.7%) (label=0) | Elapsed: 195.0m | Speed: 2.2 s/s | ETA: 274.9m
  Sample 24500/60000 (40.8%) (label=9) | Elapsed: 195.9m | Speed: 1.9 s/s | ETA: 310.8m
  Sample 24600/60000 (41.0%) (label=7) | Elapsed: 196.7m | Speed: 1.9 s/s | ETA: 310.0m
  Sample 24700/60000 (41.2%) (label=7) | Elapsed: 197.8m | Speed: 1.7 s/s | ETA: 355.0m
  Sample 24800/60000 (41.3%) (label=5) | Elapsed: 198.7m | Speed: 1.7 s/s | ETA: 339.4m
  Sample 24900/60000 (41.5%) (label=3) | Elapsed: 199.5m | Speed: 2.0 s/s | ETA: 292.5m
  Sample 25000/60000 (41.7%) (label=9) | Elapsed: 200.4m | Speed: 1.9 s/s | ETA: 305.9m
  Sample 25100/60000 (41.8%) (label=9) | Elapsed: 201.4m | Speed: 1.8 s/s | ETA: 332.3m
  Sample 25200/60000 (42.0%) (label=0) | Elapsed: 202.3m | Speed: 1.8 s/s | ETA: 316.9m
  Sample 25300/60000 (42.2%) (label=7) | Elapsed: 203.3m | Speed: 1.6 s/s | ETA: 354.3m
  Sample 25400/60000 (42.3%) (label=0) | Elapsed: 204.3m | Speed: 1.7 s/s | ETA: 343.9m
  Sample 25500/60000 (42.5%) (label=6) | Elapsed: 205.2m | Speed: 1.8 s/s | ETA: 318.5m
  Sample 25600/60000 (42.7%) (label=6) | Elapsed: 206.2m | Speed: 1.8 s/s | ETA: 323.5m
  Sample 25700/60000 (42.8%) (label=9) | Elapsed: 207.2m | Speed: 1.7 s/s | ETA: 343.9m
  Sample 25800/60000 (43.0%) (label=8) | Elapsed: 208.1m | Speed: 1.8 s/s | ETA: 325.4m
  Sample 25900/60000 (43.2%) (label=1) | Elapsed: 209.1m | Speed: 1.8 s/s | ETA: 321.4m
  Sample 26000/60000 (43.3%) (label=6) | Elapsed: 210.0m | Speed: 1.8 s/s | ETA: 306.4m
  Sample 26100/60000 (43.5%) (label=1) | Elapsed: 210.8m | Speed: 2.1 s/s | ETA: 273.1m
  Sample 26200/60000 (43.7%) (label=9) | Elapsed: 211.6m | Speed: 1.9 s/s | ETA: 292.2m
  Sample 26300/60000 (43.8%) (label=6) | Elapsed: 212.5m | Speed: 1.9 s/s | ETA: 295.3m
  Sample 26400/60000 (44.0%) (label=3) | Elapsed: 213.3m | Speed: 2.0 s/s | ETA: 280.1m
  Sample 26500/60000 (44.2%) (label=7) | Elapsed: 214.3m | Speed: 1.8 s/s | ETA: 318.5m
  Sample 26600/60000 (44.3%) (label=4) | Elapsed: 215.2m | Speed: 1.8 s/s | ETA: 310.6m
  Sample 26700/60000 (44.5%) (label=7) | Elapsed: 216.1m | Speed: 1.9 s/s | ETA: 288.3m
  Sample 26800/60000 (44.7%) (label=0) | Elapsed: 216.9m | Speed: 2.1 s/s | ETA: 266.6m
  Sample 26900/60000 (44.8%) (label=2) | Elapsed: 217.8m | Speed: 1.9 s/s | ETA: 284.1m
  Sample 27000/60000 (45.0%) (label=0) | Elapsed: 218.6m | Speed: 1.9 s/s | ETA: 282.5m
  Sample 27100/60000 (45.2%) (label=5) | Elapsed: 219.5m | Speed: 1.8 s/s | ETA: 304.6m
  Sample 27200/60000 (45.3%) (label=7) | Elapsed: 220.5m | Speed: 1.8 s/s | ETA: 307.8m
  Sample 27300/60000 (45.5%) (label=8) | Elapsed: 221.5m | Speed: 1.7 s/s | ETA: 323.6m
  Sample 27400/60000 (45.7%) (label=8) | Elapsed: 222.4m | Speed: 1.8 s/s | ETA: 309.6m
  Sample 27500/60000 (45.8%) (label=5) | Elapsed: 223.2m | Speed: 2.1 s/s | ETA: 261.0m
  Sample 27600/60000 (46.0%) (label=8) | Elapsed: 224.2m | Speed: 1.7 s/s | ETA: 310.2m
  Sample 27700/60000 (46.2%) (label=5) | Elapsed: 225.1m | Speed: 1.7 s/s | ETA: 316.4m
  Sample 27800/60000 (46.3%) (label=6) | Elapsed: 226.0m | Speed: 2.0 s/s | ETA: 272.7m
  Sample 27900/60000 (46.5%) (label=3) | Elapsed: 226.9m | Speed: 2.0 s/s | ETA: 274.0m
  Sample 28000/60000 (46.7%) (label=8) | Elapsed: 227.7m | Speed: 1.9 s/s | ETA: 280.0m
  Sample 28100/60000 (46.8%) (label=1) | Elapsed: 228.7m | Speed: 1.8 s/s | ETA: 296.1m
  Sample 28200/60000 (47.0%) (label=3) | Elapsed: 229.4m | Speed: 2.1 s/s | ETA: 249.8m
  Sample 28300/60000 (47.2%) (label=3) | Elapsed: 230.2m | Speed: 2.1 s/s | ETA: 246.6m
  Sample 28400/60000 (47.3%) (label=7) | Elapsed: 231.1m | Speed: 1.8 s/s | ETA: 289.3m
  Sample 28500/60000 (47.5%) (label=3) | Elapsed: 232.1m | Speed: 1.7 s/s | ETA: 305.8m
  Sample 28600/60000 (47.7%) (label=4) | Elapsed: 233.0m | Speed: 1.8 s/s | ETA: 288.0m
  Sample 28700/60000 (47.8%) (label=8) | Elapsed: 234.1m | Speed: 1.6 s/s | ETA: 325.7m
  Sample 28800/60000 (48.0%) (label=4) | Elapsed: 235.1m | Speed: 1.6 s/s | ETA: 319.9m
  Sample 28900/60000 (48.2%) (label=5) | Elapsed: 236.2m | Speed: 1.6 s/s | ETA: 333.5m
  Sample 29000/60000 (48.3%) (label=8) | Elapsed: 237.1m | Speed: 1.8 s/s | ETA: 282.7m
  Sample 29100/60000 (48.5%) (label=7) | Elapsed: 238.0m | Speed: 1.8 s/s | ETA: 288.3m
  Sample 29200/60000 (48.7%) (label=0) | Elapsed: 238.9m | Speed: 1.9 s/s | ETA: 267.4m
  Sample 29300/60000 (48.8%) (label=8) | Elapsed: 239.8m | Speed: 1.7 s/s | ETA: 295.3m
  Sample 29400/60000 (49.0%) (label=6) | Elapsed: 240.8m | Speed: 1.7 s/s | ETA: 296.1m
  Sample 29500/60000 (49.2%) (label=1) | Elapsed: 241.8m | Speed: 1.7 s/s | ETA: 297.8m
  Sample 29600/60000 (49.3%) (label=0) | Elapsed: 242.7m | Speed: 1.7 s/s | ETA: 289.9m
  Sample 29700/60000 (49.5%) (label=2) | Elapsed: 243.7m | Speed: 1.7 s/s | ETA: 289.8m
  Sample 29800/60000 (49.7%) (label=7) | Elapsed: 244.6m | Speed: 1.8 s/s | ETA: 283.7m
  Sample 29900/60000 (49.8%) (label=3) | Elapsed: 245.7m | Speed: 1.6 s/s | ETA: 312.2m
  Sample 30000/60000 (50.0%) (label=1) | Elapsed: 246.6m | Speed: 1.7 s/s | ETA: 286.4m
  Sample 30100/60000 (50.2%) (label=9) | Elapsed: 247.6m | Speed: 1.7 s/s | ETA: 297.2m
  Sample 30200/60000 (50.3%) (label=6) | Elapsed: 248.5m | Speed: 1.8 s/s | ETA: 273.5m
  Sample 30300/60000 (50.5%) (label=1) | Elapsed: 249.5m | Speed: 1.8 s/s | ETA: 277.8m
  Sample 30400/60000 (50.7%) (label=5) | Elapsed: 250.5m | Speed: 1.7 s/s | ETA: 297.3m
  Sample 30500/60000 (50.8%) (label=5) | Elapsed: 251.5m | Speed: 1.7 s/s | ETA: 296.4m
  Sample 30600/60000 (51.0%) (label=7) | Elapsed: 252.5m | Speed: 1.7 s/s | ETA: 290.7m
  Sample 30700/60000 (51.2%) (label=0) | Elapsed: 253.4m | Speed: 1.7 s/s | ETA: 282.2m
  Sample 30800/60000 (51.3%) (label=6) | Elapsed: 254.3m | Speed: 1.9 s/s | ETA: 257.9m
  Sample 30900/60000 (51.5%) (label=9) | Elapsed: 255.2m | Speed: 1.8 s/s | ETA: 269.2m
  Sample 31000/60000 (51.7%) (label=8) | Elapsed: 256.2m | Speed: 1.8 s/s | ETA: 269.4m
  Sample 31100/60000 (51.8%) (label=5) | Elapsed: 257.2m | Speed: 1.6 s/s | ETA: 294.2m
  Sample 31200/60000 (52.0%) (label=0) | Elapsed: 258.2m | Speed: 1.7 s/s | ETA: 282.9m
  Sample 31300/60000 (52.2%) (label=9) | Elapsed: 259.1m | Speed: 1.8 s/s | ETA: 266.1m
  Sample 31400/60000 (52.3%) (label=8) | Elapsed: 260.2m | Speed: 1.5 s/s | ETA: 318.0m
  Sample 31500/60000 (52.5%) (label=5) | Elapsed: 261.2m | Speed: 1.7 s/s | ETA: 280.0m
  Sample 31600/60000 (52.7%) (label=8) | Elapsed: 262.2m | Speed: 1.7 s/s | ETA: 277.6m
  Sample 31700/60000 (52.8%) (label=7) | Elapsed: 263.2m | Speed: 1.6 s/s | ETA: 287.3m
  Sample 31800/60000 (53.0%) (label=7) | Elapsed: 264.2m | Speed: 1.6 s/s | ETA: 289.6m
  Sample 31900/60000 (53.2%) (label=7) | Elapsed: 265.1m | Speed: 1.8 s/s | ETA: 260.6m
  Sample 32000/60000 (53.3%) (label=5) | Elapsed: 266.2m | Speed: 1.5 s/s | ETA: 302.0m
  Sample 32100/60000 (53.5%) (label=7) | Elapsed: 267.1m | Speed: 1.9 s/s | ETA: 243.1m
  Sample 32200/60000 (53.7%) (label=8) | Elapsed: 268.1m | Speed: 1.7 s/s | ETA: 270.7m
  Sample 32300/60000 (53.8%) (label=3) | Elapsed: 269.1m | Speed: 1.7 s/s | ETA: 276.1m
  Sample 32400/60000 (54.0%) (label=0) | Elapsed: 270.0m | Speed: 1.8 s/s | ETA: 259.1m
  Sample 32500/60000 (54.2%) (label=4) | Elapsed: 271.0m | Speed: 1.7 s/s | ETA: 269.5m
  Sample 32600/60000 (54.3%) (label=7) | Elapsed: 271.9m | Speed: 1.7 s/s | ETA: 262.2m
  Sample 32700/60000 (54.5%) (label=5) | Elapsed: 272.8m | Speed: 1.8 s/s | ETA: 250.4m
  Sample 32800/60000 (54.7%) (label=3) | Elapsed: 273.8m | Speed: 1.7 s/s | ETA: 259.2m
  Sample 32900/60000 (54.8%) (label=0) | Elapsed: 274.8m | Speed: 1.7 s/s | ETA: 258.9m
  Sample 33000/60000 (55.0%) (label=6) | Elapsed: 275.7m | Speed: 1.8 s/s | ETA: 253.7m
  Sample 33100/60000 (55.2%) (label=3) | Elapsed: 276.8m | Speed: 1.6 s/s | ETA: 286.7m
  Sample 33200/60000 (55.3%) (label=9) | Elapsed: 277.7m | Speed: 1.7 s/s | ETA: 255.3m
  Sample 33300/60000 (55.5%) (label=3) | Elapsed: 278.6m | Speed: 1.8 s/s | ETA: 249.9m
  Sample 33400/60000 (55.7%) (label=3) | Elapsed: 279.6m | Speed: 1.8 s/s | ETA: 244.0m
  Sample 33500/60000 (55.8%) (label=7) | Elapsed: 280.6m | Speed: 1.6 s/s | ETA: 282.6m
  Sample 33600/60000 (56.0%) (label=9) | Elapsed: 281.6m | Speed: 1.7 s/s | ETA: 253.9m
  Sample 33700/60000 (56.2%) (label=9) | Elapsed: 282.6m | Speed: 1.7 s/s | ETA: 260.7m
  Sample 33800/60000 (56.3%) (label=1) | Elapsed: 283.6m | Speed: 1.7 s/s | ETA: 257.1m
  Sample 33900/60000 (56.5%) (label=9) | Elapsed: 284.5m | Speed: 1.8 s/s | ETA: 242.5m
  Sample 34000/60000 (56.7%) (label=9) | Elapsed: 285.4m | Speed: 1.9 s/s | ETA: 229.2m
  Sample 34100/60000 (56.8%) (label=0) | Elapsed: 286.2m | Speed: 2.0 s/s | ETA: 218.8m
  Sample 34200/60000 (57.0%) (label=1) | Elapsed: 287.0m | Speed: 2.2 s/s | ETA: 195.6m
  Sample 34300/60000 (57.2%) (label=5) | Elapsed: 287.7m | Speed: 2.2 s/s | ETA: 194.3m
  Sample 34400/60000 (57.3%) (label=9) | Elapsed: 288.5m | Speed: 2.3 s/s | ETA: 189.4m
  Sample 34500/60000 (57.5%) (label=6) | Elapsed: 289.3m | Speed: 2.1 s/s | ETA: 206.8m
  Sample 34600/60000 (57.7%) (label=7) | Elapsed: 290.1m | Speed: 2.0 s/s | ETA: 210.4m
  Sample 34700/60000 (57.8%) (label=0) | Elapsed: 291.0m | Speed: 1.9 s/s | ETA: 222.3m
  Sample 34800/60000 (58.0%) (label=2) | Elapsed: 291.9m | Speed: 1.8 s/s | ETA: 239.1m
  Sample 34900/60000 (58.2%) (label=7) | Elapsed: 292.9m | Speed: 1.7 s/s | ETA: 239.3m
  Sample 35000/60000 (58.3%) (label=0) | Elapsed: 294.0m | Speed: 1.5 s/s | ETA: 276.6m
  Sample 35100/60000 (58.5%) (label=6) | Elapsed: 294.9m | Speed: 1.8 s/s | ETA: 234.5m
  Sample 35200/60000 (58.7%) (label=7) | Elapsed: 295.8m | Speed: 1.9 s/s | ETA: 222.7m
  Sample 35300/60000 (58.8%) (label=1) | Elapsed: 296.8m | Speed: 1.8 s/s | ETA: 230.2m
  Sample 35400/60000 (59.0%) (label=1) | Elapsed: 297.8m | Speed: 1.7 s/s | ETA: 246.5m
  Sample 35500/60000 (59.2%) (label=7) | Elapsed: 298.8m | Speed: 1.6 s/s | ETA: 248.2m
  Sample 35600/60000 (59.3%) (label=2) | Elapsed: 299.7m | Speed: 1.8 s/s | ETA: 229.1m
  Sample 35700/60000 (59.5%) (label=1) | Elapsed: 300.7m | Speed: 1.7 s/s | ETA: 244.6m
  Sample 35800/60000 (59.7%) (label=5) | Elapsed: 301.8m | Speed: 1.6 s/s | ETA: 250.7m
  Sample 35900/60000 (59.8%) (label=7) | Elapsed: 302.8m | Speed: 1.5 s/s | ETA: 259.6m
  Sample 36000/60000 (60.0%) (label=0) | Elapsed: 303.8m | Speed: 1.7 s/s | ETA: 229.7m
  Sample 36100/60000 (60.2%) (label=8) | Elapsed: 304.8m | Speed: 1.7 s/s | ETA: 233.8m
  Sample 36200/60000 (60.3%) (label=8) | Elapsed: 305.8m | Speed: 1.6 s/s | ETA: 244.8m
  Sample 36300/60000 (60.5%) (label=8) | Elapsed: 306.8m | Speed: 1.8 s/s | ETA: 224.1m
  Sample 36400/60000 (60.7%) (label=4) | Elapsed: 307.9m | Speed: 1.5 s/s | ETA: 257.8m
  Sample 36500/60000 (60.8%) (label=9) | Elapsed: 308.9m | Speed: 1.7 s/s | ETA: 234.9m
  Sample 36600/60000 (61.0%) (label=5) | Elapsed: 309.9m | Speed: 1.6 s/s | ETA: 243.2m
  Sample 36700/60000 (61.2%) (label=6) | Elapsed: 310.8m | Speed: 1.9 s/s | ETA: 204.4m
  Sample 36800/60000 (61.3%) (label=7) | Elapsed: 311.5m | Speed: 2.1 s/s | ETA: 181.4m
  Sample 36900/60000 (61.5%) (label=3) | Elapsed: 312.3m | Speed: 2.3 s/s | ETA: 167.1m
  Sample 37000/60000 (61.7%) (label=5) | Elapsed: 313.0m | Speed: 2.3 s/s | ETA: 170.0m
  Sample 37100/60000 (61.8%) (label=0) | Elapsed: 313.7m | Speed: 2.3 s/s | ETA: 169.1m
  Sample 37200/60000 (62.0%) (label=2) | Elapsed: 314.5m | Speed: 2.2 s/s | ETA: 172.1m
  Sample 37300/60000 (62.2%) (label=8) | Elapsed: 315.2m | Speed: 2.3 s/s | ETA: 165.6m
  Sample 37400/60000 (62.3%) (label=7) | Elapsed: 316.0m | Speed: 2.3 s/s | ETA: 162.1m
  Sample 37500/60000 (62.5%) (label=1) | Elapsed: 316.7m | Speed: 2.3 s/s | ETA: 163.6m
  Sample 37600/60000 (62.7%) (label=6) | Elapsed: 317.4m | Speed: 2.4 s/s | ETA: 157.8m
  Sample 37700/60000 (62.8%) (label=5) | Elapsed: 318.1m | Speed: 2.4 s/s | ETA: 156.5m
  Sample 37800/60000 (63.0%) (label=4) | Elapsed: 318.8m | Speed: 2.3 s/s | ETA: 161.5m
  Sample 37900/60000 (63.2%) (label=4) | Elapsed: 319.6m | Speed: 2.2 s/s | ETA: 165.0m
  Sample 38000/60000 (63.3%) (label=7) | Elapsed: 320.3m | Speed: 2.3 s/s | ETA: 162.7m
  Sample 38100/60000 (63.5%) (label=0) | Elapsed: 321.0m | Speed: 2.4 s/s | ETA: 151.4m
  Sample 38200/60000 (63.7%) (label=3) | Elapsed: 321.7m | Speed: 2.3 s/s | ETA: 161.1m
  Sample 38300/60000 (63.8%) (label=6) | Elapsed: 322.5m | Speed: 2.2 s/s | ETA: 162.0m
  Sample 38400/60000 (64.0%) (label=3) | Elapsed: 323.2m | Speed: 2.4 s/s | ETA: 150.5m
  Sample 38500/60000 (64.2%) (label=1) | Elapsed: 323.9m | Speed: 2.3 s/s | ETA: 155.7m
  Sample 38600/60000 (64.3%) (label=0) | Elapsed: 324.6m | Speed: 2.4 s/s | ETA: 151.6m
  Sample 38700/60000 (64.5%) (label=6) | Elapsed: 325.3m | Speed: 2.3 s/s | ETA: 154.7m
  Sample 38800/60000 (64.7%) (label=8) | Elapsed: 326.0m | Speed: 2.4 s/s | ETA: 149.1m
  Sample 38900/60000 (64.8%) (label=9) | Elapsed: 326.8m | Speed: 2.3 s/s | ETA: 154.1m
  Sample 39000/60000 (65.0%) (label=9) | Elapsed: 327.5m | Speed: 2.3 s/s | ETA: 154.2m
  Sample 39100/60000 (65.2%) (label=3) | Elapsed: 328.2m | Speed: 2.3 s/s | ETA: 150.7m
  Sample 39200/60000 (65.3%) (label=9) | Elapsed: 329.0m | Speed: 2.2 s/s | ETA: 158.1m
  Sample 39300/60000 (65.5%) (label=2) | Elapsed: 329.7m | Speed: 2.2 s/s | ETA: 156.6m
  Sample 39400/60000 (65.7%) (label=7) | Elapsed: 330.5m | Speed: 2.2 s/s | ETA: 156.2m
  Sample 39500/60000 (65.8%) (label=8) | Elapsed: 331.2m | Speed: 2.2 s/s | ETA: 152.1m
  Sample 39600/60000 (66.0%) (label=8) | Elapsed: 332.0m | Speed: 2.2 s/s | ETA: 153.6m
  Sample 39700/60000 (66.2%) (label=1) | Elapsed: 332.7m | Speed: 2.3 s/s | ETA: 146.4m
  Sample 39800/60000 (66.3%) (label=4) | Elapsed: 333.4m | Speed: 2.3 s/s | ETA: 147.8m
  Sample 39900/60000 (66.5%) (label=2) | Elapsed: 334.2m | Speed: 2.2 s/s | ETA: 150.7m
  Sample 40000/60000 (66.7%) (label=5) | Elapsed: 335.0m | Speed: 2.1 s/s | ETA: 162.3m
  Sample 40100/60000 (66.8%) (label=0) | Elapsed: 335.9m | Speed: 1.9 s/s | ETA: 173.4m
  Sample 40200/60000 (67.0%) (label=0) | Elapsed: 336.7m | Speed: 2.0 s/s | ETA: 166.7m
  Sample 40300/60000 (67.2%) (label=4) | Elapsed: 337.6m | Speed: 1.8 s/s | ETA: 180.7m
  Sample 40400/60000 (67.3%) (label=1) | Elapsed: 338.4m | Speed: 2.1 s/s | ETA: 156.4m
  Sample 40500/60000 (67.5%) (label=9) | Elapsed: 339.2m | Speed: 2.0 s/s | ETA: 159.2m
  Sample 40600/60000 (67.7%) (label=5) | Elapsed: 340.0m | Speed: 2.1 s/s | ETA: 153.3m
  Sample 40700/60000 (67.8%) (label=2) | Elapsed: 340.8m | Speed: 2.3 s/s | ETA: 140.2m
  Sample 40800/60000 (68.0%) (label=9) | Elapsed: 341.5m | Speed: 2.2 s/s | ETA: 145.6m
  Sample 40900/60000 (68.2%) (label=2) | Elapsed: 342.3m | Speed: 2.1 s/s | ETA: 152.7m
  Sample 41000/60000 (68.3%) (label=1) | Elapsed: 343.1m | Speed: 2.1 s/s | ETA: 148.0m
  Sample 41100/60000 (68.5%) (label=7) | Elapsed: 344.0m | Speed: 1.9 s/s | ETA: 164.4m
  Sample 41200/60000 (68.7%) (label=9) | Elapsed: 344.8m | Speed: 1.9 s/s | ETA: 162.1m
  Sample 41300/60000 (68.8%) (label=3) | Elapsed: 345.6m | Speed: 2.2 s/s | ETA: 143.4m
  Sample 41400/60000 (69.0%) (label=2) | Elapsed: 346.4m | Speed: 2.2 s/s | ETA: 139.9m
  Sample 41500/60000 (69.2%) (label=4) | Elapsed: 347.1m | Speed: 2.2 s/s | ETA: 140.3m
  Sample 41600/60000 (69.3%) (label=9) | Elapsed: 347.9m | Speed: 2.2 s/s | ETA: 137.4m
  Sample 41700/60000 (69.5%) (label=8) | Elapsed: 348.6m | Speed: 2.3 s/s | ETA: 135.3m
  Sample 41800/60000 (69.7%) (label=1) | Elapsed: 349.3m | Speed: 2.3 s/s | ETA: 132.7m
  Sample 41900/60000 (69.8%) (label=6) | Elapsed: 350.1m | Speed: 2.3 s/s | ETA: 132.0m
  Sample 42000/60000 (70.0%) (label=0) | Elapsed: 350.9m | Speed: 2.0 s/s | ETA: 151.0m
  Sample 42100/60000 (70.2%) (label=4) | Elapsed: 351.7m | Speed: 2.1 s/s | ETA: 143.8m
  Sample 42200/60000 (70.3%) (label=3) | Elapsed: 352.4m | Speed: 2.2 s/s | ETA: 132.3m
  Sample 42300/60000 (70.5%) (label=8) | Elapsed: 353.2m | Speed: 2.3 s/s | ETA: 130.3m
  Sample 42400/60000 (70.7%) (label=4) | Elapsed: 353.9m | Speed: 2.2 s/s | ETA: 135.1m
  Sample 42500/60000 (70.8%) (label=0) | Elapsed: 354.7m | Speed: 2.3 s/s | ETA: 125.1m
  Sample 42600/60000 (71.0%) (label=0) | Elapsed: 355.4m | Speed: 2.3 s/s | ETA: 126.5m
  Sample 42700/60000 (71.2%) (label=8) | Elapsed: 356.2m | Speed: 2.2 s/s | ETA: 132.6m
  Sample 42800/60000 (71.3%) (label=2) | Elapsed: 356.9m | Speed: 2.2 s/s | ETA: 129.6m
  Sample 42900/60000 (71.5%) (label=1) | Elapsed: 357.6m | Speed: 2.3 s/s | ETA: 126.6m
  Sample 43000/60000 (71.7%) (label=1) | Elapsed: 358.4m | Speed: 2.3 s/s | ETA: 124.0m
  Sample 43100/60000 (71.8%) (label=8) | Elapsed: 359.1m | Speed: 2.3 s/s | ETA: 123.5m
  Sample 43200/60000 (72.0%) (label=5) | Elapsed: 359.8m | Speed: 2.3 s/s | ETA: 124.1m
  Sample 43300/60000 (72.2%) (label=8) | Elapsed: 360.6m | Speed: 2.2 s/s | ETA: 125.1m
  Sample 43400/60000 (72.3%) (label=6) | Elapsed: 361.4m | Speed: 2.1 s/s | ETA: 134.9m
  Sample 43500/60000 (72.5%) (label=9) | Elapsed: 362.2m | Speed: 2.2 s/s | ETA: 123.9m
  Sample 43600/60000 (72.7%) (label=3) | Elapsed: 362.9m | Speed: 2.3 s/s | ETA: 119.1m
  Sample 43700/60000 (72.8%) (label=5) | Elapsed: 363.6m | Speed: 2.3 s/s | ETA: 119.2m
  Sample 43800/60000 (73.0%) (label=5) | Elapsed: 364.3m | Speed: 2.3 s/s | ETA: 118.2m
  Sample 43900/60000 (73.2%) (label=2) | Elapsed: 365.1m | Speed: 2.3 s/s | ETA: 115.2m
  Sample 44000/60000 (73.3%) (label=9) | Elapsed: 365.8m | Speed: 2.3 s/s | ETA: 115.6m
  Sample 44100/60000 (73.5%) (label=5) | Elapsed: 366.5m | Speed: 2.3 s/s | ETA: 116.7m
  Sample 44200/60000 (73.7%) (label=0) | Elapsed: 367.2m | Speed: 2.3 s/s | ETA: 113.5m
  Sample 44300/60000 (73.8%) (label=8) | Elapsed: 368.0m | Speed: 2.3 s/s | ETA: 113.0m
  Sample 44400/60000 (74.0%) (label=0) | Elapsed: 368.8m | Speed: 2.0 s/s | ETA: 128.1m
  Sample 44500/60000 (74.2%) (label=4) | Elapsed: 369.5m | Speed: 2.2 s/s | ETA: 118.9m
  Sample 44600/60000 (74.3%) (label=0) | Elapsed: 370.3m | Speed: 2.2 s/s | ETA: 115.5m
  Sample 44700/60000 (74.5%) (label=8) | Elapsed: 371.0m | Speed: 2.2 s/s | ETA: 114.3m
  Sample 44800/60000 (74.7%) (label=3) | Elapsed: 371.8m | Speed: 2.3 s/s | ETA: 108.8m
  Sample 44900/60000 (74.8%) (label=1) | Elapsed: 372.5m | Speed: 2.3 s/s | ETA: 109.7m
  Sample 45000/60000 (75.0%) (label=5) | Elapsed: 373.2m | Speed: 2.3 s/s | ETA: 111.0m
  Sample 45100/60000 (75.2%) (label=2) | Elapsed: 374.0m | Speed: 2.1 s/s | ETA: 118.7m
  Sample 45200/60000 (75.3%) (label=8) | Elapsed: 374.8m | Speed: 2.2 s/s | ETA: 111.4m
  Sample 45300/60000 (75.5%) (label=4) | Elapsed: 375.5m | Speed: 2.3 s/s | ETA: 106.0m
  Sample 45400/60000 (75.7%) (label=8) | Elapsed: 376.2m | Speed: 2.2 s/s | ETA: 108.8m
  Sample 45500/60000 (75.8%) (label=1) | Elapsed: 377.0m | Speed: 2.3 s/s | ETA: 106.2m
  Sample 45600/60000 (76.0%) (label=3) | Elapsed: 377.7m | Speed: 2.3 s/s | ETA: 104.8m
  Sample 45700/60000 (76.2%) (label=3) | Elapsed: 378.4m | Speed: 2.3 s/s | ETA: 103.5m
  Sample 45800/60000 (76.3%) (label=2) | Elapsed: 379.1m | Speed: 2.3 s/s | ETA: 101.1m
  Sample 45900/60000 (76.5%) (label=5) | Elapsed: 379.9m | Speed: 2.3 s/s | ETA: 102.5m
  Sample 46000/60000 (76.7%) (label=1) | Elapsed: 380.6m | Speed: 2.3 s/s | ETA: 103.3m
  Sample 46100/60000 (76.8%) (label=8) | Elapsed: 381.3m | Speed: 2.3 s/s | ETA: 99.0m
  Sample 46200/60000 (77.0%) (label=1) | Elapsed: 382.0m | Speed: 2.3 s/s | ETA: 100.3m
  Sample 46300/60000 (77.2%) (label=8) | Elapsed: 382.8m | Speed: 2.3 s/s | ETA: 98.8m
  Sample 46400/60000 (77.3%) (label=8) | Elapsed: 383.5m | Speed: 2.3 s/s | ETA: 97.7m
  Sample 46500/60000 (77.5%) (label=1) | Elapsed: 384.2m | Speed: 2.3 s/s | ETA: 97.8m
  Sample 46600/60000 (77.7%) (label=5) | Elapsed: 384.9m | Speed: 2.3 s/s | ETA: 95.8m
  Sample 46700/60000 (77.8%) (label=8) | Elapsed: 385.7m | Speed: 2.3 s/s | ETA: 97.7m
  Sample 46800/60000 (78.0%) (label=7) | Elapsed: 386.4m | Speed: 2.2 s/s | ETA: 98.8m
  Sample 46900/60000 (78.2%) (label=3) | Elapsed: 387.1m | Speed: 2.3 s/s | ETA: 95.7m
  Sample 47000/60000 (78.3%) (label=5) | Elapsed: 387.9m | Speed: 2.2 s/s | ETA: 96.3m
  Sample 47100/60000 (78.5%) (label=8) | Elapsed: 388.6m | Speed: 2.3 s/s | ETA: 93.9m
  Sample 47200/60000 (78.7%) (label=2) | Elapsed: 389.3m | Speed: 2.3 s/s | ETA: 94.3m
  Sample 47300/60000 (78.8%) (label=4) | Elapsed: 390.1m | Speed: 2.3 s/s | ETA: 93.2m
  Sample 47400/60000 (79.0%) (label=7) | Elapsed: 390.8m | Speed: 2.3 s/s | ETA: 92.6m
  Sample 47500/60000 (79.2%) (label=2) | Elapsed: 391.5m | Speed: 2.3 s/s | ETA: 92.0m
  Sample 47600/60000 (79.3%) (label=0) | Elapsed: 392.3m | Speed: 2.3 s/s | ETA: 91.7m
  Sample 47700/60000 (79.5%) (label=6) | Elapsed: 393.0m | Speed: 2.2 s/s | ETA: 93.0m
  Sample 47800/60000 (79.7%) (label=1) | Elapsed: 393.8m | Speed: 2.3 s/s | ETA: 89.8m
  Sample 47900/60000 (79.8%) (label=9) | Elapsed: 394.6m | Speed: 2.1 s/s | ETA: 94.8m
  Sample 48000/60000 (80.0%) (label=2) | Elapsed: 395.3m | Speed: 2.2 s/s | ETA: 89.4m
  Sample 48100/60000 (80.2%) (label=1) | Elapsed: 396.1m | Speed: 2.2 s/s | ETA: 91.5m
  Sample 48200/60000 (80.3%) (label=6) | Elapsed: 396.8m | Speed: 2.2 s/s | ETA: 91.2m
  Sample 48300/60000 (80.5%) (label=0) | Elapsed: 397.7m | Speed: 1.9 s/s | ETA: 101.0m
  Sample 48400/60000 (80.7%) (label=4) | Elapsed: 398.6m | Speed: 2.0 s/s | ETA: 98.8m
  Sample 48500/60000 (80.8%) (label=3) | Elapsed: 399.5m | Speed: 1.8 s/s | ETA: 106.5m
  Sample 48600/60000 (81.0%) (label=3) | Elapsed: 400.3m | Speed: 2.1 s/s | ETA: 91.6m
  Sample 48700/60000 (81.2%) (label=2) | Elapsed: 401.1m | Speed: 2.1 s/s | ETA: 88.4m
  Sample 48800/60000 (81.3%) (label=2) | Elapsed: 401.8m | Speed: 2.2 s/s | ETA: 86.4m
  Sample 48900/60000 (81.5%) (label=2) | Elapsed: 402.6m | Speed: 2.2 s/s | ETA: 82.7m
  Sample 49000/60000 (81.7%) (label=6) | Elapsed: 403.3m | Speed: 2.3 s/s | ETA: 79.3m
  Sample 49100/60000 (81.8%) (label=1) | Elapsed: 404.1m | Speed: 2.2 s/s | ETA: 81.5m
  Sample 49200/60000 (82.0%) (label=0) | Elapsed: 404.8m | Speed: 2.2 s/s | ETA: 80.2m
  Sample 49300/60000 (82.2%) (label=4) | Elapsed: 405.5m | Speed: 2.3 s/s | ETA: 78.7m
  Sample 49400/60000 (82.3%) (label=7) | Elapsed: 406.2m | Speed: 2.3 s/s | ETA: 76.1m
  Sample 49500/60000 (82.5%) (label=1) | Elapsed: 407.0m | Speed: 2.3 s/s | ETA: 77.4m
  Sample 49600/60000 (82.7%) (label=9) | Elapsed: 407.7m | Speed: 2.2 s/s | ETA: 78.3m
  Sample 49700/60000 (82.8%) (label=6) | Elapsed: 408.5m | Speed: 2.2 s/s | ETA: 76.8m
  Sample 49800/60000 (83.0%) (label=7) | Elapsed: 409.2m | Speed: 2.3 s/s | ETA: 73.8m
  Sample 49900/60000 (83.2%) (label=1) | Elapsed: 409.9m | Speed: 2.3 s/s | ETA: 73.1m
  Sample 50000/60000 (83.3%) (label=8) | Elapsed: 410.7m | Speed: 2.3 s/s | ETA: 73.0m
  Sample 50100/60000 (83.5%) (label=9) | Elapsed: 411.4m | Speed: 2.3 s/s | ETA: 72.4m
  Sample 50200/60000 (83.7%) (label=6) | Elapsed: 412.1m | Speed: 2.3 s/s | ETA: 72.3m
  Sample 50300/60000 (83.8%) (label=4) | Elapsed: 412.9m | Speed: 2.3 s/s | ETA: 71.7m
  Sample 50400/60000 (84.0%) (label=5) | Elapsed: 413.6m | Speed: 2.3 s/s | ETA: 70.1m
  Sample 50500/60000 (84.2%) (label=8) | Elapsed: 414.3m | Speed: 2.3 s/s | ETA: 68.1m
  Sample 50600/60000 (84.3%) (label=4) | Elapsed: 415.1m | Speed: 2.3 s/s | ETA: 69.5m
  Sample 50700/60000 (84.5%) (label=4) | Elapsed: 415.8m | Speed: 2.2 s/s | ETA: 70.0m
  Sample 50800/60000 (84.7%) (label=1) | Elapsed: 416.6m | Speed: 2.2 s/s | ETA: 68.4m
  Sample 50900/60000 (84.8%) (label=2) | Elapsed: 417.3m | Speed: 2.2 s/s | ETA: 69.0m
  Sample 51000/60000 (85.0%) (label=7) | Elapsed: 418.1m | Speed: 2.2 s/s | ETA: 67.7m
  Sample 51100/60000 (85.2%) (label=9) | Elapsed: 418.8m | Speed: 2.3 s/s | ETA: 65.8m
  Sample 51200/60000 (85.3%) (label=4) | Elapsed: 419.6m | Speed: 2.2 s/s | ETA: 65.7m
  Sample 51300/60000 (85.5%) (label=0) | Elapsed: 420.3m | Speed: 2.2 s/s | ETA: 65.3m
  Sample 51400/60000 (85.7%) (label=2) | Elapsed: 421.1m | Speed: 2.1 s/s | ETA: 68.6m
  Sample 51500/60000 (85.8%) (label=0) | Elapsed: 421.8m | Speed: 2.3 s/s | ETA: 62.6m
  Sample 51600/60000 (86.0%) (label=2) | Elapsed: 422.6m | Speed: 2.2 s/s | ETA: 62.6m
  Sample 51700/60000 (86.2%) (label=2) | Elapsed: 423.3m | Speed: 2.3 s/s | ETA: 61.0m
  Sample 51800/60000 (86.3%) (label=3) | Elapsed: 424.0m | Speed: 2.3 s/s | ETA: 59.3m
  Sample 51900/60000 (86.5%) (label=8) | Elapsed: 424.8m | Speed: 2.3 s/s | ETA: 58.9m
  Sample 52000/60000 (86.7%) (label=0) | Elapsed: 425.5m | Speed: 2.3 s/s | ETA: 58.6m
  Sample 52100/60000 (86.8%) (label=2) | Elapsed: 426.2m | Speed: 2.3 s/s | ETA: 56.4m
  Sample 52200/60000 (87.0%) (label=7) | Elapsed: 426.9m | Speed: 2.3 s/s | ETA: 55.6m
  Sample 52300/60000 (87.2%) (label=4) | Elapsed: 427.6m | Speed: 2.3 s/s | ETA: 55.2m
  Sample 52400/60000 (87.3%) (label=5) | Elapsed: 428.4m | Speed: 2.3 s/s | ETA: 54.4m
  Sample 52500/60000 (87.5%) (label=4) | Elapsed: 429.1m | Speed: 2.3 s/s | ETA: 55.4m
  Sample 52600/60000 (87.7%) (label=0) | Elapsed: 429.8m | Speed: 2.3 s/s | ETA: 54.6m
  Sample 52700/60000 (87.8%) (label=8) | Elapsed: 430.6m | Speed: 2.3 s/s | ETA: 53.1m
  Sample 52800/60000 (88.0%) (label=0) | Elapsed: 431.3m | Speed: 2.3 s/s | ETA: 52.6m
  Sample 52900/60000 (88.2%) (label=7) | Elapsed: 432.0m | Speed: 2.2 s/s | ETA: 52.6m
  Sample 53000/60000 (88.3%) (label=5) | Elapsed: 432.8m | Speed: 2.3 s/s | ETA: 51.8m
  Sample 53100/60000 (88.5%) (label=8) | Elapsed: 433.5m | Speed: 2.2 s/s | ETA: 51.6m
  Sample 53200/60000 (88.7%) (label=1) | Elapsed: 434.3m | Speed: 2.2 s/s | ETA: 50.7m
  Sample 53300/60000 (88.8%) (label=0) | Elapsed: 435.0m | Speed: 2.2 s/s | ETA: 50.8m
  Sample 53400/60000 (89.0%) (label=0) | Elapsed: 435.8m | Speed: 2.2 s/s | ETA: 50.7m
  Sample 53500/60000 (89.2%) (label=6) | Elapsed: 436.5m | Speed: 2.3 s/s | ETA: 48.0m
  Sample 53600/60000 (89.3%) (label=1) | Elapsed: 437.3m | Speed: 2.3 s/s | ETA: 47.1m
  Sample 53700/60000 (89.5%) (label=7) | Elapsed: 438.0m | Speed: 2.3 s/s | ETA: 46.2m
  Sample 53800/60000 (89.7%) (label=2) | Elapsed: 438.8m | Speed: 2.2 s/s | ETA: 47.2m
  Sample 53900/60000 (89.8%) (label=1) | Elapsed: 439.5m | Speed: 2.2 s/s | ETA: 45.8m
  Sample 54000/60000 (90.0%) (label=8) | Elapsed: 440.3m | Speed: 2.2 s/s | ETA: 44.5m
  Sample 54100/60000 (90.2%) (label=7) | Elapsed: 441.0m | Speed: 2.3 s/s | ETA: 43.7m
  Sample 54200/60000 (90.3%) (label=3) | Elapsed: 441.7m | Speed: 2.2 s/s | ETA: 43.5m
  Sample 54300/60000 (90.5%) (label=2) | Elapsed: 442.5m | Speed: 2.3 s/s | ETA: 40.7m
  Sample 54400/60000 (90.7%) (label=4) | Elapsed: 443.2m | Speed: 2.1 s/s | ETA: 43.5m
  Sample 54500/60000 (90.8%) (label=3) | Elapsed: 444.0m | Speed: 2.2 s/s | ETA: 41.7m
  Sample 54600/60000 (91.0%) (label=9) | Elapsed: 444.7m | Speed: 2.2 s/s | ETA: 40.6m
  Sample 54700/60000 (91.2%) (label=6) | Elapsed: 445.5m | Speed: 2.2 s/s | ETA: 39.4m
  Sample 54800/60000 (91.3%) (label=6) | Elapsed: 446.2m | Speed: 2.2 s/s | ETA: 38.6m
  Sample 54900/60000 (91.5%) (label=4) | Elapsed: 447.0m | Speed: 2.3 s/s | ETA: 37.0m
  Sample 55000/60000 (91.7%) (label=0) | Elapsed: 447.7m | Speed: 2.2 s/s | ETA: 37.8m
  Sample 55100/60000 (91.8%) (label=5) | Elapsed: 448.5m | Speed: 2.2 s/s | ETA: 37.2m
  Sample 55200/60000 (92.0%) (label=2) | Elapsed: 449.3m | Speed: 2.1 s/s | ETA: 37.5m
  Sample 55300/60000 (92.2%) (label=1) | Elapsed: 450.0m | Speed: 2.3 s/s | ETA: 34.7m
  Sample 55400/60000 (92.3%) (label=2) | Elapsed: 450.7m | Speed: 2.2 s/s | ETA: 34.4m
  Sample 55500/60000 (92.5%) (label=1) | Elapsed: 451.5m | Speed: 2.2 s/s | ETA: 33.5m
  Sample 55600/60000 (92.7%) (label=9) | Elapsed: 452.3m | Speed: 2.2 s/s | ETA: 33.9m
  Sample 55700/60000 (92.8%) (label=7) | Elapsed: 453.0m | Speed: 2.3 s/s | ETA: 31.4m
  Sample 55800/60000 (93.0%) (label=7) | Elapsed: 453.7m | Speed: 2.2 s/s | ETA: 31.4m
  Sample 55900/60000 (93.2%) (label=2) | Elapsed: 454.5m | Speed: 2.3 s/s | ETA: 30.1m
  Sample 56000/60000 (93.3%) (label=3) | Elapsed: 455.2m | Speed: 2.2 s/s | ETA: 29.8m
  Sample 56100/60000 (93.5%) (label=1) | Elapsed: 456.0m | Speed: 2.2 s/s | ETA: 29.0m
  Sample 56200/60000 (93.7%) (label=9) | Elapsed: 456.7m | Speed: 2.2 s/s | ETA: 28.5m
  Sample 56300/60000 (93.8%) (label=8) | Elapsed: 457.5m | Speed: 2.2 s/s | ETA: 27.8m
  Sample 56400/60000 (94.0%) (label=6) | Elapsed: 458.2m | Speed: 2.3 s/s | ETA: 26.6m
  Sample 56500/60000 (94.2%) (label=5) | Elapsed: 458.9m | Speed: 2.3 s/s | ETA: 25.2m
  Sample 56600/60000 (94.3%) (label=9) | Elapsed: 459.7m | Speed: 2.2 s/s | ETA: 25.3m
  Sample 56700/60000 (94.5%) (label=4) | Elapsed: 460.4m | Speed: 2.3 s/s | ETA: 24.0m
  Sample 56800/60000 (94.7%) (label=4) | Elapsed: 461.2m | Speed: 2.1 s/s | ETA: 25.0m
  Sample 56900/60000 (94.8%) (label=6) | Elapsed: 461.9m | Speed: 2.2 s/s | ETA: 23.8m
  Sample 57000/60000 (95.0%) (label=5) | Elapsed: 462.6m | Speed: 2.3 s/s | ETA: 21.3m
  Sample 57100/60000 (95.2%) (label=7) | Elapsed: 463.4m | Speed: 2.3 s/s | ETA: 20.9m
  Sample 57200/60000 (95.3%) (label=3) | Elapsed: 464.1m | Speed: 2.3 s/s | ETA: 20.7m
  Sample 57300/60000 (95.5%) (label=9) | Elapsed: 464.8m | Speed: 2.3 s/s | ETA: 19.7m
  Sample 57400/60000 (95.7%) (label=3) | Elapsed: 465.6m | Speed: 2.3 s/s | ETA: 18.9m
  Sample 57500/60000 (95.8%) (label=4) | Elapsed: 466.3m | Speed: 2.2 s/s | ETA: 18.7m
  Sample 57600/60000 (96.0%) (label=1) | Elapsed: 467.1m | Speed: 2.2 s/s | ETA: 18.2m
  Sample 57700/60000 (96.2%) (label=9) | Elapsed: 467.8m | Speed: 2.2 s/s | ETA: 17.4m
  Sample 57800/60000 (96.3%) (label=2) | Elapsed: 468.5m | Speed: 2.3 s/s | ETA: 15.8m
  Sample 57900/60000 (96.5%) (label=2) | Elapsed: 469.3m | Speed: 2.3 s/s | ETA: 15.4m
  Sample 58000/60000 (96.7%) (label=2) | Elapsed: 470.0m | Speed: 2.3 s/s | ETA: 14.7m
  Sample 58100/60000 (96.8%) (label=7) | Elapsed: 470.7m | Speed: 2.3 s/s | ETA: 13.6m
  Sample 58200/60000 (97.0%) (label=8) | Elapsed: 471.5m | Speed: 2.3 s/s | ETA: 13.1m
  Sample 58300/60000 (97.2%) (label=7) | Elapsed: 472.2m | Speed: 2.2 s/s | ETA: 12.8m
  Sample 58400/60000 (97.3%) (label=3) | Elapsed: 472.9m | Speed: 2.3 s/s | ETA: 11.7m
  Sample 58500/60000 (97.5%) (label=9) | Elapsed: 473.7m | Speed: 2.2 s/s | ETA: 11.3m
  Sample 58600/60000 (97.7%) (label=0) | Elapsed: 474.4m | Speed: 2.3 s/s | ETA: 10.1m
  Sample 58700/60000 (97.8%) (label=9) | Elapsed: 475.1m | Speed: 2.3 s/s | ETA: 9.3m
  Sample 58800/60000 (98.0%) (label=5) | Elapsed: 475.8m | Speed: 2.4 s/s | ETA: 8.5m
  Sample 58900/60000 (98.2%) (label=7) | Elapsed: 476.6m | Speed: 2.3 s/s | ETA: 8.0m
  Sample 59000/60000 (98.3%) (label=4) | Elapsed: 477.3m | Speed: 2.2 s/s | ETA: 7.5m
  Sample 59100/60000 (98.5%) (label=0) | Elapsed: 478.0m | Speed: 2.3 s/s | ETA: 6.6m
  Sample 59200/60000 (98.7%) (label=1) | Elapsed: 478.8m | Speed: 2.3 s/s | ETA: 5.8m
  Sample 59300/60000 (98.8%) (label=3) | Elapsed: 479.5m | Speed: 2.2 s/s | ETA: 5.3m
  Sample 59400/60000 (99.0%) (label=8) | Elapsed: 480.3m | Speed: 2.2 s/s | ETA: 4.6m
  Sample 59500/60000 (99.2%) (label=2) | Elapsed: 481.1m | Speed: 2.2 s/s | ETA: 3.8m
  Sample 59600/60000 (99.3%) (label=4) | Elapsed: 481.8m | Speed: 2.3 s/s | ETA: 2.9m
  Sample 59700/60000 (99.5%) (label=3) | Elapsed: 482.5m | Speed: 2.3 s/s | ETA: 2.2m
  Sample 59800/60000 (99.7%) (label=4) | Elapsed: 483.2m | Speed: 2.3 s/s | ETA: 1.5m
  Sample 59900/60000 (99.8%) (label=9) | Elapsed: 484.0m | Speed: 2.2 s/s | ETA: 0.7m
  Sample 60000/60000 (100.0%) (label=8) | Elapsed: 484.7m | Speed: 2.3 s/s | ETA: 0.0m

======================================================================
Training complete! Total time: 484.7 min
======================================================================

2026-03-23 20:57:30 [INFO] 
[4/5] Encoding test data...
2026-03-23 20:57:30 [INFO]   Running encoder...
Encoding 10000 samples (LM-SNN)...
  Sample 100/10000
  Sample 200/10000
  Sample 300/10000
  Sample 400/10000
  Sample 500/10000
  Sample 600/10000
  Sample 700/10000
  Sample 800/10000
  Sample 900/10000
  Sample 1000/10000
  Sample 1100/10000
  Sample 1200/10000
  Sample 1300/10000
  Sample 1400/10000
  Sample 1500/10000
  Sample 1600/10000
  Sample 1700/10000
  Sample 1800/10000
  Sample 1900/10000
  Sample 2000/10000
  Sample 2100/10000
  Sample 2200/10000
  Sample 2300/10000
  Sample 2400/10000
  Sample 2500/10000
  Sample 2600/10000
  Sample 2700/10000
  Sample 2800/10000
  Sample 2900/10000
  Sample 3000/10000
  Sample 3100/10000
  Sample 3200/10000
  Sample 3300/10000
  Sample 3400/10000
  Sample 3500/10000
  Sample 3600/10000
  Sample 3700/10000
  Sample 3800/10000
  Sample 3900/10000
  Sample 4000/10000
  Sample 4100/10000
  Sample 4200/10000
  Sample 4300/10000
  Sample 4400/10000
  Sample 4500/10000
  Sample 4600/10000
  Sample 4700/10000
  Sample 4800/10000
  Sample 4900/10000
  Sample 5000/10000
  Sample 5100/10000
  Sample 5200/10000
  Sample 5300/10000
  Sample 5400/10000
  Sample 5500/10000
  Sample 5600/10000
  Sample 5700/10000
  Sample 5800/10000
  Sample 5900/10000
  Sample 6000/10000
  Sample 6100/10000
  Sample 6200/10000
  Sample 6300/10000
  Sample 6400/10000
  Sample 6500/10000
  Sample 6600/10000
  Sample 6700/10000
  Sample 6800/10000
  Sample 6900/10000
  Sample 7000/10000
  Sample 7100/10000
  Sample 7200/10000
  Sample 7300/10000
  Sample 7400/10000
  Sample 7500/10000
  Sample 7600/10000
  Sample 7700/10000
  Sample 7800/10000
  Sample 7900/10000
  Sample 8000/10000
  Sample 8100/10000
  Sample 8200/10000
  Sample 8300/10000
  Sample 8400/10000
  Sample 8500/10000
  Sample 8600/10000
  Sample 8700/10000
  Sample 8800/10000
  Sample 8900/10000
  Sample 9000/10000
  Sample 9100/10000
  Sample 9200/10000
  Sample 9300/10000
  Sample 9400/10000
  Sample 9500/10000
  Sample 9600/10000
  Sample 9700/10000
  Sample 9800/10000
  Sample 9900/10000
  Sample 10000/10000
  Spike stats - mean: 45.8, median: 32.0, max: 252, zero-samples: 1248/10000
  Active neurons/sample - mean: 39.6, median: 29
  Unique binary codes: 8004/10000
Encoding complete!
2026-03-23 21:44:02 [INFO]   Codes saved to outputs/codes/lm_snn/mnist
2026-03-23 21:44:02 [INFO]   Pre-code shape: (10000, 400)
2026-03-23 21:44:02 [INFO]   Code shape: (10000, 400)
2026-03-23 21:44:02 [INFO]   Code sparsity: 0.950
2026-03-23 21:44:02 [INFO] 
[5/5] Evaluating...
2026-03-23 21:44:02 [INFO] 
  Running clustering evaluation (ACC / NMI)...
Error running kmedoids: kmedoids requires scikit-learn-extra. Install a compatible version or remove kmedoids from methods.
2026-03-23 21:45:23 [INFO]     Clustering results:
2026-03-23 21:45:23 [INFO]       kmeans:
2026-03-23 21:45:23 [INFO]         NMI=0.3802, ARI=0.2876, ACC=0.4813
2026-03-23 21:45:23 [INFO]       spectral:
2026-03-23 21:45:23 [INFO]         NMI=0.2477, ARI=0.0582, ACC=0.2128
2026-03-23 21:45:23 [INFO] 
  Running retrieval evaluation (mAP / Recall@K)...
2026-03-23 21:45:23 [INFO]     Mode: label-based retrieval (database=train, queries=test)
2026-03-23 21:45:23 [INFO]     Encoding train_data as retrieval database...
Encoding 60000 samples (LM-SNN)...
  Sample 100/60000
  Sample 200/60000
  Sample 300/60000
  Sample 400/60000
  Sample 500/60000
  Sample 600/60000
  Sample 700/60000
  Sample 800/60000
  Sample 900/60000
  Sample 1000/60000
  Sample 1100/60000
  Sample 1200/60000
  Sample 1300/60000
  Sample 1400/60000
  Sample 1500/60000
  Sample 1600/60000
  Sample 1700/60000
  Sample 1800/60000
  Sample 1900/60000
  Sample 2000/60000
  Sample 2100/60000
  Sample 2200/60000
  Sample 2300/60000
  Sample 2400/60000
  Sample 2500/60000
  Sample 2600/60000
  Sample 2700/60000
  Sample 2800/60000
  Sample 2900/60000
  Sample 3000/60000
  Sample 3100/60000
  Sample 3200/60000
  Sample 3300/60000
  Sample 3400/60000
  Sample 3500/60000
  Sample 3600/60000
  Sample 3700/60000
  Sample 3800/60000
  Sample 3900/60000
  Sample 4000/60000
  Sample 4100/60000
  Sample 4200/60000
  Sample 4300/60000
  Sample 4400/60000
  Sample 4500/60000
  Sample 4600/60000
  Sample 4700/60000
  Sample 4800/60000
  Sample 4900/60000
  Sample 5000/60000
  Sample 5100/60000
  Sample 5200/60000
  Sample 5300/60000
  Sample 5400/60000
  Sample 5500/60000
  Sample 5600/60000
  Sample 5700/60000
  Sample 5800/60000
  Sample 5900/60000
  Sample 6000/60000
  Sample 6100/60000
  Sample 6200/60000
  Sample 6300/60000
  Sample 6400/60000
  Sample 6500/60000
  Sample 6600/60000
  Sample 6700/60000
  Sample 6800/60000
  Sample 6900/60000
  Sample 7000/60000
  Sample 7100/60000
  Sample 7200/60000
  Sample 7300/60000
  Sample 7400/60000
  Sample 7500/60000
  Sample 7600/60000
  Sample 7700/60000
  Sample 7800/60000
  Sample 7900/60000
  Sample 8000/60000
  Sample 8100/60000
  Sample 8200/60000
  Sample 8300/60000
  Sample 8400/60000
  Sample 8500/60000
  Sample 8600/60000
  Sample 8700/60000
  Sample 8800/60000
  Sample 8900/60000
  Sample 9000/60000
  Sample 9100/60000
  Sample 9200/60000
  Sample 9300/60000
  Sample 9400/60000
  Sample 9500/60000
  Sample 9600/60000
  Sample 9700/60000
  Sample 9800/60000
  Sample 9900/60000
  Sample 10000/60000
  Sample 10100/60000
  Sample 10200/60000
  Sample 10300/60000
  Sample 10400/60000
  Sample 10500/60000
  Sample 10600/60000
  Sample 10700/60000
  Sample 10800/60000
  Sample 10900/60000
  Sample 11000/60000
  Sample 11100/60000
  Sample 11200/60000
  Sample 11300/60000
  Sample 11400/60000
  Sample 11500/60000
  Sample 11600/60000
  Sample 11700/60000
  Sample 11800/60000
  Sample 11900/60000
  Sample 12000/60000
  Sample 12100/60000
  Sample 12200/60000
  Sample 12300/60000
  Sample 12400/60000
  Sample 12500/60000
  Sample 12600/60000
  Sample 12700/60000
  Sample 12800/60000
  Sample 12900/60000
  Sample 13000/60000
  Sample 13100/60000
  Sample 13200/60000
  Sample 13300/60000
  Sample 13400/60000
  Sample 13500/60000
  Sample 13600/60000
  Sample 13700/60000
  Sample 13800/60000
  Sample 13900/60000
  Sample 14000/60000
  Sample 14100/60000
  Sample 14200/60000
  Sample 14300/60000
  Sample 14400/60000
  Sample 14500/60000
  Sample 14600/60000
  Sample 14700/60000
  Sample 14800/60000
  Sample 14900/60000
  Sample 15000/60000
  Sample 15100/60000
  Sample 15200/60000
  Sample 15300/60000
  Sample 15400/60000
  Sample 15500/60000
  Sample 15600/60000
  Sample 15700/60000
  Sample 15800/60000
  Sample 15900/60000
  Sample 16000/60000
  Sample 16100/60000
  Sample 16200/60000
  Sample 16300/60000
  Sample 16400/60000
  Sample 16500/60000
  Sample 16600/60000
  Sample 16700/60000
  Sample 16800/60000
  Sample 16900/60000
  Sample 17000/60000
  Sample 17100/60000
  Sample 17200/60000
  Sample 17300/60000
  Sample 17400/60000
  Sample 17500/60000
  Sample 17600/60000
  Sample 17700/60000
  Sample 17800/60000
  Sample 17900/60000
  Sample 18000/60000
  Sample 18100/60000
  Sample 18200/60000
  Sample 18300/60000
  Sample 18400/60000
  Sample 18500/60000
  Sample 18600/60000
  Sample 18700/60000
  Sample 18800/60000
  Sample 18900/60000
  Sample 19000/60000
  Sample 19100/60000
  Sample 19200/60000
  Sample 19300/60000
  Sample 19400/60000
  Sample 19500/60000
  Sample 19600/60000
  Sample 19700/60000
  Sample 19800/60000
  Sample 19900/60000
  Sample 20000/60000
  Sample 20100/60000
  Sample 20200/60000
  Sample 20300/60000
  Sample 20400/60000
  Sample 20500/60000
  Sample 20600/60000
  Sample 20700/60000
  Sample 20800/60000
  Sample 20900/60000
  Sample 21000/60000
  Sample 21100/60000
  Sample 21200/60000
  Sample 21300/60000
  Sample 21400/60000
  Sample 21500/60000
  Sample 21600/60000
  Sample 21700/60000
  Sample 21800/60000
  Sample 21900/60000
  Sample 22000/60000
  Sample 22100/60000
  Sample 22200/60000
  Sample 22300/60000
  Sample 22400/60000
  Sample 22500/60000
  Sample 22600/60000
  Sample 22700/60000
  Sample 22800/60000
  Sample 22900/60000
  Sample 23000/60000
  Sample 23100/60000
  Sample 23200/60000
  Sample 23300/60000
  Sample 23400/60000
  Sample 23500/60000
  Sample 23600/60000
  Sample 23700/60000
  Sample 23800/60000
  Sample 23900/60000
  Sample 24000/60000
  Sample 24100/60000
  Sample 24200/60000
  Sample 24300/60000
  Sample 24400/60000
  Sample 24500/60000
  Sample 24600/60000
  Sample 24700/60000
  Sample 24800/60000
  Sample 24900/60000
  Sample 25000/60000
  Sample 25100/60000
  Sample 25200/60000
  Sample 25300/60000
  Sample 25400/60000
  Sample 25500/60000
  Sample 25600/60000
  Sample 25700/60000
  Sample 25800/60000
  Sample 25900/60000
  Sample 26000/60000
  Sample 26100/60000
  Sample 26200/60000
  Sample 26300/60000
  Sample 26400/60000
  Sample 26500/60000
  Sample 26600/60000
  Sample 26700/60000
  Sample 26800/60000
  Sample 26900/60000
  Sample 27000/60000
  Sample 27100/60000
  Sample 27200/60000
  Sample 27300/60000
  Sample 27400/60000
  Sample 27500/60000
  Sample 27600/60000
  Sample 27700/60000
  Sample 27800/60000
  Sample 27900/60000
  Sample 28000/60000
  Sample 28100/60000
  Sample 28200/60000
  Sample 28300/60000
  Sample 28400/60000
  Sample 28500/60000
  Sample 28600/60000
  Sample 28700/60000
  Sample 28800/60000
  Sample 28900/60000
  Sample 29000/60000
  Sample 29100/60000
  Sample 29200/60000
  Sample 29300/60000
  Sample 29400/60000
  Sample 29500/60000
  Sample 29600/60000
  Sample 29700/60000
  Sample 29800/60000
  Sample 29900/60000
  Sample 30000/60000
  Sample 30100/60000
  Sample 30200/60000
  Sample 30300/60000
  Sample 30400/60000
  Sample 30500/60000
  Sample 30600/60000
  Sample 30700/60000
  Sample 30800/60000
  Sample 30900/60000
  Sample 31000/60000
  Sample 31100/60000
  Sample 31200/60000
  Sample 31300/60000
  Sample 31400/60000
  Sample 31500/60000
  Sample 31600/60000
  Sample 31700/60000
  Sample 31800/60000
  Sample 31900/60000
  Sample 32000/60000
  Sample 32100/60000
  Sample 32200/60000
  Sample 32300/60000
  Sample 32400/60000
  Sample 32500/60000
  Sample 32600/60000
  Sample 32700/60000
  Sample 32800/60000
  Sample 32900/60000
  Sample 33000/60000
  Sample 33100/60000
  Sample 33200/60000
  Sample 33300/60000
  Sample 33400/60000
  Sample 33500/60000
  Sample 33600/60000
  Sample 33700/60000
  Sample 33800/60000
  Sample 33900/60000
  Sample 34000/60000
  Sample 34100/60000
  Sample 34200/60000
  Sample 34300/60000
  Sample 34400/60000
  Sample 34500/60000
  Sample 34600/60000
  Sample 34700/60000
  Sample 34800/60000
  Sample 34900/60000
  Sample 35000/60000
  Sample 35100/60000
  Sample 35200/60000
  Sample 35300/60000
  Sample 35400/60000
  Sample 35500/60000
  Sample 35600/60000
  Sample 35700/60000
  Sample 35800/60000
  Sample 35900/60000
  Sample 36000/60000
  Sample 36100/60000
  Sample 36200/60000
  Sample 36300/60000
  Sample 36400/60000
  Sample 36500/60000
  Sample 36600/60000
  Sample 36700/60000
  Sample 36800/60000
  Sample 36900/60000
  Sample 37000/60000
  Sample 37100/60000
  Sample 37200/60000
  Sample 37300/60000
  Sample 37400/60000
  Sample 37500/60000
  Sample 37600/60000
  Sample 37700/60000
  Sample 37800/60000
  Sample 37900/60000
  Sample 38000/60000
  Sample 38100/60000
  Sample 38200/60000
  Sample 38300/60000
  Sample 38400/60000
  Sample 38500/60000
  Sample 38600/60000
  Sample 38700/60000
  Sample 38800/60000
  Sample 38900/60000
  Sample 39000/60000
  Sample 39100/60000
  Sample 39200/60000
  Sample 39300/60000
  Sample 39400/60000
  Sample 39500/60000
  Sample 39600/60000
  Sample 39700/60000
  Sample 39800/60000
  Sample 39900/60000
  Sample 40000/60000
  Sample 40100/60000
  Sample 40200/60000
  Sample 40300/60000
  Sample 40400/60000
  Sample 40500/60000
  Sample 40600/60000
  Sample 40700/60000
  Sample 40800/60000
  Sample 40900/60000
  Sample 41000/60000
  Sample 41100/60000
  Sample 41200/60000
  Sample 41300/60000
  Sample 41400/60000
  Sample 41500/60000
  Sample 41600/60000
  Sample 41700/60000
  Sample 41800/60000
  Sample 41900/60000
  Sample 42000/60000
  Sample 42100/60000
  Sample 42200/60000
  Sample 42300/60000
  Sample 42400/60000
  Sample 42500/60000
  Sample 42600/60000
  Sample 42700/60000
  Sample 42800/60000
  Sample 42900/60000
  Sample 43000/60000
  Sample 43100/60000
  Sample 43200/60000
  Sample 43300/60000
  Sample 43400/60000
  Sample 43500/60000
  Sample 43600/60000
  Sample 43700/60000
  Sample 43800/60000
  Sample 43900/60000
  Sample 44000/60000
  Sample 44100/60000
  Sample 44200/60000
  Sample 44300/60000
  Sample 44400/60000
  Sample 44500/60000
  Sample 44600/60000
  Sample 44700/60000
  Sample 44800/60000
  Sample 44900/60000
  Sample 45000/60000
  Sample 45100/60000
  Sample 45200/60000
  Sample 45300/60000
  Sample 45400/60000
  Sample 45500/60000
  Sample 45600/60000
  Sample 45700/60000
  Sample 45800/60000
  Sample 45900/60000
  Sample 46000/60000
  Sample 46100/60000
  Sample 46200/60000
  Sample 46300/60000
  Sample 46400/60000
  Sample 46500/60000
  Sample 46600/60000
  Sample 46700/60000
  Sample 46800/60000
  Sample 46900/60000
  Sample 47000/60000
  Sample 47100/60000
  Sample 47200/60000
  Sample 47300/60000
  Sample 47400/60000
  Sample 47500/60000
  Sample 47600/60000
  Sample 47700/60000
  Sample 47800/60000
  Sample 47900/60000
  Sample 48000/60000
  Sample 48100/60000
  Sample 48200/60000
  Sample 48300/60000
  Sample 48400/60000
  Sample 48500/60000
  Sample 48600/60000
  Sample 48700/60000
  Sample 48800/60000
  Sample 48900/60000
  Sample 49000/60000
  Sample 49100/60000
  Sample 49200/60000
  Sample 49300/60000
  Sample 49400/60000
  Sample 49500/60000
  Sample 49600/60000
  Sample 49700/60000
  Sample 49800/60000
  Sample 49900/60000
  Sample 50000/60000
  Sample 50100/60000
  Sample 50200/60000
  Sample 50300/60000
  Sample 50400/60000
  Sample 50500/60000
  Sample 50600/60000
  Sample 50700/60000
  Sample 50800/60000
  Sample 50900/60000
  Sample 51000/60000
  Sample 51100/60000
  Sample 51200/60000
  Sample 51300/60000
  Sample 51400/60000
  Sample 51500/60000
  Sample 51600/60000
  Sample 51700/60000
  Sample 51800/60000
  Sample 51900/60000
  Sample 52000/60000
  Sample 52100/60000
  Sample 52200/60000
  Sample 52300/60000
  Sample 52400/60000
  Sample 52500/60000
  Sample 52600/60000
  Sample 52700/60000
  Sample 52800/60000
  Sample 52900/60000
  Sample 53000/60000
  Sample 53100/60000
  Sample 53200/60000
  Sample 53300/60000
  Sample 53400/60000
  Sample 53500/60000
  Sample 53600/60000
  Sample 53700/60000
  Sample 53800/60000
  Sample 53900/60000
  Sample 54000/60000
  Sample 54100/60000
  Sample 54200/60000
  Sample 54300/60000
  Sample 54400/60000
  Sample 54500/60000
  Sample 54600/60000
  Sample 54700/60000
  Sample 54800/60000
  Sample 54900/60000
  Sample 55000/60000
  Sample 55100/60000
  Sample 55200/60000
  Sample 55300/60000
  Sample 55400/60000
  Sample 55500/60000
  Sample 55600/60000
  Sample 55700/60000
  Sample 55800/60000
  Sample 55900/60000
  Sample 56000/60000
  Sample 56100/60000
  Sample 56200/60000
  Sample 56300/60000
  Sample 56400/60000
  Sample 56500/60000
  Sample 56600/60000
  Sample 56700/60000
  Sample 56800/60000
  Sample 56900/60000
  Sample 57000/60000
  Sample 57100/60000
  Sample 57200/60000
  Sample 57300/60000
  Sample 57400/60000
  Sample 57500/60000
  Sample 57600/60000
  Sample 57700/60000
  Sample 57800/60000
  Sample 57900/60000
  Sample 58000/60000
  Sample 58100/60000
  Sample 58200/60000
  Sample 58300/60000
  Sample 58400/60000
  Sample 58500/60000
  Sample 58600/60000
  Sample 58700/60000
  Sample 58800/60000
  Sample 58900/60000
  Sample 59000/60000
  Sample 59100/60000
  Sample 59200/60000
  Sample 59300/60000
  Sample 59400/60000
  Sample 59500/60000
  Sample 59600/60000
  Sample 59700/60000
  Sample 59800/60000
  Sample 59900/60000
  Sample 60000/60000
  Spike stats - mean: 43.5, median: 30.0, max: 266, zero-samples: 8312/60000
  Active neurons/sample - mean: 37.7, median: 28
  Unique binary codes: 45455/60000
Encoding complete!
  Processed 100/10000 queries...
  Processed 200/10000 queries...
  Processed 300/10000 queries...
  Processed 400/10000 queries...
  Processed 500/10000 queries...
  Processed 600/10000 queries...
  Processed 700/10000 queries...
  Processed 800/10000 queries...
  Processed 900/10000 queries...
  Processed 1000/10000 queries...
  Processed 1100/10000 queries...
  Processed 1200/10000 queries...
  Processed 1300/10000 queries...
  Processed 1400/10000 queries...
  Processed 1500/10000 queries...
  Processed 1600/10000 queries...
  Processed 1700/10000 queries...
  Processed 1800/10000 queries...
  Processed 1900/10000 queries...
  Processed 2000/10000 queries...
  Processed 2100/10000 queries...
  Processed 2200/10000 queries...
  Processed 2300/10000 queries...
  Processed 2400/10000 queries...
  Processed 2500/10000 queries...
  Processed 2600/10000 queries...
  Processed 2700/10000 queries...
  Processed 2800/10000 queries...
  Processed 2900/10000 queries...
  Processed 3000/10000 queries...
  Processed 3100/10000 queries...
  Processed 3200/10000 queries...
  Processed 3300/10000 queries...
  Processed 3400/10000 queries...
  Processed 3500/10000 queries...
  Processed 3600/10000 queries...
  Processed 3700/10000 queries...
  Processed 3800/10000 queries...
  Processed 3900/10000 queries...
  Processed 4000/10000 queries...
  Processed 4100/10000 queries...
  Processed 4200/10000 queries...
  Processed 4300/10000 queries...
  Processed 4400/10000 queries...
  Processed 4500/10000 queries...
  Processed 4600/10000 queries...
  Processed 4700/10000 queries...
  Processed 4800/10000 queries...
  Processed 4900/10000 queries...
  Processed 5000/10000 queries...
  Processed 5100/10000 queries...
  Processed 5200/10000 queries...
  Processed 5300/10000 queries...
  Processed 5400/10000 queries...
  Processed 5500/10000 queries...
  Processed 5600/10000 queries...
  Processed 5700/10000 queries...
  Processed 5800/10000 queries...
  Processed 5900/10000 queries...
  Processed 6000/10000 queries...
  Processed 6100/10000 queries...
  Processed 6200/10000 queries...
  Processed 6300/10000 queries...
  Processed 6400/10000 queries...
  Processed 6500/10000 queries...
  Processed 6600/10000 queries...
  Processed 6700/10000 queries...
  Processed 6800/10000 queries...
  Processed 6900/10000 queries...
  Processed 7000/10000 queries...
  Processed 7100/10000 queries...
  Processed 7200/10000 queries...
  Processed 7300/10000 queries...
  Processed 7400/10000 queries...
  Processed 7500/10000 queries...
  Processed 7600/10000 queries...
  Processed 7700/10000 queries...
  Processed 7800/10000 queries...
  Processed 7900/10000 queries...
  Processed 8000/10000 queries...
  Processed 8100/10000 queries...
  Processed 8200/10000 queries...
  Processed 8300/10000 queries...
  Processed 8400/10000 queries...
  Processed 8500/10000 queries...
  Processed 8600/10000 queries...
  Processed 8700/10000 queries...
  Processed 8800/10000 queries...
  Processed 8900/10000 queries...
  Processed 9000/10000 queries...
  Processed 9100/10000 queries...
  Processed 9200/10000 queries...
  Processed 9300/10000 queries...
  Processed 9400/10000 queries...
  Processed 9500/10000 queries...
  Processed 9600/10000 queries...
  Processed 9700/10000 queries...
  Processed 9800/10000 queries...
  Processed 9900/10000 queries...
  Processed 10000/10000 queries...
2026-03-24 02:26:19 [INFO]     Retrieval results:
2026-03-24 02:26:19 [INFO]       map: 0.0334
2026-03-24 02:26:19 [INFO]       recall@1: 0.0001
2026-03-24 02:26:19 [INFO]       precision@1: 0.0117
2026-03-24 02:26:19 [INFO]       ndcg@1: 0.0117
2026-03-24 02:26:19 [INFO]       recall@10: 0.0010
2026-03-24 02:26:19 [INFO]       precision@10: 0.0097
2026-03-24 02:26:19 [INFO]       ndcg@10: 0.0100
2026-03-24 02:26:19 [INFO]       recall@50: 0.0045
2026-03-24 02:26:19 [INFO]       precision@50: 0.0090
2026-03-24 02:26:19 [INFO]       ndcg@50: 0.0092
2026-03-24 02:26:19 [INFO]       recall@100: 0.0089
2026-03-24 02:26:19 [INFO]       precision@100: 0.0089
2026-03-24 02:26:19 [INFO]       ndcg@100: 0.0090
Results saved to outputs/results/lm_snn_mnist_seed0.json
2026-03-24 02:26:19 [INFO] 
Results saved to outputs/results/lm_snn_mnist_seed0.json
Model saved to outputs/codes/lm_snn/mnist/model_seed0.pkl
Network weights saved to outputs/codes/lm_snn/mnist/model_seed0_network.pt
2026-03-24 02:26:19 [INFO] Model saved to outputs/codes/lm_snn/mnist/model_seed0.pkl
2026-03-24 02:26:19 [INFO] 
================================================================================
2026-03-24 02:26:19 [INFO] Experiment complete!
2026-03-24 02:26:19 [INFO] Full log saved to: outputs/logs/lm_snn_mnist_seed0_20260323_125245.log
2026-03-24 02:26:19 [INFO] ================================================================================
[9/11] OK lm_snn
[10/11] RUN lc_snn

A module that was compiled using NumPy 1.x cannot be run in
NumPy 2.4.3 as it may crash. To support both 1.x and 2.x
versions of NumPy, modules must be compiled with NumPy 2.0.
Some module may need to rebuild instead e.g. with 'pybind11>=2.12'.

If you are a user of the module, the easiest solution will be to
downgrade to 'numpy<2' or try to upgrade the affected module.
We expect that some modules will need time to support NumPy 2.

Traceback (most recent call last):  File "/hy-tmp/Neuroscience-baseline/scripts/run_baseline.py", line 20, in <module>
    from pipeline import (
  File "/hy-tmp/Neuroscience-baseline/pipeline/__init__.py", line 15, in <module>
    from .clustering import run_clustering_evaluation
  File "/hy-tmp/Neuroscience-baseline/pipeline/clustering.py", line 11, in <module>
    from sklearn_extra.cluster import KMedoids
  File "/hy-tmp/Neuroscience-baseline/.venv/lib/python3.11/site-packages/sklearn_extra/__init__.py", line 1, in <module>
    from . import kernel_approximation, kernel_methods  # noqa
  File "/hy-tmp/Neuroscience-baseline/.venv/lib/python3.11/site-packages/sklearn_extra/kernel_approximation/__init__.py", line 1, in <module>
    from ._fastfood import Fastfood
  File "/hy-tmp/Neuroscience-baseline/.venv/lib/python3.11/site-packages/sklearn_extra/kernel_approximation/_fastfood.py", line 11, in <module>
    from ..utils._cyfht import fht2 as cyfht
Random seed set to 0
2026-03-24 02:26:24 [INFO] ================================================================================
2026-03-24 02:26:24 [INFO] Experiment: lc_snn_mnist
2026-03-24 02:26:24 [INFO] Encoder: lc_snn
2026-03-24 02:26:24 [INFO] Dataset: mnist
2026-03-24 02:26:24 [INFO] Seed: 0
2026-03-24 02:26:24 [INFO] ================================================================================
2026-03-24 02:26:24 [INFO] 
[1/5] Loading dataset...
MNIST loaded: 60000 train, 10000 test
2026-03-24 02:26:24 [INFO]   Train samples: 60000
2026-03-24 02:26:24 [INFO]   Test samples: 10000
2026-03-24 02:26:24 [INFO] 
  Eval modes: clustering=True, retrieval=True
2026-03-24 02:26:24 [INFO]   Has labels: True, Has query_data: False, Has groundtruth: False
2026-03-24 02:26:24 [INFO] 
[2/5] Initializing encoder...
2026-03-24 02:26:24 [INFO]   Encoder: LCSNNEncoder(trained=False)
2026-03-24 02:26:24 [INFO] 
[3/5] Training encoder...

======================================================================
Training LC-SNN (Locally Connected SNN)
======================================================================
Image: 28x28, Patch: 14x14, Stride: 14
Patches: 4 (2x2), Neurons/patch: 100, Total neurons: 400
Simulation: 350 ms | Device: cuda
======================================================================

Built 4 patch networks.
Training on 60000 samples...
  Sample 100/60000 (0.2%) (label=1) | Elapsed: 2.7m | Speed: 0.6 s/s | ETA: 1646.7m
  Sample 200/60000 (0.3%) (label=2) | Elapsed: 5.5m | Speed: 0.6 s/s | ETA: 1639.2m
  Sample 300/60000 (0.5%) (label=6) | Elapsed: 8.3m | Speed: 0.6 s/s | ETA: 1651.1m
  Sample 400/60000 (0.7%) (label=0) | Elapsed: 11.0m | Speed: 0.6 s/s | ETA: 1629.6m
  Sample 500/60000 (0.8%) (label=8) | Elapsed: 13.8m | Speed: 0.6 s/s | ETA: 1664.3m
  Sample 600/60000 (1.0%) (label=7) | Elapsed: 16.6m | Speed: 0.6 s/s | ETA: 1648.5m
  Sample 700/60000 (1.2%) (label=5) | Elapsed: 19.4m | Speed: 0.6 s/s | ETA: 1658.7m
  Sample 800/60000 (1.3%) (label=5) | Elapsed: 22.2m | Speed: 0.6 s/s | ETA: 1666.2m
  Sample 900/60000 (1.5%) (label=5) | Elapsed: 25.0m | Speed: 0.6 s/s | ETA: 1662.9m
  Sample 1000/60000 (1.7%) (label=6) | Elapsed: 27.8m | Speed: 0.6 s/s | ETA: 1672.5m
  Sample 1100/60000 (1.8%) (label=4) | Elapsed: 30.6m | Speed: 0.6 s/s | ETA: 1617.7m
  Sample 1200/60000 (2.0%) (label=2) | Elapsed: 33.3m | Speed: 0.6 s/s | ETA: 1633.9m
  Sample 1300/60000 (2.2%) (label=2) | Elapsed: 36.2m | Speed: 0.6 s/s | ETA: 1661.1m
  Sample 1400/60000 (2.3%) (label=9) | Elapsed: 39.0m | Speed: 0.6 s/s | ETA: 1672.7m
  Sample 1500/60000 (2.5%) (label=7) | Elapsed: 41.9m | Speed: 0.6 s/s | ETA: 1668.3m
  Sample 1600/60000 (2.7%) (label=3) | Elapsed: 44.7m | Speed: 0.6 s/s | ETA: 1649.8m
  Sample 1700/60000 (2.8%) (label=1) | Elapsed: 47.5m | Speed: 0.6 s/s | ETA: 1615.5m
  Sample 1800/60000 (3.0%) (label=3) | Elapsed: 50.3m | Speed: 0.6 s/s | ETA: 1630.0m
  Sample 1900/60000 (3.2%) (label=7) | Elapsed: 53.1m | Speed: 0.6 s/s | ETA: 1635.6m
  Sample 2000/60000 (3.3%) (label=0) | Elapsed: 55.9m | Speed: 0.6 s/s | ETA: 1646.3m
  Sample 2100/60000 (3.5%) (label=9) | Elapsed: 58.8m | Speed: 0.6 s/s | ETA: 1635.1m
  Sample 2200/60000 (3.7%) (label=9) | Elapsed: 61.6m | Speed: 0.6 s/s | ETA: 1638.3m
  Sample 2300/60000 (3.8%) (label=9) | Elapsed: 64.4m | Speed: 0.6 s/s | ETA: 1645.9m
  Sample 2400/60000 (4.0%) (label=2) | Elapsed: 67.2m | Speed: 0.6 s/s | ETA: 1594.2m
  Sample 2500/60000 (4.2%) (label=2) | Elapsed: 70.0m | Speed: 0.6 s/s | ETA: 1597.5m
  Sample 2600/60000 (4.3%) (label=1) | Elapsed: 72.8m | Speed: 0.6 s/s | ETA: 1623.1m
  Sample 2700/60000 (4.5%) (label=8) | Elapsed: 75.6m | Speed: 0.6 s/s | ETA: 1612.4m
  Sample 2800/60000 (4.7%) (label=4) | Elapsed: 78.4m | Speed: 0.6 s/s | ETA: 1577.1m
  Sample 2900/60000 (4.8%) (label=0) | Elapsed: 81.2m | Speed: 0.6 s/s | ETA: 1610.2m
  Sample 3000/60000 (5.0%) (label=5) | Elapsed: 84.1m | Speed: 0.6 s/s | ETA: 1628.7m
  Sample 3100/60000 (5.2%) (label=9) | Elapsed: 86.9m | Speed: 0.6 s/s | ETA: 1609.3m
  Sample 3200/60000 (5.3%) (label=2) | Elapsed: 89.8m | Speed: 0.6 s/s | ETA: 1632.0m
  Sample 3300/60000 (5.5%) (label=8) | Elapsed: 92.6m | Speed: 0.6 s/s | ETA: 1631.2m
  Sample 3400/60000 (5.7%) (label=4) | Elapsed: 95.5m | Speed: 0.6 s/s | ETA: 1604.6m
  Sample 3500/60000 (5.8%) (label=8) | Elapsed: 98.3m | Speed: 0.6 s/s | ETA: 1604.0m
  Sample 3600/60000 (6.0%) (label=7) | Elapsed: 101.1m | Speed: 0.6 s/s | ETA: 1587.5m
  Sample 3700/60000 (6.2%) (label=3) | Elapsed: 104.0m | Speed: 0.6 s/s | ETA: 1591.3m
  Sample 3800/60000 (6.3%) (label=2) | Elapsed: 106.7m | Speed: 0.6 s/s | ETA: 1560.3m
  Sample 3900/60000 (6.5%) (label=7) | Elapsed: 109.6m | Speed: 0.6 s/s | ETA: 1582.0m
  Sample 4000/60000 (6.7%) (label=6) | Elapsed: 112.4m | Speed: 0.6 s/s | ETA: 1600.4m
  Sample 4100/60000 (6.8%) (label=4) | Elapsed: 115.2m | Speed: 0.6 s/s | ETA: 1581.5m
  Sample 4200/60000 (7.0%) (label=3) | Elapsed: 118.1m | Speed: 0.6 s/s | ETA: 1581.8m
  Sample 4300/60000 (7.2%) (label=5) | Elapsed: 120.9m | Speed: 0.6 s/s | ETA: 1570.5m
  Sample 4400/60000 (7.3%) (label=9) | Elapsed: 123.7m | Speed: 0.6 s/s | ETA: 1548.6m
  Sample 4500/60000 (7.5%) (label=7) | Elapsed: 126.5m | Speed: 0.6 s/s | ETA: 1576.5m
  Sample 4600/60000 (7.7%) (label=2) | Elapsed: 129.3m | Speed: 0.6 s/s | ETA: 1563.5m
  Sample 4700/60000 (7.8%) (label=6) | Elapsed: 132.2m | Speed: 0.6 s/s | ETA: 1561.8m
  Sample 4800/60000 (8.0%) (label=7) | Elapsed: 135.0m | Speed: 0.6 s/s | ETA: 1569.9m
  Sample 4900/60000 (8.2%) (label=7) | Elapsed: 137.8m | Speed: 0.6 s/s | ETA: 1559.4m
  Sample 5000/60000 (8.3%) (label=2) | Elapsed: 140.7m | Speed: 0.6 s/s | ETA: 1546.1m
  Sample 5100/60000 (8.5%) (label=6) | Elapsed: 143.4m | Speed: 0.6 s/s | ETA: 1502.8m
  Sample 5200/60000 (8.7%) (label=8) | Elapsed: 146.2m | Speed: 0.6 s/s | ETA: 1529.6m
  Sample 5300/60000 (8.8%) (label=8) | Elapsed: 149.0m | Speed: 0.6 s/s | ETA: 1564.6m
  Sample 5400/60000 (9.0%) (label=3) | Elapsed: 151.9m | Speed: 0.6 s/s | ETA: 1545.5m
  Sample 5500/60000 (9.2%) (label=5) | Elapsed: 154.7m | Speed: 0.6 s/s | ETA: 1552.1m
  Sample 5600/60000 (9.3%) (label=5) | Elapsed: 157.6m | Speed: 0.6 s/s | ETA: 1550.8m
  Sample 5700/60000 (9.5%) (label=8) | Elapsed: 160.4m | Speed: 0.6 s/s | ETA: 1556.5m
  Sample 5800/60000 (9.7%) (label=3) | Elapsed: 163.3m | Speed: 0.6 s/s | ETA: 1535.3m
  Sample 5900/60000 (9.8%) (label=4) | Elapsed: 166.1m | Speed: 0.6 s/s | ETA: 1521.8m
  Sample 6000/60000 (10.0%) (label=9) | Elapsed: 168.9m | Speed: 0.6 s/s | ETA: 1524.4m
  Sample 6100/60000 (10.2%) (label=2) | Elapsed: 171.7m | Speed: 0.6 s/s | ETA: 1519.8m
  Sample 6200/60000 (10.3%) (label=8) | Elapsed: 174.6m | Speed: 0.6 s/s | ETA: 1530.3m
  Sample 6300/60000 (10.5%) (label=3) | Elapsed: 177.4m | Speed: 0.6 s/s | ETA: 1519.9m
  Sample 6400/60000 (10.7%) (label=5) | Elapsed: 180.2m | Speed: 0.6 s/s | ETA: 1522.8m
  Sample 6500/60000 (10.8%) (label=1) | Elapsed: 183.1m | Speed: 0.6 s/s | ETA: 1520.2m
  Sample 6600/60000 (11.0%) (label=9) | Elapsed: 185.9m | Speed: 0.6 s/s | ETA: 1517.0m
  Sample 6700/60000 (11.2%) (label=9) | Elapsed: 188.8m | Speed: 0.6 s/s | ETA: 1522.2m
  Sample 6800/60000 (11.3%) (label=6) | Elapsed: 191.6m | Speed: 0.6 s/s | ETA: 1494.2m
  Sample 6900/60000 (11.5%) (label=2) | Elapsed: 194.4m | Speed: 0.6 s/s | ETA: 1489.6m
  Sample 7000/60000 (11.7%) (label=9) | Elapsed: 197.2m | Speed: 0.6 s/s | ETA: 1503.6m
  Sample 7100/60000 (11.8%) (label=7) | Elapsed: 200.0m | Speed: 0.6 s/s | ETA: 1464.8m
  Sample 7200/60000 (12.0%) (label=8) | Elapsed: 202.8m | Speed: 0.6 s/s | ETA: 1486.8m
  Sample 7300/60000 (12.2%) (label=4) | Elapsed: 205.7m | Speed: 0.6 s/s | ETA: 1494.2m
  Sample 7400/60000 (12.3%) (label=4) | Elapsed: 208.5m | Speed: 0.6 s/s | ETA: 1514.4m
  Sample 7500/60000 (12.5%) (label=0) | Elapsed: 211.4m | Speed: 0.6 s/s | ETA: 1486.8m
  Sample 7600/60000 (12.7%) (label=1) | Elapsed: 214.2m | Speed: 0.6 s/s | ETA: 1472.6m
  Sample 7700/60000 (12.8%) (label=5) | Elapsed: 217.0m | Speed: 0.6 s/s | ETA: 1492.8m
  Sample 7800/60000 (13.0%) (label=8) | Elapsed: 219.9m | Speed: 0.6 s/s | ETA: 1481.6m
  Sample 7900/60000 (13.2%) (label=7) | Elapsed: 222.6m | Speed: 0.6 s/s | ETA: 1440.2m
  Sample 8000/60000 (13.3%) (label=4) | Elapsed: 225.5m | Speed: 0.6 s/s | ETA: 1477.4m
  Sample 8100/60000 (13.5%) (label=3) | Elapsed: 228.4m | Speed: 0.6 s/s | ETA: 1495.5m
  Sample 8200/60000 (13.7%) (label=9) | Elapsed: 231.2m | Speed: 0.6 s/s | ETA: 1468.7m
  Sample 8300/60000 (13.8%) (label=8) | Elapsed: 234.0m | Speed: 0.6 s/s | ETA: 1451.0m
  Sample 8400/60000 (14.0%) (label=4) | Elapsed: 236.9m | Speed: 0.6 s/s | ETA: 1479.6m
  Sample 8500/60000 (14.2%) (label=7) | Elapsed: 239.8m | Speed: 0.6 s/s | ETA: 1492.9m
  Sample 8600/60000 (14.3%) (label=2) | Elapsed: 242.7m | Speed: 0.6 s/s | ETA: 1489.7m
  Sample 8700/60000 (14.5%) (label=7) | Elapsed: 245.5m | Speed: 0.6 s/s | ETA: 1472.8m
  Sample 8800/60000 (14.7%) (label=6) | Elapsed: 248.4m | Speed: 0.6 s/s | ETA: 1470.8m
  Sample 8900/60000 (14.8%) (label=9) | Elapsed: 251.2m | Speed: 0.6 s/s | ETA: 1430.5m
  Sample 9000/60000 (15.0%) (label=9) | Elapsed: 254.1m | Speed: 0.6 s/s | ETA: 1476.0m
  Sample 9100/60000 (15.2%) (label=8) | Elapsed: 257.0m | Speed: 0.6 s/s | ETA: 1479.2m
  Sample 9200/60000 (15.3%) (label=1) | Elapsed: 259.8m | Speed: 0.6 s/s | ETA: 1439.0m
  Sample 9300/60000 (15.5%) (label=1) | Elapsed: 262.6m | Speed: 0.6 s/s | ETA: 1416.7m
  Sample 9400/60000 (15.7%) (label=1) | Elapsed: 265.4m | Speed: 0.6 s/s | ETA: 1426.4m
  Sample 9500/60000 (15.8%) (label=7) | Elapsed: 268.3m | Speed: 0.6 s/s | ETA: 1421.7m
  Sample 9600/60000 (16.0%) (label=1) | Elapsed: 271.1m | Speed: 0.6 s/s | ETA: 1431.4m
  Sample 9700/60000 (16.2%) (label=0) | Elapsed: 273.9m | Speed: 0.6 s/s | ETA: 1413.0m
  Sample 9800/60000 (16.3%) (label=8) | Elapsed: 276.8m | Speed: 0.6 s/s | ETA: 1425.0m
  Sample 9900/60000 (16.5%) (label=5) | Elapsed: 279.6m | Speed: 0.6 s/s | ETA: 1435.1m
  Sample 10000/60000 (16.7%) (label=7) | Elapsed: 282.4m | Speed: 0.6 s/s | ETA: 1410.0m
  Sample 10100/60000 (16.8%) (label=3) | Elapsed: 285.2m | Speed: 0.6 s/s | ETA: 1396.9m
  Sample 10200/60000 (17.0%) (label=9) | Elapsed: 288.1m | Speed: 0.6 s/s | ETA: 1403.1m
  Sample 10300/60000 (17.2%) (label=6) | Elapsed: 290.9m | Speed: 0.6 s/s | ETA: 1410.1m
  Sample 10400/60000 (17.3%) (label=1) | Elapsed: 293.7m | Speed: 0.6 s/s | ETA: 1398.4m
  Sample 10500/60000 (17.5%) (label=8) | Elapsed: 296.5m | Speed: 0.6 s/s | ETA: 1403.2m
  Sample 10600/60000 (17.7%) (label=0) | Elapsed: 299.4m | Speed: 0.6 s/s | ETA: 1416.5m
  Sample 10700/60000 (17.8%) (label=2) | Elapsed: 302.3m | Speed: 0.6 s/s | ETA: 1420.0m
  Sample 10800/60000 (18.0%) (label=9) | Elapsed: 305.1m | Speed: 0.6 s/s | ETA: 1387.9m
  Sample 10900/60000 (18.2%) (label=4) | Elapsed: 307.9m | Speed: 0.6 s/s | ETA: 1391.7m
  Sample 11000/60000 (18.3%) (label=2) | Elapsed: 310.8m | Speed: 0.6 s/s | ETA: 1395.6m
  Sample 11100/60000 (18.5%) (label=7) | Elapsed: 313.6m | Speed: 0.6 s/s | ETA: 1377.3m
  Sample 11200/60000 (18.7%) (label=9) | Elapsed: 316.4m | Speed: 0.6 s/s | ETA: 1370.6m
  Sample 11300/60000 (18.8%) (label=2) | Elapsed: 319.2m | Speed: 0.6 s/s | ETA: 1371.0m
  Sample 11400/60000 (19.0%) (label=7) | Elapsed: 322.1m | Speed: 0.6 s/s | ETA: 1403.9m
  Sample 11500/60000 (19.2%) (label=9) | Elapsed: 325.0m | Speed: 0.6 s/s | ETA: 1381.3m
  Sample 11600/60000 (19.3%) (label=5) | Elapsed: 327.8m | Speed: 0.6 s/s | ETA: 1358.2m
  Sample 11700/60000 (19.5%) (label=6) | Elapsed: 330.6m | Speed: 0.6 s/s | ETA: 1364.3m
  Sample 11800/60000 (19.7%) (label=4) | Elapsed: 333.5m | Speed: 0.6 s/s | ETA: 1372.7m
  Sample 11900/60000 (19.8%) (label=2) | Elapsed: 336.3m | Speed: 0.6 s/s | ETA: 1357.8m
  Sample 12000/60000 (20.0%) (label=3) | Elapsed: 339.1m | Speed: 0.6 s/s | ETA: 1367.2m
  Sample 12100/60000 (20.2%) (label=8) | Elapsed: 342.0m | Speed: 0.6 s/s | ETA: 1362.0m
  Sample 12200/60000 (20.3%) (label=6) | Elapsed: 344.8m | Speed: 0.6 s/s | ETA: 1343.6m
  Sample 12300/60000 (20.5%) (label=2) | Elapsed: 347.5m | Speed: 0.6 s/s | ETA: 1317.6m
  Sample 12400/60000 (20.7%) (label=1) | Elapsed: 350.3m | Speed: 0.6 s/s | ETA: 1323.8m
  Sample 12500/60000 (20.8%) (label=1) | Elapsed: 353.1m | Speed: 0.6 s/s | ETA: 1334.4m
  Sample 12600/60000 (21.0%) (label=7) | Elapsed: 356.0m | Speed: 0.6 s/s | ETA: 1347.7m
  Sample 12700/60000 (21.2%) (label=6) | Elapsed: 358.8m | Speed: 0.6 s/s | ETA: 1315.9m
  Sample 12800/60000 (21.3%) (label=0) | Elapsed: 361.6m | Speed: 0.6 s/s | ETA: 1329.0m
  Sample 12900/60000 (21.5%) (label=8) | Elapsed: 364.4m | Speed: 0.6 s/s | ETA: 1329.1m
  Sample 13000/60000 (21.7%) (label=9) | Elapsed: 367.2m | Speed: 0.6 s/s | ETA: 1330.2m
  Sample 13100/60000 (21.8%) (label=3) | Elapsed: 370.1m | Speed: 0.6 s/s | ETA: 1327.6m
  Sample 13200/60000 (22.0%) (label=7) | Elapsed: 372.9m | Speed: 0.6 s/s | ETA: 1324.4m
  Sample 13300/60000 (22.2%) (label=2) | Elapsed: 375.7m | Speed: 0.6 s/s | ETA: 1304.7m
  Sample 13400/60000 (22.3%) (label=1) | Elapsed: 378.5m | Speed: 0.6 s/s | ETA: 1314.1m
  Sample 13500/60000 (22.5%) (label=9) | Elapsed: 381.3m | Speed: 0.6 s/s | ETA: 1304.1m
  Sample 13600/60000 (22.7%) (label=7) | Elapsed: 384.1m | Speed: 0.6 s/s | ETA: 1318.0m
  Sample 13700/60000 (22.8%) (label=5) | Elapsed: 386.9m | Speed: 0.6 s/s | ETA: 1298.3m
  Sample 13800/60000 (23.0%) (label=0) | Elapsed: 389.8m | Speed: 0.6 s/s | ETA: 1296.5m
  Sample 13900/60000 (23.2%) (label=8) | Elapsed: 392.6m | Speed: 0.6 s/s | ETA: 1332.2m
  Sample 14000/60000 (23.3%) (label=6) | Elapsed: 395.4m | Speed: 0.6 s/s | ETA: 1280.8m
  Sample 14100/60000 (23.5%) (label=3) | Elapsed: 398.3m | Speed: 0.6 s/s | ETA: 1296.4m
  Sample 14200/60000 (23.7%) (label=5) | Elapsed: 401.1m | Speed: 0.6 s/s | ETA: 1290.0m
  Sample 14300/60000 (23.8%) (label=7) | Elapsed: 403.9m | Speed: 0.6 s/s | ETA: 1280.8m
  Sample 14400/60000 (24.0%) (label=6) | Elapsed: 406.7m | Speed: 0.6 s/s | ETA: 1310.0m
  Sample 14500/60000 (24.2%) (label=8) | Elapsed: 409.6m | Speed: 0.6 s/s | ETA: 1282.6m
  Sample 14600/60000 (24.3%) (label=5) | Elapsed: 412.4m | Speed: 0.6 s/s | ETA: 1289.6m
  Sample 14700/60000 (24.5%) (label=9) | Elapsed: 415.2m | Speed: 0.6 s/s | ETA: 1263.6m
  Sample 14800/60000 (24.7%) (label=5) | Elapsed: 418.1m | Speed: 0.6 s/s | ETA: 1313.9m
  Sample 14900/60000 (24.8%) (label=1) | Elapsed: 420.9m | Speed: 0.6 s/s | ETA: 1285.4m
  Sample 15000/60000 (25.0%) (label=7) | Elapsed: 423.8m | Speed: 0.6 s/s | ETA: 1302.6m
  Sample 15100/60000 (25.2%) (label=1) | Elapsed: 426.7m | Speed: 0.6 s/s | ETA: 1289.5m
  Sample 15200/60000 (25.3%) (label=7) | Elapsed: 429.8m | Speed: 0.5 s/s | ETA: 1389.1m
  Sample 15300/60000 (25.5%) (label=4) | Elapsed: 432.6m | Speed: 0.6 s/s | ETA: 1257.4m
  Sample 15400/60000 (25.7%) (label=0) | Elapsed: 435.4m | Speed: 0.6 s/s | ETA: 1254.9m
  Sample 15500/60000 (25.8%) (label=7) | Elapsed: 438.3m | Speed: 0.6 s/s | ETA: 1286.8m
  Sample 15600/60000 (26.0%) (label=8) | Elapsed: 441.2m | Speed: 0.6 s/s | ETA: 1276.8m
  Sample 15700/60000 (26.2%) (label=2) | Elapsed: 444.1m | Speed: 0.6 s/s | ETA: 1296.6m
  Sample 15800/60000 (26.3%) (label=2) | Elapsed: 447.0m | Speed: 0.6 s/s | ETA: 1267.0m
  Sample 15900/60000 (26.5%) (label=9) | Elapsed: 450.1m | Speed: 0.5 s/s | ETA: 1382.8m
  Sample 16000/60000 (26.7%) (label=1) | Elapsed: 453.0m | Speed: 0.6 s/s | ETA: 1276.9m
  Sample 16100/60000 (26.8%) (label=7) | Elapsed: 455.9m | Speed: 0.6 s/s | ETA: 1262.8m
  Sample 16200/60000 (27.0%) (label=7) | Elapsed: 459.0m | Speed: 0.5 s/s | ETA: 1359.5m
  Sample 16300/60000 (27.2%) (label=7) | Elapsed: 462.2m | Speed: 0.5 s/s | ETA: 1392.5m
  Sample 16400/60000 (27.3%) (label=4) | Elapsed: 465.1m | Speed: 0.6 s/s | ETA: 1261.2m
  Sample 16500/60000 (27.5%) (label=5) | Elapsed: 468.1m | Speed: 0.6 s/s | ETA: 1292.3m
  Sample 16600/60000 (27.7%) (label=6) | Elapsed: 471.0m | Speed: 0.6 s/s | ETA: 1277.0m
  Sample 16700/60000 (27.8%) (label=1) | Elapsed: 474.3m | Speed: 0.5 s/s | ETA: 1430.0m
  Sample 16800/60000 (28.0%) (label=9) | Elapsed: 477.7m | Speed: 0.5 s/s | ETA: 1471.2m
  Sample 16900/60000 (28.2%) (label=4) | Elapsed: 481.0m | Speed: 0.5 s/s | ETA: 1393.2m
  Sample 17000/60000 (28.3%) (label=7) | Elapsed: 484.1m | Speed: 0.5 s/s | ETA: 1357.3m
  Sample 17100/60000 (28.5%) (label=5) | Elapsed: 487.3m | Speed: 0.5 s/s | ETA: 1382.6m
  Sample 17200/60000 (28.7%) (label=6) | Elapsed: 490.6m | Speed: 0.5 s/s | ETA: 1415.8m
  Sample 17300/60000 (28.8%) (label=4) | Elapsed: 493.9m | Speed: 0.5 s/s | ETA: 1404.7m
  Sample 17400/60000 (29.0%) (label=4) | Elapsed: 496.8m | Speed: 0.6 s/s | ETA: 1225.2m
  Sample 17500/60000 (29.2%) (label=8) | Elapsed: 499.7m | Speed: 0.6 s/s | ETA: 1247.4m
  Sample 17600/60000 (29.3%) (label=1) | Elapsed: 502.6m | Speed: 0.6 s/s | ETA: 1213.3m
  Sample 17700/60000 (29.5%) (label=3) | Elapsed: 505.5m | Speed: 0.6 s/s | ETA: 1204.8m
  Sample 17800/60000 (29.7%) (label=9) | Elapsed: 508.5m | Speed: 0.5 s/s | ETA: 1299.6m
  Sample 17900/60000 (29.8%) (label=9) | Elapsed: 511.8m | Speed: 0.5 s/s | ETA: 1364.4m
  Sample 18000/60000 (30.0%) (label=8) | Elapsed: 514.9m | Speed: 0.5 s/s | ETA: 1334.3m
  Sample 18100/60000 (30.2%) (label=3) | Elapsed: 517.9m | Speed: 0.6 s/s | ETA: 1234.7m
  Sample 18200/60000 (30.3%) (label=6) | Elapsed: 521.2m | Speed: 0.5 s/s | ETA: 1377.6m
  Sample 18300/60000 (30.5%) (label=3) | Elapsed: 524.7m | Speed: 0.5 s/s | ETA: 1467.6m
  Sample 18400/60000 (30.7%) (label=5) | Elapsed: 528.2m | Speed: 0.5 s/s | ETA: 1431.0m
  Sample 18500/60000 (30.8%) (label=2) | Elapsed: 531.4m | Speed: 0.5 s/s | ETA: 1332.2m
  Sample 18600/60000 (31.0%) (label=0) | Elapsed: 534.7m | Speed: 0.5 s/s | ETA: 1397.8m
  Sample 18700/60000 (31.2%) (label=5) | Elapsed: 538.2m | Speed: 0.5 s/s | ETA: 1433.5m
  Sample 18800/60000 (31.3%) (label=0) | Elapsed: 541.6m | Speed: 0.5 s/s | ETA: 1399.0m
  Sample 18900/60000 (31.5%) (label=1) | Elapsed: 545.0m | Speed: 0.5 s/s | ETA: 1376.4m
  Sample 19000/60000 (31.7%) (label=4) | Elapsed: 548.3m | Speed: 0.5 s/s | ETA: 1382.9m
  Sample 19100/60000 (31.8%) (label=1) | Elapsed: 551.6m | Speed: 0.5 s/s | ETA: 1325.7m
  Sample 19200/60000 (32.0%) (label=7) | Elapsed: 554.8m | Speed: 0.5 s/s | ETA: 1324.0m
  Sample 19300/60000 (32.2%) (label=4) | Elapsed: 558.0m | Speed: 0.5 s/s | ETA: 1313.1m
  Sample 19400/60000 (32.3%) (label=0) | Elapsed: 561.4m | Speed: 0.5 s/s | ETA: 1348.7m
  Sample 19500/60000 (32.5%) (label=4) | Elapsed: 564.7m | Speed: 0.5 s/s | ETA: 1337.5m
  Sample 19600/60000 (32.7%) (label=4) | Elapsed: 568.0m | Speed: 0.5 s/s | ETA: 1357.9m
  Sample 19700/60000 (32.8%) (label=5) | Elapsed: 571.4m | Speed: 0.5 s/s | ETA: 1367.1m
  Sample 19800/60000 (33.0%) (label=6) | Elapsed: 574.7m | Speed: 0.5 s/s | ETA: 1324.3m
  Sample 19900/60000 (33.2%) (label=0) | Elapsed: 577.7m | Speed: 0.6 s/s | ETA: 1208.0m
  Sample 20000/60000 (33.3%) (label=2) | Elapsed: 581.1m | Speed: 0.5 s/s | ETA: 1360.1m
  Sample 20100/60000 (33.5%) (label=3) | Elapsed: 584.5m | Speed: 0.5 s/s | ETA: 1334.7m
  Sample 20200/60000 (33.7%) (label=5) | Elapsed: 587.6m | Speed: 0.5 s/s | ETA: 1250.9m
  Sample 20300/60000 (33.8%) (label=2) | Elapsed: 590.8m | Speed: 0.5 s/s | ETA: 1248.3m
  Sample 20400/60000 (34.0%) (label=4) | Elapsed: 594.2m | Speed: 0.5 s/s | ETA: 1353.7m
  Sample 20500/60000 (34.2%) (label=3) | Elapsed: 597.4m | Speed: 0.5 s/s | ETA: 1259.0m
  Sample 20600/60000 (34.3%) (label=4) | Elapsed: 600.5m | Speed: 0.5 s/s | ETA: 1249.0m
  Sample 20700/60000 (34.5%) (label=1) | Elapsed: 603.5m | Speed: 0.6 s/s | ETA: 1185.1m
  Sample 20800/60000 (34.7%) (label=5) | Elapsed: 606.5m | Speed: 0.6 s/s | ETA: 1146.6m
  Sample 20900/60000 (34.8%) (label=1) | Elapsed: 609.5m | Speed: 0.6 s/s | ETA: 1174.4m
  Sample 21000/60000 (35.0%) (label=4) | Elapsed: 612.4m | Speed: 0.6 s/s | ETA: 1122.5m
  Sample 21100/60000 (35.2%) (label=3) | Elapsed: 615.2m | Speed: 0.6 s/s | ETA: 1091.6m
  Sample 21200/60000 (35.3%) (label=0) | Elapsed: 618.0m | Speed: 0.6 s/s | ETA: 1107.5m
  Sample 21300/60000 (35.5%) (label=0) | Elapsed: 620.9m | Speed: 0.6 s/s | ETA: 1106.5m
  Sample 21400/60000 (35.7%) (label=8) | Elapsed: 623.7m | Speed: 0.6 s/s | ETA: 1108.2m
  Sample 21500/60000 (35.8%) (label=4) | Elapsed: 626.6m | Speed: 0.6 s/s | ETA: 1108.5m
  Sample 21600/60000 (36.0%) (label=6) | Elapsed: 629.7m | Speed: 0.5 s/s | ETA: 1179.8m
  Sample 21700/60000 (36.2%) (label=1) | Elapsed: 632.6m | Speed: 0.6 s/s | ETA: 1117.4m
  Sample 21800/60000 (36.3%) (label=5) | Elapsed: 635.5m | Speed: 0.6 s/s | ETA: 1086.2m
  Sample 21900/60000 (36.5%) (label=1) | Elapsed: 638.3m | Speed: 0.6 s/s | ETA: 1088.2m
  Sample 22000/60000 (36.7%) (label=4) | Elapsed: 641.2m | Speed: 0.6 s/s | ETA: 1083.6m
  Sample 22100/60000 (36.8%) (label=8) | Elapsed: 644.0m | Speed: 0.6 s/s | ETA: 1092.1m
  Sample 22200/60000 (37.0%) (label=2) | Elapsed: 646.9m | Speed: 0.6 s/s | ETA: 1086.2m
  Sample 22300/60000 (37.2%) (label=9) | Elapsed: 650.0m | Speed: 0.5 s/s | ETA: 1145.8m
  Sample 22400/60000 (37.3%) (label=7) | Elapsed: 653.0m | Speed: 0.5 s/s | ETA: 1143.1m
  Sample 22500/60000 (37.5%) (label=8) | Elapsed: 655.8m | Speed: 0.6 s/s | ETA: 1067.1m
  Sample 22600/60000 (37.7%) (label=5) | Elapsed: 658.7m | Speed: 0.6 s/s | ETA: 1054.2m
  Sample 22700/60000 (37.8%) (label=4) | Elapsed: 661.5m | Speed: 0.6 s/s | ETA: 1056.9m
  Sample 22800/60000 (38.0%) (label=9) | Elapsed: 664.4m | Speed: 0.6 s/s | ETA: 1061.9m
  Sample 22900/60000 (38.2%) (label=1) | Elapsed: 667.3m | Speed: 0.6 s/s | ETA: 1076.3m
  Sample 23000/60000 (38.3%) (label=3) | Elapsed: 670.2m | Speed: 0.6 s/s | ETA: 1084.4m
  Sample 23100/60000 (38.5%) (label=2) | Elapsed: 673.0m | Speed: 0.6 s/s | ETA: 1046.4m
  Sample 23200/60000 (38.7%) (label=4) | Elapsed: 676.0m | Speed: 0.6 s/s | ETA: 1109.9m
  Sample 23300/60000 (38.8%) (label=4) | Elapsed: 679.3m | Speed: 0.5 s/s | ETA: 1179.7m
  Sample 23400/60000 (39.0%) (label=1) | Elapsed: 682.7m | Speed: 0.5 s/s | ETA: 1246.7m
  Sample 23500/60000 (39.2%) (label=0) | Elapsed: 686.2m | Speed: 0.5 s/s | ETA: 1284.4m
  Sample 23600/60000 (39.3%) (label=4) | Elapsed: 689.7m | Speed: 0.5 s/s | ETA: 1265.5m
  Sample 23700/60000 (39.5%) (label=6) | Elapsed: 692.7m | Speed: 0.5 s/s | ETA: 1118.9m
  Sample 23800/60000 (39.7%) (label=3) | Elapsed: 695.6m | Speed: 0.6 s/s | ETA: 1023.8m
  Sample 23900/60000 (39.8%) (label=8) | Elapsed: 698.6m | Speed: 0.5 s/s | ETA: 1102.0m
  Sample 24000/60000 (40.0%) (label=4) | Elapsed: 701.7m | Speed: 0.5 s/s | ETA: 1096.5m
  Sample 24100/60000 (40.2%) (label=3) | Elapsed: 704.5m | Speed: 0.6 s/s | ETA: 1017.6m
  Sample 24200/60000 (40.3%) (label=9) | Elapsed: 707.4m | Speed: 0.6 s/s | ETA: 1022.5m
  Sample 24300/60000 (40.5%) (label=3) | Elapsed: 710.2m | Speed: 0.6 s/s | ETA: 1024.7m
  Sample 24400/60000 (40.7%) (label=0) | Elapsed: 713.1m | Speed: 0.6 s/s | ETA: 1018.2m
  Sample 24500/60000 (40.8%) (label=9) | Elapsed: 716.1m | Speed: 0.6 s/s | ETA: 1067.4m
  Sample 24600/60000 (41.0%) (label=7) | Elapsed: 719.4m | Speed: 0.5 s/s | ETA: 1158.8m
  Sample 24700/60000 (41.2%) (label=7) | Elapsed: 722.3m | Speed: 0.6 s/s | ETA: 1033.9m
  Sample 24800/60000 (41.3%) (label=5) | Elapsed: 725.1m | Speed: 0.6 s/s | ETA: 991.8m
  Sample 24900/60000 (41.5%) (label=3) | Elapsed: 728.0m | Speed: 0.6 s/s | ETA: 1006.1m
  Sample 25000/60000 (41.7%) (label=9) | Elapsed: 730.8m | Speed: 0.6 s/s | ETA: 985.1m
  Sample 25100/60000 (41.8%) (label=9) | Elapsed: 733.7m | Speed: 0.6 s/s | ETA: 1022.6m
  Sample 25200/60000 (42.0%) (label=0) | Elapsed: 736.7m | Speed: 0.6 s/s | ETA: 1031.5m
  Sample 25300/60000 (42.2%) (label=7) | Elapsed: 739.6m | Speed: 0.6 s/s | ETA: 994.3m
  Sample 25400/60000 (42.3%) (label=0) | Elapsed: 742.5m | Speed: 0.6 s/s | ETA: 1014.7m
  Sample 25500/60000 (42.5%) (label=6) | Elapsed: 745.4m | Speed: 0.6 s/s | ETA: 1021.2m
  Sample 25600/60000 (42.7%) (label=6) | Elapsed: 748.7m | Speed: 0.5 s/s | ETA: 1106.8m
  Sample 25700/60000 (42.8%) (label=9) | Elapsed: 752.0m | Speed: 0.5 s/s | ETA: 1143.4m
  Sample 25800/60000 (43.0%) (label=8) | Elapsed: 755.1m | Speed: 0.5 s/s | ETA: 1060.8m
  Sample 25900/60000 (43.2%) (label=1) | Elapsed: 758.6m | Speed: 0.5 s/s | ETA: 1196.6m
  Sample 26000/60000 (43.3%) (label=6) | Elapsed: 761.6m | Speed: 0.6 s/s | ETA: 1020.0m
  Sample 26100/60000 (43.5%) (label=1) | Elapsed: 764.5m | Speed: 0.6 s/s | ETA: 982.6m
  Sample 26200/60000 (43.7%) (label=9) | Elapsed: 767.4m | Speed: 0.6 s/s | ETA: 966.5m
  Sample 26300/60000 (43.8%) (label=6) | Elapsed: 770.3m | Speed: 0.6 s/s | ETA: 979.6m
  Sample 26400/60000 (44.0%) (label=3) | Elapsed: 773.3m | Speed: 0.5 s/s | ETA: 1024.1m
  Sample 26500/60000 (44.2%) (label=7) | Elapsed: 776.2m | Speed: 0.6 s/s | ETA: 956.8m
  Sample 26600/60000 (44.3%) (label=4) | Elapsed: 779.1m | Speed: 0.6 s/s | ETA: 963.1m
  Sample 26700/60000 (44.5%) (label=7) | Elapsed: 782.1m | Speed: 0.6 s/s | ETA: 998.9m
  Sample 26800/60000 (44.7%) (label=0) | Elapsed: 785.0m | Speed: 0.6 s/s | ETA: 967.2m
  Sample 26900/60000 (44.8%) (label=2) | Elapsed: 787.8m | Speed: 0.6 s/s | ETA: 945.6m
  Sample 27000/60000 (45.0%) (label=0) | Elapsed: 790.7m | Speed: 0.6 s/s | ETA: 959.7m
  Sample 27100/60000 (45.2%) (label=5) | Elapsed: 793.7m | Speed: 0.6 s/s | ETA: 973.3m
  Sample 27200/60000 (45.3%) (label=7) | Elapsed: 796.5m | Speed: 0.6 s/s | ETA: 935.4m
  Sample 27300/60000 (45.5%) (label=8) | Elapsed: 799.5m | Speed: 0.6 s/s | ETA: 971.3m
  Sample 27400/60000 (45.7%) (label=8) | Elapsed: 802.7m | Speed: 0.5 s/s | ETA: 1048.6m
  Sample 27500/60000 (45.8%) (label=5) | Elapsed: 805.9m | Speed: 0.5 s/s | ETA: 1021.5m
  Sample 27600/60000 (46.0%) (label=8) | Elapsed: 809.0m | Speed: 0.5 s/s | ETA: 1024.0m
  Sample 27700/60000 (46.2%) (label=5) | Elapsed: 812.3m | Speed: 0.5 s/s | ETA: 1063.5m
  Sample 27800/60000 (46.3%) (label=6) | Elapsed: 815.3m | Speed: 0.6 s/s | ETA: 961.7m
  Sample 27900/60000 (46.5%) (label=3) | Elapsed: 818.5m | Speed: 0.5 s/s | ETA: 1017.1m
  Sample 28000/60000 (46.7%) (label=8) | Elapsed: 821.9m | Speed: 0.5 s/s | ETA: 1080.6m
  Sample 28100/60000 (46.8%) (label=1) | Elapsed: 825.2m | Speed: 0.5 s/s | ETA: 1052.3m
  Sample 28200/60000 (47.0%) (label=3) | Elapsed: 828.6m | Speed: 0.5 s/s | ETA: 1109.4m
  Sample 28300/60000 (47.2%) (label=3) | Elapsed: 832.0m | Speed: 0.5 s/s | ETA: 1077.8m
  Sample 28400/60000 (47.3%) (label=7) | Elapsed: 835.4m | Speed: 0.5 s/s | ETA: 1047.4m
  Sample 28500/60000 (47.5%) (label=3) | Elapsed: 838.7m | Speed: 0.5 s/s | ETA: 1058.0m
  Sample 28600/60000 (47.7%) (label=4) | Elapsed: 842.1m | Speed: 0.5 s/s | ETA: 1055.9m
  Sample 28700/60000 (47.8%) (label=8) | Elapsed: 845.4m | Speed: 0.5 s/s | ETA: 1042.0m
  Sample 28800/60000 (48.0%) (label=4) | Elapsed: 848.9m | Speed: 0.5 s/s | ETA: 1090.9m
  Sample 28900/60000 (48.2%) (label=5) | Elapsed: 852.1m | Speed: 0.5 s/s | ETA: 982.9m
  Sample 29000/60000 (48.3%) (label=8) | Elapsed: 855.0m | Speed: 0.6 s/s | ETA: 919.5m
  Sample 29100/60000 (48.5%) (label=7) | Elapsed: 858.2m | Speed: 0.5 s/s | ETA: 991.4m
  Sample 29200/60000 (48.7%) (label=0) | Elapsed: 861.4m | Speed: 0.5 s/s | ETA: 983.0m
  Sample 29300/60000 (48.8%) (label=8) | Elapsed: 864.5m | Speed: 0.5 s/s | ETA: 955.1m
  Sample 29400/60000 (49.0%) (label=6) | Elapsed: 867.6m | Speed: 0.6 s/s | ETA: 921.9m
  Sample 29500/60000 (49.2%) (label=1) | Elapsed: 870.8m | Speed: 0.5 s/s | ETA: 984.2m
  Sample 29600/60000 (49.3%) (label=0) | Elapsed: 874.2m | Speed: 0.5 s/s | ETA: 1050.7m
  Sample 29700/60000 (49.5%) (label=2) | Elapsed: 877.6m | Speed: 0.5 s/s | ETA: 1020.1m
  Sample 29800/60000 (49.7%) (label=7) | Elapsed: 881.1m | Speed: 0.5 s/s | ETA: 1057.2m
  Sample 29900/60000 (49.8%) (label=3) | Elapsed: 884.5m | Speed: 0.5 s/s | ETA: 1030.0m
  Sample 30000/60000 (50.0%) (label=1) | Elapsed: 888.1m | Speed: 0.5 s/s | ETA: 1065.3m
  Sample 30100/60000 (50.2%) (label=9) | Elapsed: 891.6m | Speed: 0.5 s/s | ETA: 1064.8m
  Sample 30200/60000 (50.3%) (label=6) | Elapsed: 895.1m | Speed: 0.5 s/s | ETA: 1038.5m
  Sample 30300/60000 (50.5%) (label=1) | Elapsed: 898.6m | Speed: 0.5 s/s | ETA: 1034.0m
  Sample 30400/60000 (50.7%) (label=5) | Elapsed: 902.2m | Speed: 0.5 s/s | ETA: 1065.3m
  Sample 30500/60000 (50.8%) (label=5) | Elapsed: 905.7m | Speed: 0.5 s/s | ETA: 1040.8m
  Sample 30600/60000 (51.0%) (label=7) | Elapsed: 909.2m | Speed: 0.5 s/s | ETA: 1022.9m
  Sample 30700/60000 (51.2%) (label=0) | Elapsed: 912.8m | Speed: 0.5 s/s | ETA: 1062.5m
  Sample 30800/60000 (51.3%) (label=6) | Elapsed: 916.2m | Speed: 0.5 s/s | ETA: 979.6m
  Sample 30900/60000 (51.5%) (label=9) | Elapsed: 919.5m | Speed: 0.5 s/s | ETA: 955.4m
  Sample 31000/60000 (51.7%) (label=8) | Elapsed: 922.7m | Speed: 0.5 s/s | ETA: 930.7m
  Sample 31100/60000 (51.8%) (label=5) | Elapsed: 926.1m | Speed: 0.5 s/s | ETA: 992.5m
  Sample 31200/60000 (52.0%) (label=0) | Elapsed: 929.7m | Speed: 0.5 s/s | ETA: 1015.7m
  Sample 31300/60000 (52.2%) (label=9) | Elapsed: 933.0m | Speed: 0.5 s/s | ETA: 967.6m
  Sample 31400/60000 (52.3%) (label=8) | Elapsed: 936.5m | Speed: 0.5 s/s | ETA: 992.7m
  Sample 31500/60000 (52.5%) (label=5) | Elapsed: 939.9m | Speed: 0.5 s/s | ETA: 965.7m
  Sample 31600/60000 (52.7%) (label=8) | Elapsed: 943.1m | Speed: 0.5 s/s | ETA: 927.4m
  Sample 31700/60000 (52.8%) (label=7) | Elapsed: 946.3m | Speed: 0.5 s/s | ETA: 889.5m
  Sample 31800/60000 (53.0%) (label=7) | Elapsed: 949.6m | Speed: 0.5 s/s | ETA: 937.0m
  Sample 31900/60000 (53.2%) (label=7) | Elapsed: 952.7m | Speed: 0.5 s/s | ETA: 867.1m
  Sample 32000/60000 (53.3%) (label=5) | Elapsed: 955.7m | Speed: 0.6 s/s | ETA: 838.8m
  Sample 32100/60000 (53.5%) (label=7) | Elapsed: 959.1m | Speed: 0.5 s/s | ETA: 941.3m
  Sample 32200/60000 (53.7%) (label=8) | Elapsed: 962.3m | Speed: 0.5 s/s | ETA: 886.6m
  Sample 32300/60000 (53.8%) (label=3) | Elapsed: 965.6m | Speed: 0.5 s/s | ETA: 930.4m
  Sample 32400/60000 (54.0%) (label=0) | Elapsed: 968.6m | Speed: 0.6 s/s | ETA: 830.8m
  Sample 32500/60000 (54.2%) (label=4) | Elapsed: 971.5m | Speed: 0.6 s/s | ETA: 795.5m
  Sample 32600/60000 (54.3%) (label=7) | Elapsed: 974.4m | Speed: 0.6 s/s | ETA: 797.3m
  Sample 32700/60000 (54.5%) (label=5) | Elapsed: 977.3m | Speed: 0.6 s/s | ETA: 771.8m
  Sample 32800/60000 (54.7%) (label=3) | Elapsed: 980.3m | Speed: 0.5 s/s | ETA: 834.5m
  Sample 32900/60000 (54.8%) (label=0) | Elapsed: 983.4m | Speed: 0.5 s/s | ETA: 823.8m
  Sample 33000/60000 (55.0%) (label=6) | Elapsed: 986.2m | Speed: 0.6 s/s | ETA: 776.9m
  Sample 33100/60000 (55.2%) (label=3) | Elapsed: 989.3m | Speed: 0.5 s/s | ETA: 818.4m
  Sample 33200/60000 (55.3%) (label=9) | Elapsed: 992.4m | Speed: 0.5 s/s | ETA: 842.6m
  Sample 33300/60000 (55.5%) (label=3) | Elapsed: 995.3m | Speed: 0.6 s/s | ETA: 767.8m
  Sample 33400/60000 (55.7%) (label=3) | Elapsed: 998.2m | Speed: 0.6 s/s | ETA: 764.2m
  Sample 33500/60000 (55.8%) (label=7) | Elapsed: 1001.1m | Speed: 0.6 s/s | ETA: 764.6m
  Sample 33600/60000 (56.0%) (label=9) | Elapsed: 1003.9m | Speed: 0.6 s/s | ETA: 750.2m
  Sample 33700/60000 (56.2%) (label=9) | Elapsed: 1006.8m | Speed: 0.6 s/s | ETA: 752.4m
  Sample 33800/60000 (56.3%) (label=1) | Elapsed: 1009.6m | Speed: 0.6 s/s | ETA: 745.8m
  Sample 33900/60000 (56.5%) (label=9) | Elapsed: 1012.5m | Speed: 0.6 s/s | ETA: 758.7m
  Sample 34000/60000 (56.7%) (label=9) | Elapsed: 1015.4m | Speed: 0.6 s/s | ETA: 738.1m
  Sample 34100/60000 (56.8%) (label=0) | Elapsed: 1018.2m | Speed: 0.6 s/s | ETA: 735.1m
  Sample 34200/60000 (57.0%) (label=1) | Elapsed: 1021.0m | Speed: 0.6 s/s | ETA: 730.3m
  Sample 34300/60000 (57.2%) (label=5) | Elapsed: 1023.9m | Speed: 0.6 s/s | ETA: 729.3m
  Sample 34400/60000 (57.3%) (label=9) | Elapsed: 1026.7m | Speed: 0.6 s/s | ETA: 726.9m
  Sample 34500/60000 (57.5%) (label=6) | Elapsed: 1029.5m | Speed: 0.6 s/s | ETA: 723.3m
  Sample 34600/60000 (57.7%) (label=7) | Elapsed: 1032.4m | Speed: 0.6 s/s | ETA: 724.8m
  Sample 34700/60000 (57.8%) (label=0) | Elapsed: 1035.3m | Speed: 0.6 s/s | ETA: 733.7m
  Sample 34800/60000 (58.0%) (label=2) | Elapsed: 1038.1m | Speed: 0.6 s/s | ETA: 712.0m
  Sample 34900/60000 (58.2%) (label=7) | Elapsed: 1040.9m | Speed: 0.6 s/s | ETA: 708.0m
  Sample 35000/60000 (58.3%) (label=0) | Elapsed: 1043.8m | Speed: 0.6 s/s | ETA: 723.8m
  Sample 35100/60000 (58.5%) (label=6) | Elapsed: 1046.7m | Speed: 0.6 s/s | ETA: 714.0m
  Sample 35200/60000 (58.7%) (label=7) | Elapsed: 1049.6m | Speed: 0.6 s/s | ETA: 708.0m
  Sample 35300/60000 (58.8%) (label=1) | Elapsed: 1052.4m | Speed: 0.6 s/s | ETA: 700.7m
  Sample 35400/60000 (59.0%) (label=1) | Elapsed: 1055.2m | Speed: 0.6 s/s | ETA: 692.8m
  Sample 35500/60000 (59.2%) (label=7) | Elapsed: 1058.0m | Speed: 0.6 s/s | ETA: 694.8m
  Sample 35600/60000 (59.3%) (label=2) | Elapsed: 1060.9m | Speed: 0.6 s/s | ETA: 690.4m
  Sample 35700/60000 (59.5%) (label=1) | Elapsed: 1063.7m | Speed: 0.6 s/s | ETA: 685.1m
  Sample 35800/60000 (59.7%) (label=5) | Elapsed: 1066.5m | Speed: 0.6 s/s | ETA: 680.6m
  Sample 35900/60000 (59.8%) (label=7) | Elapsed: 1069.3m | Speed: 0.6 s/s | ETA: 671.9m
  Sample 36000/60000 (60.0%) (label=0) | Elapsed: 1072.0m | Speed: 0.6 s/s | ETA: 653.7m
  Sample 36100/60000 (60.2%) (label=8) | Elapsed: 1074.8m | Speed: 0.6 s/s | ETA: 663.5m
  Sample 36200/60000 (60.3%) (label=8) | Elapsed: 1077.6m | Speed: 0.6 s/s | ETA: 665.3m
  Sample 36300/60000 (60.5%) (label=8) | Elapsed: 1080.4m | Speed: 0.6 s/s | ETA: 665.0m
  Sample 36400/60000 (60.7%) (label=4) | Elapsed: 1083.2m | Speed: 0.6 s/s | ETA: 659.0m
  Sample 36500/60000 (60.8%) (label=9) | Elapsed: 1086.0m | Speed: 0.6 s/s | ETA: 668.4m
  Sample 36600/60000 (61.0%) (label=5) | Elapsed: 1088.9m | Speed: 0.6 s/s | ETA: 660.6m
  Sample 36700/60000 (61.2%) (label=6) | Elapsed: 1091.6m | Speed: 0.6 s/s | ETA: 650.2m
  Sample 36800/60000 (61.3%) (label=7) | Elapsed: 1094.5m | Speed: 0.6 s/s | ETA: 652.9m
  Sample 36900/60000 (61.5%) (label=3) | Elapsed: 1097.3m | Speed: 0.6 s/s | ETA: 645.1m
  Sample 37000/60000 (61.7%) (label=5) | Elapsed: 1100.1m | Speed: 0.6 s/s | ETA: 652.1m
  Sample 37100/60000 (61.8%) (label=0) | Elapsed: 1103.0m | Speed: 0.6 s/s | ETA: 655.9m
  Sample 37200/60000 (62.0%) (label=2) | Elapsed: 1105.8m | Speed: 0.6 s/s | ETA: 652.7m
  Sample 37300/60000 (62.2%) (label=8) | Elapsed: 1108.7m | Speed: 0.6 s/s | ETA: 652.6m
  Sample 37400/60000 (62.3%) (label=7) | Elapsed: 1111.5m | Speed: 0.6 s/s | ETA: 641.2m
  Sample 37500/60000 (62.5%) (label=1) | Elapsed: 1114.4m | Speed: 0.6 s/s | ETA: 638.1m
  Sample 37600/60000 (62.7%) (label=6) | Elapsed: 1117.2m | Speed: 0.6 s/s | ETA: 640.4m
  Sample 37700/60000 (62.8%) (label=5) | Elapsed: 1120.1m | Speed: 0.6 s/s | ETA: 634.7m
  Sample 37800/60000 (63.0%) (label=4) | Elapsed: 1122.9m | Speed: 0.6 s/s | ETA: 626.6m
  Sample 37900/60000 (63.2%) (label=4) | Elapsed: 1125.7m | Speed: 0.6 s/s | ETA: 622.4m
  Sample 38000/60000 (63.3%) (label=7) | Elapsed: 1128.5m | Speed: 0.6 s/s | ETA: 611.3m
  Sample 38100/60000 (63.5%) (label=0) | Elapsed: 1131.3m | Speed: 0.6 s/s | ETA: 616.2m
  Sample 38200/60000 (63.7%) (label=3) | Elapsed: 1134.1m | Speed: 0.6 s/s | ETA: 615.0m
  Sample 38300/60000 (63.8%) (label=6) | Elapsed: 1136.9m | Speed: 0.6 s/s | ETA: 607.0m
  Sample 38400/60000 (64.0%) (label=3) | Elapsed: 1139.8m | Speed: 0.6 s/s | ETA: 616.0m
  Sample 38500/60000 (64.2%) (label=1) | Elapsed: 1142.6m | Speed: 0.6 s/s | ETA: 603.5m
  Sample 38600/60000 (64.3%) (label=0) | Elapsed: 1145.4m | Speed: 0.6 s/s | ETA: 604.7m
  Sample 38700/60000 (64.5%) (label=6) | Elapsed: 1148.2m | Speed: 0.6 s/s | ETA: 593.7m
  Sample 38800/60000 (64.7%) (label=8) | Elapsed: 1151.0m | Speed: 0.6 s/s | ETA: 587.8m
  Sample 38900/60000 (64.8%) (label=9) | Elapsed: 1153.7m | Speed: 0.6 s/s | ETA: 586.5m
  Sample 39000/60000 (65.0%) (label=9) | Elapsed: 1156.5m | Speed: 0.6 s/s | ETA: 586.5m
  Sample 39100/60000 (65.2%) (label=3) | Elapsed: 1159.3m | Speed: 0.6 s/s | ETA: 585.7m
  Sample 39200/60000 (65.3%) (label=9) | Elapsed: 1162.2m | Speed: 0.6 s/s | ETA: 585.8m
  Sample 39300/60000 (65.5%) (label=2) | Elapsed: 1165.0m | Speed: 0.6 s/s | ETA: 579.6m
  Sample 39400/60000 (65.7%) (label=7) | Elapsed: 1167.7m | Speed: 0.6 s/s | ETA: 570.5m
  Sample 39500/60000 (65.8%) (label=8) | Elapsed: 1170.5m | Speed: 0.6 s/s | ETA: 568.4m
  Sample 39600/60000 (66.0%) (label=8) | Elapsed: 1173.2m | Speed: 0.6 s/s | ETA: 561.5m
  Sample 39700/60000 (66.2%) (label=1) | Elapsed: 1176.0m | Speed: 0.6 s/s | ETA: 568.8m
  Sample 39800/60000 (66.3%) (label=4) | Elapsed: 1178.8m | Speed: 0.6 s/s | ETA: 555.2m
  Sample 39900/60000 (66.5%) (label=2) | Elapsed: 1181.6m | Speed: 0.6 s/s | ETA: 565.7m
  Sample 40000/60000 (66.7%) (label=5) | Elapsed: 1184.4m | Speed: 0.6 s/s | ETA: 561.4m
  Sample 40100/60000 (66.8%) (label=0) | Elapsed: 1187.2m | Speed: 0.6 s/s | ETA: 554.1m
  Sample 40200/60000 (67.0%) (label=0) | Elapsed: 1190.0m | Speed: 0.6 s/s | ETA: 561.0m
  Sample 40300/60000 (67.2%) (label=4) | Elapsed: 1192.8m | Speed: 0.6 s/s | ETA: 543.2m
  Sample 40400/60000 (67.3%) (label=1) | Elapsed: 1195.6m | Speed: 0.6 s/s | ETA: 544.5m
  Sample 40500/60000 (67.5%) (label=9) | Elapsed: 1198.4m | Speed: 0.6 s/s | ETA: 556.6m
  Sample 40600/60000 (67.7%) (label=5) | Elapsed: 1201.3m | Speed: 0.6 s/s | ETA: 561.2m
  Sample 40700/60000 (67.8%) (label=2) | Elapsed: 1204.1m | Speed: 0.6 s/s | ETA: 535.9m
  Sample 40800/60000 (68.0%) (label=9) | Elapsed: 1206.9m | Speed: 0.6 s/s | ETA: 533.9m
  Sample 40900/60000 (68.2%) (label=2) | Elapsed: 1209.6m | Speed: 0.6 s/s | ETA: 524.5m
  Sample 41000/60000 (68.3%) (label=1) | Elapsed: 1212.4m | Speed: 0.6 s/s | ETA: 522.7m
  Sample 41100/60000 (68.5%) (label=7) | Elapsed: 1215.2m | Speed: 0.6 s/s | ETA: 526.0m
  Sample 41200/60000 (68.7%) (label=9) | Elapsed: 1217.9m | Speed: 0.6 s/s | ETA: 519.4m
  Sample 41300/60000 (68.8%) (label=3) | Elapsed: 1220.6m | Speed: 0.6 s/s | ETA: 507.5m
  Sample 41400/60000 (69.0%) (label=2) | Elapsed: 1223.4m | Speed: 0.6 s/s | ETA: 516.0m
  Sample 41500/60000 (69.2%) (label=4) | Elapsed: 1226.2m | Speed: 0.6 s/s | ETA: 516.0m
  Sample 41600/60000 (69.3%) (label=9) | Elapsed: 1229.0m | Speed: 0.6 s/s | ETA: 511.7m
  Sample 41700/60000 (69.5%) (label=8) | Elapsed: 1231.8m | Speed: 0.6 s/s | ETA: 511.5m
  Sample 41800/60000 (69.7%) (label=1) | Elapsed: 1234.6m | Speed: 0.6 s/s | ETA: 506.7m
  Sample 41900/60000 (69.8%) (label=6) | Elapsed: 1237.3m | Speed: 0.6 s/s | ETA: 493.3m
  Sample 42000/60000 (70.0%) (label=0) | Elapsed: 1240.1m | Speed: 0.6 s/s | ETA: 507.7m
  Sample 42100/60000 (70.2%) (label=4) | Elapsed: 1242.9m | Speed: 0.6 s/s | ETA: 495.5m
  Sample 42200/60000 (70.3%) (label=3) | Elapsed: 1245.7m | Speed: 0.6 s/s | ETA: 512.4m
  Sample 42300/60000 (70.5%) (label=8) | Elapsed: 1248.6m | Speed: 0.6 s/s | ETA: 499.2m
  Sample 42400/60000 (70.7%) (label=4) | Elapsed: 1251.4m | Speed: 0.6 s/s | ETA: 490.2m
  Sample 42500/60000 (70.8%) (label=0) | Elapsed: 1254.2m | Speed: 0.6 s/s | ETA: 489.8m
  Sample 42600/60000 (71.0%) (label=0) | Elapsed: 1256.9m | Speed: 0.6 s/s | ETA: 477.9m
  Sample 42700/60000 (71.2%) (label=8) | Elapsed: 1259.6m | Speed: 0.6 s/s | ETA: 475.3m
  Sample 42800/60000 (71.3%) (label=2) | Elapsed: 1262.4m | Speed: 0.6 s/s | ETA: 481.7m
  Sample 42900/60000 (71.5%) (label=1) | Elapsed: 1265.3m | Speed: 0.6 s/s | ETA: 482.7m
  Sample 43000/60000 (71.7%) (label=1) | Elapsed: 1268.1m | Speed: 0.6 s/s | ETA: 475.9m
  Sample 43100/60000 (71.8%) (label=8) | Elapsed: 1270.8m | Speed: 0.6 s/s | ETA: 468.5m
  Sample 43200/60000 (72.0%) (label=5) | Elapsed: 1273.6m | Speed: 0.6 s/s | ETA: 468.0m
  Sample 43300/60000 (72.2%) (label=8) | Elapsed: 1276.4m | Speed: 0.6 s/s | ETA: 457.1m
  Sample 43400/60000 (72.3%) (label=6) | Elapsed: 1279.1m | Speed: 0.6 s/s | ETA: 453.8m
  Sample 43500/60000 (72.5%) (label=9) | Elapsed: 1281.9m | Speed: 0.6 s/s | ETA: 470.2m
  Sample 43600/60000 (72.7%) (label=3) | Elapsed: 1284.7m | Speed: 0.6 s/s | ETA: 454.0m
  Sample 43700/60000 (72.8%) (label=5) | Elapsed: 1287.6m | Speed: 0.6 s/s | ETA: 465.5m
  Sample 43800/60000 (73.0%) (label=5) | Elapsed: 1290.4m | Speed: 0.6 s/s | ETA: 459.6m
  Sample 43900/60000 (73.2%) (label=2) | Elapsed: 1293.2m | Speed: 0.6 s/s | ETA: 454.2m
  Sample 44000/60000 (73.3%) (label=9) | Elapsed: 1296.0m | Speed: 0.6 s/s | ETA: 450.1m
  Sample 44100/60000 (73.5%) (label=5) | Elapsed: 1298.9m | Speed: 0.6 s/s | ETA: 453.9m
  Sample 44200/60000 (73.7%) (label=0) | Elapsed: 1301.7m | Speed: 0.6 s/s | ETA: 440.9m
  Sample 44300/60000 (73.8%) (label=8) | Elapsed: 1304.4m | Speed: 0.6 s/s | ETA: 433.2m
  Sample 44400/60000 (74.0%) (label=0) | Elapsed: 1307.2m | Speed: 0.6 s/s | ETA: 432.9m
  Sample 44500/60000 (74.2%) (label=4) | Elapsed: 1310.0m | Speed: 0.6 s/s | ETA: 436.4m
  Sample 44600/60000 (74.3%) (label=0) | Elapsed: 1312.8m | Speed: 0.6 s/s | ETA: 428.1m
  Sample 44700/60000 (74.5%) (label=8) | Elapsed: 1315.6m | Speed: 0.6 s/s | ETA: 426.0m
  Sample 44800/60000 (74.7%) (label=3) | Elapsed: 1318.4m | Speed: 0.6 s/s | ETA: 423.1m
  Sample 44900/60000 (74.8%) (label=1) | Elapsed: 1321.2m | Speed: 0.6 s/s | ETA: 423.2m
  Sample 45000/60000 (75.0%) (label=5) | Elapsed: 1324.0m | Speed: 0.6 s/s | ETA: 420.7m
  Sample 45100/60000 (75.2%) (label=2) | Elapsed: 1326.8m | Speed: 0.6 s/s | ETA: 417.8m
  Sample 45200/60000 (75.3%) (label=8) | Elapsed: 1329.6m | Speed: 0.6 s/s | ETA: 419.8m
  Sample 45300/60000 (75.5%) (label=4) | Elapsed: 1332.5m | Speed: 0.6 s/s | ETA: 417.0m
  Sample 45400/60000 (75.7%) (label=8) | Elapsed: 1335.3m | Speed: 0.6 s/s | ETA: 413.5m
  Sample 45500/60000 (75.8%) (label=1) | Elapsed: 1338.1m | Speed: 0.6 s/s | ETA: 404.3m
  Sample 45600/60000 (76.0%) (label=3) | Elapsed: 1340.9m | Speed: 0.6 s/s | ETA: 402.1m
  Sample 45700/60000 (76.2%) (label=3) | Elapsed: 1343.7m | Speed: 0.6 s/s | ETA: 397.2m
  Sample 45800/60000 (76.3%) (label=2) | Elapsed: 1346.5m | Speed: 0.6 s/s | ETA: 401.5m
  Sample 45900/60000 (76.5%) (label=5) | Elapsed: 1349.2m | Speed: 0.6 s/s | ETA: 388.3m
  Sample 46000/60000 (76.7%) (label=1) | Elapsed: 1352.0m | Speed: 0.6 s/s | ETA: 387.0m
  Sample 46100/60000 (76.8%) (label=8) | Elapsed: 1354.8m | Speed: 0.6 s/s | ETA: 386.1m
  Sample 46200/60000 (77.0%) (label=1) | Elapsed: 1357.6m | Speed: 0.6 s/s | ETA: 382.5m
  Sample 46300/60000 (77.2%) (label=8) | Elapsed: 1360.3m | Speed: 0.6 s/s | ETA: 381.7m
  Sample 46400/60000 (77.3%) (label=8) | Elapsed: 1363.1m | Speed: 0.6 s/s | ETA: 381.2m
  Sample 46500/60000 (77.5%) (label=1) | Elapsed: 1365.9m | Speed: 0.6 s/s | ETA: 378.1m
  Sample 46600/60000 (77.7%) (label=5) | Elapsed: 1368.8m | Speed: 0.6 s/s | ETA: 379.8m
  Sample 46700/60000 (77.8%) (label=8) | Elapsed: 1371.6m | Speed: 0.6 s/s | ETA: 375.6m
  Sample 46800/60000 (78.0%) (label=7) | Elapsed: 1374.4m | Speed: 0.6 s/s | ETA: 371.6m
  Sample 46900/60000 (78.2%) (label=3) | Elapsed: 1377.2m | Speed: 0.6 s/s | ETA: 366.3m
  Sample 47000/60000 (78.3%) (label=5) | Elapsed: 1380.1m | Speed: 0.6 s/s | ETA: 368.8m
  Sample 47100/60000 (78.5%) (label=8) | Elapsed: 1382.9m | Speed: 0.6 s/s | ETA: 365.1m
  Sample 47200/60000 (78.7%) (label=2) | Elapsed: 1385.7m | Speed: 0.6 s/s | ETA: 361.3m
  Sample 47300/60000 (78.8%) (label=4) | Elapsed: 1388.5m | Speed: 0.6 s/s | ETA: 359.0m
  Sample 47400/60000 (79.0%) (label=7) | Elapsed: 1391.4m | Speed: 0.6 s/s | ETA: 355.5m
  Sample 47500/60000 (79.2%) (label=2) | Elapsed: 1394.1m | Speed: 0.6 s/s | ETA: 346.0m
  Sample 47600/60000 (79.3%) (label=0) | Elapsed: 1397.0m | Speed: 0.6 s/s | ETA: 354.6m
  Sample 47700/60000 (79.5%) (label=6) | Elapsed: 1399.8m | Speed: 0.6 s/s | ETA: 349.0m
  Sample 47800/60000 (79.7%) (label=1) | Elapsed: 1402.7m | Speed: 0.6 s/s | ETA: 345.2m
  Sample 47900/60000 (79.8%) (label=9) | Elapsed: 1405.4m | Speed: 0.6 s/s | ETA: 337.0m
  Sample 48000/60000 (80.0%) (label=2) | Elapsed: 1408.2m | Speed: 0.6 s/s | ETA: 337.2m
  Sample 48100/60000 (80.2%) (label=1) | Elapsed: 1411.1m | Speed: 0.6 s/s | ETA: 335.6m
  Sample 48200/60000 (80.3%) (label=6) | Elapsed: 1413.9m | Speed: 0.6 s/s | ETA: 330.8m
  Sample 48300/60000 (80.5%) (label=0) | Elapsed: 1416.7m | Speed: 0.6 s/s | ETA: 336.8m
  Sample 48400/60000 (80.7%) (label=4) | Elapsed: 1419.6m | Speed: 0.6 s/s | ETA: 329.7m
  Sample 48500/60000 (80.8%) (label=3) | Elapsed: 1422.4m | Speed: 0.6 s/s | ETA: 324.0m
  Sample 48600/60000 (81.0%) (label=3) | Elapsed: 1425.2m | Speed: 0.6 s/s | ETA: 319.9m
  Sample 48700/60000 (81.2%) (label=2) | Elapsed: 1428.0m | Speed: 0.6 s/s | ETA: 314.9m
  Sample 48800/60000 (81.3%) (label=2) | Elapsed: 1430.9m | Speed: 0.6 s/s | ETA: 319.3m
  Sample 48900/60000 (81.5%) (label=2) | Elapsed: 1433.8m | Speed: 0.6 s/s | ETA: 326.0m
  Sample 49000/60000 (81.7%) (label=6) | Elapsed: 1436.6m | Speed: 0.6 s/s | ETA: 312.7m
  Sample 49100/60000 (81.8%) (label=1) | Elapsed: 1439.4m | Speed: 0.6 s/s | ETA: 301.4m
  Sample 49200/60000 (82.0%) (label=0) | Elapsed: 1442.2m | Speed: 0.6 s/s | ETA: 304.0m
  Sample 49300/60000 (82.2%) (label=4) | Elapsed: 1445.0m | Speed: 0.6 s/s | ETA: 299.6m
  Sample 49400/60000 (82.3%) (label=7) | Elapsed: 1447.9m | Speed: 0.6 s/s | ETA: 304.1m
  Sample 49500/60000 (82.5%) (label=1) | Elapsed: 1450.7m | Speed: 0.6 s/s | ETA: 295.4m
  Sample 49600/60000 (82.7%) (label=9) | Elapsed: 1453.6m | Speed: 0.6 s/s | ETA: 300.6m
  Sample 49700/60000 (82.8%) (label=6) | Elapsed: 1456.4m | Speed: 0.6 s/s | ETA: 289.3m
  Sample 49800/60000 (83.0%) (label=7) | Elapsed: 1459.2m | Speed: 0.6 s/s | ETA: 283.9m
  Sample 49900/60000 (83.2%) (label=1) | Elapsed: 1462.0m | Speed: 0.6 s/s | ETA: 283.1m
  Sample 50000/60000 (83.3%) (label=8) | Elapsed: 1464.8m | Speed: 0.6 s/s | ETA: 280.5m
  Sample 50100/60000 (83.5%) (label=9) | Elapsed: 1467.6m | Speed: 0.6 s/s | ETA: 276.2m
  Sample 50200/60000 (83.7%) (label=6) | Elapsed: 1470.4m | Speed: 0.6 s/s | ETA: 277.9m
  Sample 50300/60000 (83.8%) (label=4) | Elapsed: 1473.2m | Speed: 0.6 s/s | ETA: 270.6m
  Sample 50400/60000 (84.0%) (label=5) | Elapsed: 1476.0m | Speed: 0.6 s/s | ETA: 268.1m
  Sample 50500/60000 (84.2%) (label=8) | Elapsed: 1478.8m | Speed: 0.6 s/s | ETA: 266.4m
  Sample 50600/60000 (84.3%) (label=4) | Elapsed: 1481.6m | Speed: 0.6 s/s | ETA: 259.9m
  Sample 50700/60000 (84.5%) (label=4) | Elapsed: 1484.4m | Speed: 0.6 s/s | ETA: 260.0m
  Sample 50800/60000 (84.7%) (label=1) | Elapsed: 1487.2m | Speed: 0.6 s/s | ETA: 259.7m
  Sample 50900/60000 (84.8%) (label=2) | Elapsed: 1490.0m | Speed: 0.6 s/s | ETA: 258.0m
  Sample 51000/60000 (85.0%) (label=7) | Elapsed: 1492.8m | Speed: 0.6 s/s | ETA: 252.7m
  Sample 51100/60000 (85.2%) (label=9) | Elapsed: 1495.6m | Speed: 0.6 s/s | ETA: 249.7m
  Sample 51200/60000 (85.3%) (label=4) | Elapsed: 1498.4m | Speed: 0.6 s/s | ETA: 248.1m
  Sample 51300/60000 (85.5%) (label=0) | Elapsed: 1501.2m | Speed: 0.6 s/s | ETA: 242.3m
  Sample 51400/60000 (85.7%) (label=2) | Elapsed: 1504.0m | Speed: 0.6 s/s | ETA: 241.4m
  Sample 51500/60000 (85.8%) (label=0) | Elapsed: 1506.8m | Speed: 0.6 s/s | ETA: 237.8m
  Sample 51600/60000 (86.0%) (label=2) | Elapsed: 1509.7m | Speed: 0.6 s/s | ETA: 242.4m
  Sample 51700/60000 (86.2%) (label=2) | Elapsed: 1512.6m | Speed: 0.6 s/s | ETA: 239.0m
  Sample 51800/60000 (86.3%) (label=3) | Elapsed: 1515.4m | Speed: 0.6 s/s | ETA: 232.5m
  Sample 51900/60000 (86.5%) (label=8) | Elapsed: 1518.2m | Speed: 0.6 s/s | ETA: 227.3m
  Sample 52000/60000 (86.7%) (label=0) | Elapsed: 1521.1m | Speed: 0.6 s/s | ETA: 224.8m
  Sample 52100/60000 (86.8%) (label=2) | Elapsed: 1523.9m | Speed: 0.6 s/s | ETA: 222.2m
  Sample 52200/60000 (87.0%) (label=7) | Elapsed: 1526.7m | Speed: 0.6 s/s | ETA: 218.9m
  Sample 52300/60000 (87.2%) (label=4) | Elapsed: 1529.5m | Speed: 0.6 s/s | ETA: 218.0m
  Sample 52400/60000 (87.3%) (label=5) | Elapsed: 1532.3m | Speed: 0.6 s/s | ETA: 213.1m
  Sample 52500/60000 (87.5%) (label=4) | Elapsed: 1535.1m | Speed: 0.6 s/s | ETA: 211.2m
  Sample 52600/60000 (87.7%) (label=0) | Elapsed: 1537.9m | Speed: 0.6 s/s | ETA: 207.0m
  Sample 52700/60000 (87.8%) (label=8) | Elapsed: 1540.7m | Speed: 0.6 s/s | ETA: 204.8m
  Sample 52800/60000 (88.0%) (label=0) | Elapsed: 1543.6m | Speed: 0.6 s/s | ETA: 206.5m
  Sample 52900/60000 (88.2%) (label=7) | Elapsed: 1546.4m | Speed: 0.6 s/s | ETA: 196.5m
  Sample 53000/60000 (88.3%) (label=5) | Elapsed: 1549.2m | Speed: 0.6 s/s | ETA: 197.0m
  Sample 53100/60000 (88.5%) (label=8) | Elapsed: 1551.9m | Speed: 0.6 s/s | ETA: 191.3m
  Sample 53200/60000 (88.7%) (label=1) | Elapsed: 1554.7m | Speed: 0.6 s/s | ETA: 187.9m
  Sample 53300/60000 (88.8%) (label=0) | Elapsed: 1557.5m | Speed: 0.6 s/s | ETA: 188.2m
  Sample 53400/60000 (89.0%) (label=0) | Elapsed: 1560.4m | Speed: 0.6 s/s | ETA: 187.3m
  Sample 53500/60000 (89.2%) (label=6) | Elapsed: 1563.2m | Speed: 0.6 s/s | ETA: 185.3m
  Sample 53600/60000 (89.3%) (label=1) | Elapsed: 1566.0m | Speed: 0.6 s/s | ETA: 180.4m
  Sample 53700/60000 (89.5%) (label=7) | Elapsed: 1568.8m | Speed: 0.6 s/s | ETA: 176.9m
  Sample 53800/60000 (89.7%) (label=2) | Elapsed: 1571.6m | Speed: 0.6 s/s | ETA: 169.9m
  Sample 53900/60000 (89.8%) (label=1) | Elapsed: 1574.3m | Speed: 0.6 s/s | ETA: 168.7m
  Sample 54000/60000 (90.0%) (label=8) | Elapsed: 1577.1m | Speed: 0.6 s/s | ETA: 167.5m
  Sample 54100/60000 (90.2%) (label=7) | Elapsed: 1579.9m | Speed: 0.6 s/s | ETA: 165.6m
  Sample 54200/60000 (90.3%) (label=3) | Elapsed: 1582.7m | Speed: 0.6 s/s | ETA: 160.5m
  Sample 54300/60000 (90.5%) (label=2) | Elapsed: 1585.5m | Speed: 0.6 s/s | ETA: 158.9m
  Sample 54400/60000 (90.7%) (label=4) | Elapsed: 1588.3m | Speed: 0.6 s/s | ETA: 155.7m
  Sample 54500/60000 (90.8%) (label=3) | Elapsed: 1591.1m | Speed: 0.6 s/s | ETA: 154.0m
  Sample 54600/60000 (91.0%) (label=9) | Elapsed: 1593.9m | Speed: 0.6 s/s | ETA: 151.9m
  Sample 54700/60000 (91.2%) (label=6) | Elapsed: 1596.7m | Speed: 0.6 s/s | ETA: 148.5m
  Sample 54800/60000 (91.3%) (label=6) | Elapsed: 1599.5m | Speed: 0.6 s/s | ETA: 144.6m
  Sample 54900/60000 (91.5%) (label=4) | Elapsed: 1602.3m | Speed: 0.6 s/s | ETA: 141.7m
  Sample 55000/60000 (91.7%) (label=0) | Elapsed: 1605.0m | Speed: 0.6 s/s | ETA: 137.9m
  Sample 55100/60000 (91.8%) (label=5) | Elapsed: 1607.8m | Speed: 0.6 s/s | ETA: 137.2m
  Sample 55200/60000 (92.0%) (label=2) | Elapsed: 1610.6m | Speed: 0.6 s/s | ETA: 133.4m
  Sample 55300/60000 (92.2%) (label=1) | Elapsed: 1613.4m | Speed: 0.6 s/s | ETA: 131.1m
  Sample 55400/60000 (92.3%) (label=2) | Elapsed: 1616.1m | Speed: 0.6 s/s | ETA: 127.4m
  Sample 55500/60000 (92.5%) (label=1) | Elapsed: 1619.0m | Speed: 0.6 s/s | ETA: 126.6m
  Sample 55600/60000 (92.7%) (label=9) | Elapsed: 1621.8m | Speed: 0.6 s/s | ETA: 124.4m
  Sample 55700/60000 (92.8%) (label=7) | Elapsed: 1624.6m | Speed: 0.6 s/s | ETA: 120.2m
  Sample 55800/60000 (93.0%) (label=7) | Elapsed: 1627.4m | Speed: 0.6 s/s | ETA: 117.6m
  Sample 55900/60000 (93.2%) (label=2) | Elapsed: 1630.1m | Speed: 0.6 s/s | ETA: 113.4m
  Sample 56000/60000 (93.3%) (label=3) | Elapsed: 1632.9m | Speed: 0.6 s/s | ETA: 109.9m
  Sample 56100/60000 (93.5%) (label=1) | Elapsed: 1635.6m | Speed: 0.6 s/s | ETA: 106.3m
  Sample 56200/60000 (93.7%) (label=9) | Elapsed: 1638.4m | Speed: 0.6 s/s | ETA: 106.3m
  Sample 56300/60000 (93.8%) (label=8) | Elapsed: 1641.2m | Speed: 0.6 s/s | ETA: 102.7m
  Sample 56400/60000 (94.0%) (label=6) | Elapsed: 1644.0m | Speed: 0.6 s/s | ETA: 100.4m
  Sample 56500/60000 (94.2%) (label=5) | Elapsed: 1646.7m | Speed: 0.6 s/s | ETA: 96.3m
  Sample 56600/60000 (94.3%) (label=9) | Elapsed: 1649.6m | Speed: 0.6 s/s | ETA: 95.8m
  Sample 56700/60000 (94.5%) (label=4) | Elapsed: 1652.4m | Speed: 0.6 s/s | ETA: 94.0m
  Sample 56800/60000 (94.7%) (label=4) | Elapsed: 1655.2m | Speed: 0.6 s/s | ETA: 91.0m
  Sample 56900/60000 (94.8%) (label=6) | Elapsed: 1658.1m | Speed: 0.6 s/s | ETA: 88.2m
  Sample 57000/60000 (95.0%) (label=5) | Elapsed: 1660.9m | Speed: 0.6 s/s | ETA: 84.9m
  Sample 57100/60000 (95.2%) (label=7) | Elapsed: 1663.7m | Speed: 0.6 s/s | ETA: 81.0m
  Sample 57200/60000 (95.3%) (label=3) | Elapsed: 1666.5m | Speed: 0.6 s/s | ETA: 79.3m
  Sample 57300/60000 (95.5%) (label=9) | Elapsed: 1669.3m | Speed: 0.6 s/s | ETA: 74.7m
  Sample 57400/60000 (95.7%) (label=3) | Elapsed: 1672.1m | Speed: 0.6 s/s | ETA: 73.4m
  Sample 57500/60000 (95.8%) (label=4) | Elapsed: 1674.9m | Speed: 0.6 s/s | ETA: 70.0m
  Sample 57600/60000 (96.0%) (label=1) | Elapsed: 1677.8m | Speed: 0.6 s/s | ETA: 67.9m
  Sample 57700/60000 (96.2%) (label=9) | Elapsed: 1680.6m | Speed: 0.6 s/s | ETA: 64.4m
  Sample 57800/60000 (96.3%) (label=2) | Elapsed: 1683.4m | Speed: 0.6 s/s | ETA: 62.6m
  Sample 57900/60000 (96.5%) (label=2) | Elapsed: 1686.2m | Speed: 0.6 s/s | ETA: 58.6m
  Sample 58000/60000 (96.7%) (label=2) | Elapsed: 1689.0m | Speed: 0.6 s/s | ETA: 55.4m
  Sample 58100/60000 (96.8%) (label=7) | Elapsed: 1691.8m | Speed: 0.6 s/s | ETA: 53.8m
  Sample 58200/60000 (97.0%) (label=8) | Elapsed: 1694.6m | Speed: 0.6 s/s | ETA: 50.5m
  Sample 58300/60000 (97.2%) (label=7) | Elapsed: 1697.5m | Speed: 0.6 s/s | ETA: 48.4m
  Sample 58400/60000 (97.3%) (label=3) | Elapsed: 1700.3m | Speed: 0.6 s/s | ETA: 45.1m
  Sample 58500/60000 (97.5%) (label=9) | Elapsed: 1703.1m | Speed: 0.6 s/s | ETA: 41.8m
  Sample 58600/60000 (97.7%) (label=0) | Elapsed: 1705.8m | Speed: 0.6 s/s | ETA: 38.6m
  Sample 58700/60000 (97.8%) (label=9) | Elapsed: 1708.6m | Speed: 0.6 s/s | ETA: 35.6m
  Sample 58800/60000 (98.0%) (label=5) | Elapsed: 1711.3m | Speed: 0.6 s/s | ETA: 33.5m
  Sample 58900/60000 (98.2%) (label=7) | Elapsed: 1714.1m | Speed: 0.6 s/s | ETA: 30.4m
  Sample 59000/60000 (98.3%) (label=4) | Elapsed: 1716.9m | Speed: 0.6 s/s | ETA: 28.1m
  Sample 59100/60000 (98.5%) (label=0) | Elapsed: 1719.7m | Speed: 0.6 s/s | ETA: 25.2m
  Sample 59200/60000 (98.7%) (label=1) | Elapsed: 1722.6m | Speed: 0.6 s/s | ETA: 22.8m
  Sample 59300/60000 (98.8%) (label=3) | Elapsed: 1725.4m | Speed: 0.6 s/s | ETA: 19.8m
  Sample 59400/60000 (99.0%) (label=8) | Elapsed: 1728.3m | Speed: 0.6 s/s | ETA: 17.1m
  Sample 59500/60000 (99.2%) (label=2) | Elapsed: 1731.1m | Speed: 0.6 s/s | ETA: 14.2m
  Sample 59600/60000 (99.3%) (label=4) | Elapsed: 1733.9m | Speed: 0.6 s/s | ETA: 11.4m
  Sample 59700/60000 (99.5%) (label=3) | Elapsed: 1736.7m | Speed: 0.6 s/s | ETA: 8.4m
  Sample 59800/60000 (99.7%) (label=4) | Elapsed: 1739.6m | Speed: 0.6 s/s | ETA: 5.7m
  Sample 59900/60000 (99.8%) (label=9) | Elapsed: 1742.4m | Speed: 0.6 s/s | ETA: 2.8m
  Sample 60000/60000 (100.0%) (label=8) | Elapsed: 1745.2m | Speed: 0.6 s/s | ETA: 0.0m

======================================================================
Training complete! Total time: 1745.3 min
======================================================================

2026-03-25 07:31:41 [INFO] 
[4/5] Encoding test data...
2026-03-25 07:31:41 [INFO]   Running encoder...
Encoding 10000 samples (LC-SNN)...
  Sample 100/10000
  Sample 200/10000
  Sample 300/10000
  Sample 400/10000
  Sample 500/10000
  Sample 600/10000
  Sample 700/10000
  Sample 800/10000
  Sample 900/10000
  Sample 1000/10000
  Sample 1100/10000
  Sample 1200/10000
  Sample 1300/10000
  Sample 1400/10000
  Sample 1500/10000
  Sample 1600/10000
  Sample 1700/10000
  Sample 1800/10000
  Sample 1900/10000
  Sample 2000/10000
  Sample 2100/10000
  Sample 2200/10000
  Sample 2300/10000
  Sample 2400/10000
  Sample 2500/10000
  Sample 2600/10000
  Sample 2700/10000
  Sample 2800/10000
  Sample 2900/10000
  Sample 3000/10000
  Sample 3100/10000
  Sample 3200/10000
  Sample 3300/10000
  Sample 3400/10000
  Sample 3500/10000
  Sample 3600/10000
  Sample 3700/10000
  Sample 3800/10000
  Sample 3900/10000
  Sample 4000/10000
  Sample 4100/10000
  Sample 4200/10000
  Sample 4300/10000
  Sample 4400/10000
  Sample 4500/10000
  Sample 4600/10000
  Sample 4700/10000
  Sample 4800/10000
  Sample 4900/10000
  Sample 5000/10000
  Sample 5100/10000
  Sample 5200/10000
  Sample 5300/10000
  Sample 5400/10000
  Sample 5500/10000
  Sample 5600/10000
  Sample 5700/10000
  Sample 5800/10000
  Sample 5900/10000
  Sample 6000/10000
  Sample 6100/10000
  Sample 6200/10000
  Sample 6300/10000
  Sample 6400/10000
  Sample 6500/10000
  Sample 6600/10000
  Sample 6700/10000
  Sample 6800/10000
  Sample 6900/10000
  Sample 7000/10000
  Sample 7100/10000
  Sample 7200/10000
  Sample 7300/10000
  Sample 7400/10000
  Sample 7500/10000
  Sample 7600/10000
  Sample 7700/10000
  Sample 7800/10000
  Sample 7900/10000
  Sample 8000/10000
  Sample 8100/10000
  Sample 8200/10000
  Sample 8300/10000
  Sample 8400/10000
  Sample 8500/10000
  Sample 8600/10000
  Sample 8700/10000
  Sample 8800/10000
  Sample 8900/10000
  Sample 9000/10000
  Sample 9100/10000
  Sample 9200/10000
  Sample 9300/10000
  Sample 9400/10000
  Sample 9500/10000
  Sample 9600/10000
  Sample 9700/10000
  Sample 9800/10000
  Sample 9900/10000
  Sample 10000/10000
  Spike stats - mean: 17.9, median: 15.0, max: 86, zero-samples: 563/10000
  Active neurons/sample - mean: 15.5, median: 13
  Unique binary codes: 8834/10000
Encoding complete!
2026-03-25 10:27:07 [INFO]   Codes saved to outputs/codes/lc_snn/mnist
2026-03-25 10:27:07 [INFO]   Pre-code shape: (10000, 400)
2026-03-25 10:27:07 [INFO]   Code shape: (10000, 400)
2026-03-25 10:27:07 [INFO]   Code sparsity: 0.950
2026-03-25 10:27:07 [INFO] 
[5/5] Evaluating...
2026-03-25 10:27:07 [INFO] 
  Running clustering evaluation (ACC / NMI)...
Error running kmedoids: kmedoids requires scikit-learn-extra. Install a compatible version or remove kmedoids from methods.
2026-03-25 10:29:08 [INFO]     Clustering results:
2026-03-25 10:29:08 [INFO]       kmeans:
2026-03-25 10:29:08 [INFO]         NMI=0.2709, ARI=0.1573, ACC=0.3815
2026-03-25 10:29:08 [INFO]       spectral:
2026-03-25 10:29:08 [INFO]         NMI=0.2012, ARI=0.0215, ACC=0.2001
2026-03-25 10:29:08 [INFO] 
  Running retrieval evaluation (mAP / Recall@K)...
2026-03-25 10:29:08 [INFO]     Mode: label-based retrieval (database=train, queries=test)
2026-03-25 10:29:08 [INFO]     Encoding train_data as retrieval database...
Encoding 60000 samples (LC-SNN)...
  Sample 100/60000
  Sample 200/60000
  Sample 300/60000
  Sample 400/60000
  Sample 500/60000
  Sample 600/60000
  Sample 700/60000
  Sample 800/60000
  Sample 900/60000
  Sample 1000/60000
  Sample 1100/60000
  Sample 1200/60000
  Sample 1300/60000
  Sample 1400/60000
  Sample 1500/60000
  Sample 1600/60000
  Sample 1700/60000
  Sample 1800/60000
  Sample 1900/60000
  Sample 2000/60000
  Sample 2100/60000
  Sample 2200/60000
  Sample 2300/60000
  Sample 2400/60000
  Sample 2500/60000
  Sample 2600/60000
  Sample 2700/60000
  Sample 2800/60000
  Sample 2900/60000
  Sample 3000/60000
  Sample 3100/60000
  Sample 3200/60000
  Sample 3300/60000
  Sample 3400/60000
  Sample 3500/60000
  Sample 3600/60000
  Sample 3700/60000
  Sample 3800/60000
  Sample 3900/60000
  Sample 4000/60000
  Sample 4100/60000
  Sample 4200/60000
  Sample 4300/60000
  Sample 4400/60000
  Sample 4500/60000
  Sample 4600/60000
  Sample 4700/60000
  Sample 4800/60000
  Sample 4900/60000
  Sample 5000/60000
  Sample 5100/60000
  Sample 5200/60000
  Sample 5300/60000
  Sample 5400/60000
  Sample 5500/60000
  Sample 5600/60000
  Sample 5700/60000
  Sample 5800/60000
  Sample 5900/60000
  Sample 6000/60000
  Sample 6100/60000
  Sample 6200/60000
  Sample 6300/60000
  Sample 6400/60000
  Sample 6500/60000
  Sample 6600/60000
  Sample 6700/60000
  Sample 6800/60000
  Sample 6900/60000
  Sample 7000/60000
  Sample 7100/60000
  Sample 7200/60000
  Sample 7300/60000
  Sample 7400/60000
  Sample 7500/60000
  Sample 7600/60000
  Sample 7700/60000
  Sample 7800/60000
  Sample 7900/60000
  Sample 8000/60000
  Sample 8100/60000
  Sample 8200/60000
  Sample 8300/60000
  Sample 8400/60000
  Sample 8500/60000
  Sample 8600/60000
  Sample 8700/60000
  Sample 8800/60000
  Sample 8900/60000
  Sample 9000/60000
  Sample 9100/60000
  Sample 9200/60000
  Sample 9300/60000
  Sample 9400/60000
  Sample 9500/60000
  Sample 9600/60000
  Sample 9700/60000
  Sample 9800/60000
  Sample 9900/60000
  Sample 10000/60000
  Sample 10100/60000
  Sample 10200/60000
  Sample 10300/60000
  Sample 10400/60000
  Sample 10500/60000
  Sample 10600/60000
  Sample 10700/60000
  Sample 10800/60000
  Sample 10900/60000
  Sample 11000/60000
  Sample 11100/60000
  Sample 11200/60000
  Sample 11300/60000
  Sample 11400/60000
  Sample 11500/60000
  Sample 11600/60000
  Sample 11700/60000
  Sample 11800/60000
  Sample 11900/60000
  Sample 12000/60000
  Sample 12100/60000
  Sample 12200/60000
  Sample 12300/60000
  Sample 12400/60000
  Sample 12500/60000
  Sample 12600/60000
  Sample 12700/60000
  Sample 12800/60000
  Sample 12900/60000
  Sample 13000/60000
  Sample 13100/60000
  Sample 13200/60000
  Sample 13300/60000
  Sample 13400/60000
  Sample 13500/60000
  Sample 13600/60000
  Sample 13700/60000
  Sample 13800/60000
  Sample 13900/60000
  Sample 14000/60000
  Sample 14100/60000
  Sample 14200/60000
  Sample 14300/60000
  Sample 14400/60000
  Sample 14500/60000
  Sample 14600/60000
  Sample 14700/60000
  Sample 14800/60000
  Sample 14900/60000
  Sample 15000/60000
  Sample 15100/60000
  Sample 15200/60000
  Sample 15300/60000
  Sample 15400/60000
  Sample 15500/60000
  Sample 15600/60000
  Sample 15700/60000
  Sample 15800/60000
  Sample 15900/60000
  Sample 16000/60000
  Sample 16100/60000
  Sample 16200/60000
  Sample 16300/60000
  Sample 16400/60000
  Sample 16500/60000
  Sample 16600/60000
  Sample 16700/60000
  Sample 16800/60000
  Sample 16900/60000
  Sample 17000/60000
  Sample 17100/60000
  Sample 17200/60000
  Sample 17300/60000
  Sample 17400/60000
  Sample 17500/60000
  Sample 17600/60000
  Sample 17700/60000
  Sample 17800/60000
  Sample 17900/60000
  Sample 18000/60000
  Sample 18100/60000
  Sample 18200/60000
  Sample 18300/60000
  Sample 18400/60000
  Sample 18500/60000
  Sample 18600/60000
  Sample 18700/60000
  Sample 18800/60000
  Sample 18900/60000
  Sample 19000/60000
  Sample 19100/60000
  Sample 19200/60000
  Sample 19300/60000
  Sample 19400/60000
  Sample 19500/60000
  Sample 19600/60000
  Sample 19700/60000
  Sample 19800/60000
  Sample 19900/60000
  Sample 20000/60000
  Sample 20100/60000
  Sample 20200/60000
  Sample 20300/60000
  Sample 20400/60000
  Sample 20500/60000
  Sample 20600/60000
  Sample 20700/60000
  Sample 20800/60000
  Sample 20900/60000
  Sample 21000/60000
  Sample 21100/60000
  Sample 21200/60000
  Sample 21300/60000
  Sample 21400/60000
  Sample 21500/60000
  Sample 21600/60000
  Sample 21700/60000
  Sample 21800/60000
  Sample 21900/60000
  Sample 22000/60000
  Sample 22100/60000
  Sample 22200/60000
  Sample 22300/60000
  Sample 22400/60000
  Sample 22500/60000
  Sample 22600/60000
  Sample 22700/60000
  Sample 22800/60000
  Sample 22900/60000
  Sample 23000/60000
  Sample 23100/60000
  Sample 23200/60000
  Sample 23300/60000
  Sample 23400/60000
  Sample 23500/60000
  Sample 23600/60000
  Sample 23700/60000
  Sample 23800/60000
  Sample 23900/60000
  Sample 24000/60000
  Sample 24100/60000
  Sample 24200/60000
  Sample 24300/60000
  Sample 24400/60000
  Sample 24500/60000
  Sample 24600/60000
  Sample 24700/60000
  Sample 24800/60000
  Sample 24900/60000
  Sample 25000/60000
  Sample 25100/60000
  Sample 25200/60000
  Sample 25300/60000
  Sample 25400/60000
  Sample 25500/60000
  Sample 25600/60000
  Sample 25700/60000
  Sample 25800/60000
  Sample 25900/60000
  Sample 26000/60000
  Sample 26100/60000
  Sample 26200/60000
  Sample 26300/60000
  Sample 26400/60000
  Sample 26500/60000
  Sample 26600/60000
  Sample 26700/60000
  Sample 26800/60000
  Sample 26900/60000
  Sample 27000/60000
  Sample 27100/60000
  Sample 27200/60000
  Sample 27300/60000
  Sample 27400/60000
  Sample 27500/60000
  Sample 27600/60000
  Sample 27700/60000
  Sample 27800/60000
  Sample 27900/60000
  Sample 28000/60000
  Sample 28100/60000
  Sample 28200/60000
  Sample 28300/60000
  Sample 28400/60000
  Sample 28500/60000
  Sample 28600/60000
  Sample 28700/60000
  Sample 28800/60000
  Sample 28900/60000
  Sample 29000/60000
  Sample 29100/60000
  Sample 29200/60000
  Sample 29300/60000
  Sample 29400/60000
  Sample 29500/60000
  Sample 29600/60000
  Sample 29700/60000
  Sample 29800/60000
  Sample 29900/60000
  Sample 30000/60000
  Sample 30100/60000
  Sample 30200/60000
  Sample 30300/60000
  Sample 30400/60000
  Sample 30500/60000
  Sample 30600/60000
  Sample 30700/60000
  Sample 30800/60000
  Sample 30900/60000
  Sample 31000/60000
  Sample 31100/60000
  Sample 31200/60000
  Sample 31300/60000
  Sample 31400/60000
  Sample 31500/60000
  Sample 31600/60000
  Sample 31700/60000
  Sample 31800/60000
  Sample 31900/60000
  Sample 32000/60000
  Sample 32100/60000
  Sample 32200/60000
  Sample 32300/60000
  Sample 32400/60000
  Sample 32500/60000
  Sample 32600/60000
  Sample 32700/60000
  Sample 32800/60000
  Sample 32900/60000
  Sample 33000/60000
  Sample 33100/60000
  Sample 33200/60000
  Sample 33300/60000
  Sample 33400/60000
  Sample 33500/60000
  Sample 33600/60000
  Sample 33700/60000
  Sample 33800/60000
  Sample 33900/60000
  Sample 34000/60000
  Sample 34100/60000
  Sample 34200/60000
  Sample 34300/60000
  Sample 34400/60000
  Sample 34500/60000
  Sample 34600/60000
  Sample 34700/60000
  Sample 34800/60000
  Sample 34900/60000
  Sample 35000/60000
  Sample 35100/60000
  Sample 35200/60000
  Sample 35300/60000
  Sample 35400/60000
  Sample 35500/60000
  Sample 35600/60000
  Sample 35700/60000
  Sample 35800/60000
  Sample 35900/60000
  Sample 36000/60000
  Sample 36100/60000
  Sample 36200/60000
  Sample 36300/60000
  Sample 36400/60000
  Sample 36500/60000
  Sample 36600/60000
  Sample 36700/60000
  Sample 36800/60000
  Sample 36900/60000
  Sample 37000/60000
  Sample 37100/60000
  Sample 37200/60000
  Sample 37300/60000
  Sample 37400/60000
  Sample 37500/60000
  Sample 37600/60000
  Sample 37700/60000
  Sample 37800/60000
  Sample 37900/60000
  Sample 38000/60000
  Sample 38100/60000
  Sample 38200/60000
  Sample 38300/60000
  Sample 38400/60000
  Sample 38500/60000
  Sample 38600/60000
  Sample 38700/60000
  Sample 38800/60000
  Sample 38900/60000
  Sample 39000/60000
  Sample 39100/60000
  Sample 39200/60000
  Sample 39300/60000
  Sample 39400/60000
  Sample 39500/60000
  Sample 39600/60000
  Sample 39700/60000
  Sample 39800/60000
  Sample 39900/60000
  Sample 40000/60000
  Sample 40100/60000
  Sample 40200/60000
  Sample 40300/60000
  Sample 40400/60000
  Sample 40500/60000
  Sample 40600/60000
  Sample 40700/60000
  Sample 40800/60000
  Sample 40900/60000
  Sample 41000/60000
  Sample 41100/60000
  Sample 41200/60000
  Sample 41300/60000
  Sample 41400/60000
  Sample 41500/60000
  Sample 41600/60000
  Sample 41700/60000
  Sample 41800/60000
  Sample 41900/60000
  Sample 42000/60000
  Sample 42100/60000
  Sample 42200/60000
  Sample 42300/60000
  Sample 42400/60000
  Sample 42500/60000
  Sample 42600/60000
  Sample 42700/60000
  Sample 42800/60000
  Sample 42900/60000
  Sample 43000/60000
  Sample 43100/60000
  Sample 43200/60000
  Sample 43300/60000
  Sample 43400/60000
  Sample 43500/60000
  Sample 43600/60000
  Sample 43700/60000
  Sample 43800/60000
  Sample 43900/60000
  Sample 44000/60000
  Sample 44100/60000
  Sample 44200/60000
  Sample 44300/60000
  Sample 44400/60000
  Sample 44500/60000
  Sample 44600/60000
  Sample 44700/60000
  Sample 44800/60000
  Sample 44900/60000
  Sample 45000/60000
  Sample 45100/60000
  Sample 45200/60000
  Sample 45300/60000
  Sample 45400/60000
  Sample 45500/60000
  Sample 45600/60000
  Sample 45700/60000
  Sample 45800/60000
  Sample 45900/60000
  Sample 46000/60000
  Sample 46100/60000
  Sample 46200/60000
  Sample 46300/60000
  Sample 46400/60000
  Sample 46500/60000
  Sample 46600/60000
  Sample 46700/60000
  Sample 46800/60000
  Sample 46900/60000
  Sample 47000/60000
  Sample 47100/60000
  Sample 47200/60000
  Sample 47300/60000
  Sample 47400/60000
  Sample 47500/60000
  Sample 47600/60000
  Sample 47700/60000
  Sample 47800/60000
  Sample 47900/60000
  Sample 48000/60000
  Sample 48100/60000
  Sample 48200/60000
  Sample 48300/60000
  Sample 48400/60000
  Sample 48500/60000
  Sample 48600/60000
  Sample 48700/60000
  Sample 48800/60000
  Sample 48900/60000
  Sample 49000/60000
  Sample 49100/60000
  Sample 49200/60000
  Sample 49300/60000
  Sample 49400/60000
  Sample 49500/60000
  Sample 49600/60000
  Sample 49700/60000
  Sample 49800/60000
  Sample 49900/60000
  Sample 50000/60000
  Sample 50100/60000
  Sample 50200/60000
  Sample 50300/60000
  Sample 50400/60000
  Sample 50500/60000
  Sample 50600/60000
  Sample 50700/60000
  Sample 50800/60000
  Sample 50900/60000
  Sample 51000/60000
  Sample 51100/60000
  Sample 51200/60000
  Sample 51300/60000
  Sample 51400/60000
  Sample 51500/60000
  Sample 51600/60000
  Sample 51700/60000
  Sample 51800/60000
  Sample 51900/60000
  Sample 52000/60000
  Sample 52100/60000
  Sample 52200/60000
  Sample 52300/60000
  Sample 52400/60000
  Sample 52500/60000
  Sample 52600/60000
  Sample 52700/60000
  Sample 52800/60000
  Sample 52900/60000
  Sample 53000/60000
  Sample 53100/60000
  Sample 53200/60000
  Sample 53300/60000
  Sample 53400/60000
  Sample 53500/60000
  Sample 53600/60000
  Sample 53700/60000
  Sample 53800/60000
  Sample 53900/60000
  Sample 54000/60000
  Sample 54100/60000
  Sample 54200/60000
  Sample 54300/60000
  Sample 54400/60000
  Sample 54500/60000
  Sample 54600/60000
  Sample 54700/60000
  Sample 54800/60000
  Sample 54900/60000
  Sample 55000/60000
  Sample 55100/60000
  Sample 55200/60000
  Sample 55300/60000
  Sample 55400/60000
  Sample 55500/60000
  Sample 55600/60000
  Sample 55700/60000
  Sample 55800/60000
  Sample 55900/60000
  Sample 56000/60000
  Sample 56100/60000
  Sample 56200/60000
  Sample 56300/60000
  Sample 56400/60000
  Sample 56500/60000
  Sample 56600/60000
  Sample 56700/60000
  Sample 56800/60000
  Sample 56900/60000
  Sample 57000/60000
  Sample 57100/60000
  Sample 57200/60000
  Sample 57300/60000
  Sample 57400/60000
  Sample 57500/60000
  Sample 57600/60000
  Sample 57700/60000
  Sample 57800/60000
  Sample 57900/60000
  Sample 58000/60000
  Sample 58100/60000
  Sample 58200/60000
  Sample 58300/60000
  Sample 58400/60000
  Sample 58500/60000
  Sample 58600/60000
  Sample 58700/60000
  Sample 58800/60000
  Sample 58900/60000
  Sample 59000/60000
  Sample 59100/60000
  Sample 59200/60000
  Sample 59300/60000
  Sample 59400/60000
  Sample 59500/60000
  Sample 59600/60000
  Sample 59700/60000
  Sample 59800/60000
  Sample 59900/60000
  Sample 60000/60000
  Spike stats - mean: 17.0, median: 14.0, max: 95, zero-samples: 4146/60000
  Active neurons/sample - mean: 14.8, median: 13
  Unique binary codes: 49632/60000
Encoding complete!
  Processed 100/10000 queries...
  Processed 200/10000 queries...
  Processed 300/10000 queries...
  Processed 400/10000 queries...
  Processed 500/10000 queries...
  Processed 600/10000 queries...
  Processed 700/10000 queries...
  Processed 800/10000 queries...
  Processed 900/10000 queries...
  Processed 1000/10000 queries...
  Processed 1100/10000 queries...
  Processed 1200/10000 queries...
  Processed 1300/10000 queries...
  Processed 1400/10000 queries...
  Processed 1500/10000 queries...
  Processed 1600/10000 queries...
  Processed 1700/10000 queries...
  Processed 1800/10000 queries...
  Processed 1900/10000 queries...
  Processed 2000/10000 queries...
  Processed 2100/10000 queries...
  Processed 2200/10000 queries...
  Processed 2300/10000 queries...
  Processed 2400/10000 queries...
  Processed 2500/10000 queries...
  Processed 2600/10000 queries...
  Processed 2700/10000 queries...
  Processed 2800/10000 queries...
  Processed 2900/10000 queries...
  Processed 3000/10000 queries...
  Processed 3100/10000 queries...
  Processed 3200/10000 queries...
  Processed 3300/10000 queries...
  Processed 3400/10000 queries...
  Processed 3500/10000 queries...
  Processed 3600/10000 queries...
  Processed 3700/10000 queries...
  Processed 3800/10000 queries...
  Processed 3900/10000 queries...
  Processed 4000/10000 queries...
  Processed 4100/10000 queries...
  Processed 4200/10000 queries...
  Processed 4300/10000 queries...
  Processed 4400/10000 queries...
  Processed 4500/10000 queries...
  Processed 4600/10000 queries...
  Processed 4700/10000 queries...
  Processed 4800/10000 queries...
  Processed 4900/10000 queries...
  Processed 5000/10000 queries...
  Processed 5100/10000 queries...
  Processed 5200/10000 queries...
  Processed 5300/10000 queries...
  Processed 5400/10000 queries...
  Processed 5500/10000 queries...
  Processed 5600/10000 queries...
  Processed 5700/10000 queries...
  Processed 5800/10000 queries...
  Processed 5900/10000 queries...
  Processed 6000/10000 queries...
  Processed 6100/10000 queries...
  Processed 6200/10000 queries...
  Processed 6300/10000 queries...
  Processed 6400/10000 queries...
  Processed 6500/10000 queries...
  Processed 6600/10000 queries...
  Processed 6700/10000 queries...
  Processed 6800/10000 queries...
  Processed 6900/10000 queries...
  Processed 7000/10000 queries...
  Processed 7100/10000 queries...
  Processed 7200/10000 queries...
  Processed 7300/10000 queries...
  Processed 7400/10000 queries...
  Processed 7500/10000 queries...
  Processed 7600/10000 queries...
  Processed 7700/10000 queries...
  Processed 7800/10000 queries...
  Processed 7900/10000 queries...
  Processed 8000/10000 queries...
  Processed 8100/10000 queries...
  Processed 8200/10000 queries...
  Processed 8300/10000 queries...
  Processed 8400/10000 queries...
  Processed 8500/10000 queries...
  Processed 8600/10000 queries...
  Processed 8700/10000 queries...
  Processed 8800/10000 queries...
  Processed 8900/10000 queries...
  Processed 9000/10000 queries...
  Processed 9100/10000 queries...
  Processed 9200/10000 queries...
  Processed 9300/10000 queries...
  Processed 9400/10000 queries...
  Processed 9500/10000 queries...
  Processed 9600/10000 queries...
  Processed 9700/10000 queries...
  Processed 9800/10000 queries...
  Processed 9900/10000 queries...
  Processed 10000/10000 queries...
2026-03-26 03:43:15 [INFO]     Retrieval results:
2026-03-26 03:43:15 [INFO]       map: 0.0385
2026-03-26 03:43:15 [INFO]       recall@1: 0.0001
2026-03-26 03:43:15 [INFO]       precision@1: 0.0129
2026-03-26 03:43:15 [INFO]       ndcg@1: 0.0129
2026-03-26 03:43:15 [INFO]       recall@10: 0.0011
2026-03-26 03:43:15 [INFO]       precision@10: 0.0111
2026-03-26 03:43:15 [INFO]       ndcg@10: 0.0115
2026-03-26 03:43:15 [INFO]       recall@50: 0.0053
2026-03-26 03:43:15 [INFO]       precision@50: 0.0106
2026-03-26 03:43:15 [INFO]       ndcg@50: 0.0109
2026-03-26 03:43:15 [INFO]       recall@100: 0.0101
2026-03-26 03:43:15 [INFO]       precision@100: 0.0101
2026-03-26 03:43:15 [INFO]       ndcg@100: 0.0104
Results saved to outputs/results/lc_snn_mnist_seed0.json
2026-03-26 03:43:15 [INFO] 
Results saved to outputs/results/lc_snn_mnist_seed0.json
Model saved to outputs/codes/lc_snn/mnist/model_seed0.pkl
Network weights saved to outputs/codes/lc_snn/mnist/model_seed0_networks.pt
2026-03-26 03:43:15 [INFO] Model saved to outputs/codes/lc_snn/mnist/model_seed0.pkl
2026-03-26 03:43:15 [INFO] 
================================================================================
2026-03-26 03:43:15 [INFO] Experiment complete!
2026-03-26 03:43:15 [INFO] Full log saved to: outputs/logs/lc_snn_mnist_seed0_20260324_022624.log
2026-03-26 03:43:15 [INFO] ================================================================================
[10/11] OK lc_snn
[11/11] RUN deep_stdp

A module that was compiled using NumPy 1.x cannot be run in
NumPy 2.4.3 as it may crash. To support both 1.x and 2.x
versions of NumPy, modules must be compiled with NumPy 2.0.
Some module may need to rebuild instead e.g. with 'pybind11>=2.12'.

If you are a user of the module, the easiest solution will be to
downgrade to 'numpy<2' or try to upgrade the affected module.
We expect that some modules will need time to support NumPy 2.

Traceback (most recent call last):  File "/hy-tmp/Neuroscience-baseline/scripts/run_baseline.py", line 20, in <module>
    from pipeline import (
  File "/hy-tmp/Neuroscience-baseline/pipeline/__init__.py", line 15, in <module>
    from .clustering import run_clustering_evaluation
  File "/hy-tmp/Neuroscience-baseline/pipeline/clustering.py", line 11, in <module>
    from sklearn_extra.cluster import KMedoids
  File "/hy-tmp/Neuroscience-baseline/.venv/lib/python3.11/site-packages/sklearn_extra/__init__.py", line 1, in <module>
    from . import kernel_approximation, kernel_methods  # noqa
  File "/hy-tmp/Neuroscience-baseline/.venv/lib/python3.11/site-packages/sklearn_extra/kernel_approximation/__init__.py", line 1, in <module>
    from ._fastfood import Fastfood
  File "/hy-tmp/Neuroscience-baseline/.venv/lib/python3.11/site-packages/sklearn_extra/kernel_approximation/_fastfood.py", line 11, in <module>
    from ..utils._cyfht import fht2 as cyfht
Random seed set to 0
2026-03-26 03:43:20 [INFO] ================================================================================
2026-03-26 03:43:20 [INFO] Experiment: deep_stdp_mnist
2026-03-26 03:43:20 [INFO] Encoder: deep_stdp
2026-03-26 03:43:20 [INFO] Dataset: mnist
2026-03-26 03:43:20 [INFO] Seed: 0
2026-03-26 03:43:20 [INFO] ================================================================================
2026-03-26 03:43:20 [INFO] 
[1/5] Loading dataset...
MNIST loaded: 60000 train, 10000 test
2026-03-26 03:43:20 [INFO]   Train samples: 60000
2026-03-26 03:43:20 [INFO]   Test samples: 10000
2026-03-26 03:43:20 [INFO] 
  Eval modes: clustering=True, retrieval=True
2026-03-26 03:43:20 [INFO]   Has labels: True, Has query_data: False, Has groundtruth: False
2026-03-26 03:43:20 [INFO] 
[2/5] Initializing encoder...
2026-03-26 03:43:20 [INFO]   Encoder: DeepSTDPEncoder(trained=False)
2026-03-26 03:43:20 [INFO] 
[3/5] Training encoder...

======================================================================
Training Deep-STDP (Multi-layer STDP + Clustering)
======================================================================
Layers: [784, 400, 200]
Rounds per layer: 2
K-means clusters: 10
Simulation: 350 ms | Device: cuda
======================================================================


--- Layer 1/2: 784 -> 400 neurons ---

  Round 1/2:
    STDP training on 60000 samples...
    Sample 500/60000
    Sample 1000/60000
    Sample 1500/60000
    Sample 2000/60000
    Sample 2500/60000
    Sample 3000/60000
    Sample 3500/60000
    Sample 4000/60000
    Sample 4500/60000
    Sample 5000/60000
    Sample 5500/60000
    Sample 6000/60000
    Sample 6500/60000
    Sample 7000/60000
    Sample 7500/60000
    Sample 8000/60000
    Sample 8500/60000
    Sample 9000/60000
    Sample 9500/60000
    Sample 10000/60000
    Sample 10500/60000
    Sample 11000/60000
    Sample 11500/60000
    Sample 12000/60000
    Sample 12500/60000
    Sample 13000/60000
    Sample 13500/60000
    Sample 14000/60000
    Sample 14500/60000
    Sample 15000/60000
    Sample 15500/60000
    Sample 16000/60000
    Sample 16500/60000
    Sample 17000/60000
    Sample 17500/60000
    Sample 18000/60000
    Sample 18500/60000
    Sample 19000/60000
    Sample 19500/60000
    Sample 20000/60000
    Sample 20500/60000
    Sample 21000/60000
    Sample 21500/60000
    Sample 22000/60000
    Sample 22500/60000
    Sample 23000/60000
    Sample 23500/60000
    Sample 24000/60000
    Sample 24500/60000
    Sample 25000/60000
    Sample 25500/60000
    Sample 26000/60000
    Sample 26500/60000
    Sample 27000/60000
    Sample 27500/60000
    Sample 28000/60000
    Sample 28500/60000
    Sample 29000/60000
    Sample 29500/60000
    Sample 30000/60000
    Sample 30500/60000
    Sample 31000/60000
    Sample 31500/60000
    Sample 32000/60000
    Sample 32500/60000
    Sample 33000/60000
    Sample 33500/60000
    Sample 34000/60000
    Sample 34500/60000
    Sample 35000/60000
    Sample 35500/60000
    Sample 36000/60000
    Sample 36500/60000
    Sample 37000/60000
    Sample 37500/60000
    Sample 38000/60000
    Sample 38500/60000
    Sample 39000/60000
    Sample 39500/60000
    Sample 40000/60000
    Sample 40500/60000
    Sample 41000/60000
    Sample 41500/60000
    Sample 42000/60000
    Sample 42500/60000
    Sample 43000/60000
    Sample 43500/60000
    Sample 44000/60000
    Sample 44500/60000
    Sample 45000/60000
    Sample 45500/60000
    Sample 46000/60000
    Sample 46500/60000
    Sample 47000/60000
    Sample 47500/60000
    Sample 48000/60000
    Sample 48500/60000
    Sample 49000/60000
    Sample 49500/60000
    Sample 50000/60000
    Sample 50500/60000
    Sample 51000/60000
    Sample 51500/60000
    Sample 52000/60000
    Sample 52500/60000
    Sample 53000/60000
    Sample 53500/60000
    Sample 54000/60000
    Sample 54500/60000
    Sample 55000/60000
    Sample 55500/60000
    Sample 56000/60000
    Sample 56500/60000
    Sample 57000/60000
    Sample 57500/60000
    Sample 58000/60000
    Sample 58500/60000
    Sample 59000/60000
    Sample 59500/60000
    Sample 60000/60000
    Spike stats - mean: 35.1, zero-samples: 690/60000

  Round 2/2:
    Reordering data by pseudo-labels...
    STDP training on 60000 samples...
    Sample 500/60000
    Sample 1000/60000
    Sample 1500/60000
    Sample 2000/60000
    Sample 2500/60000
    Sample 3000/60000
    Sample 3500/60000
    Sample 4000/60000
    Sample 4500/60000
    Sample 5000/60000
    Sample 5500/60000
    Sample 6000/60000
    Sample 6500/60000
    Sample 7000/60000
    Sample 7500/60000
    Sample 8000/60000
    Sample 8500/60000
    Sample 9000/60000
    Sample 9500/60000
    Sample 10000/60000
    Sample 10500/60000
    Sample 11000/60000
    Sample 11500/60000
    Sample 12000/60000
    Sample 12500/60000
    Sample 13000/60000
    Sample 13500/60000
    Sample 14000/60000
    Sample 14500/60000
    Sample 15000/60000
    Sample 15500/60000
    Sample 16000/60000
    Sample 16500/60000
    Sample 17000/60000
    Sample 17500/60000
    Sample 18000/60000
    Sample 18500/60000
    Sample 19000/60000
    Sample 19500/60000
    Sample 20000/60000
    Sample 20500/60000
    Sample 21000/60000
    Sample 21500/60000
    Sample 22000/60000
    Sample 22500/60000
    Sample 23000/60000
    Sample 23500/60000
    Sample 24000/60000
    Sample 24500/60000
    Sample 25000/60000
    Sample 25500/60000
    Sample 26000/60000
    Sample 26500/60000
    Sample 27000/60000
    Sample 27500/60000
    Sample 28000/60000
    Sample 28500/60000
    Sample 29000/60000
    Sample 29500/60000
    Sample 30000/60000
    Sample 30500/60000
    Sample 31000/60000
    Sample 31500/60000
    Sample 32000/60000
    Sample 32500/60000
    Sample 33000/60000
    Sample 33500/60000
    Sample 34000/60000
    Sample 34500/60000
    Sample 35000/60000
    Sample 35500/60000
    Sample 36000/60000
    Sample 36500/60000
    Sample 37000/60000
    Sample 37500/60000
    Sample 38000/60000
    Sample 38500/60000
    Sample 39000/60000
    Sample 39500/60000
    Sample 40000/60000
    Sample 40500/60000
    Sample 41000/60000
    Sample 41500/60000
    Sample 42000/60000
    Sample 42500/60000
    Sample 43000/60000
    Sample 43500/60000
    Sample 44000/60000
    Sample 44500/60000
    Sample 45000/60000
    Sample 45500/60000
    Sample 46000/60000
    Sample 46500/60000
    Sample 47000/60000
    Sample 47500/60000
    Sample 48000/60000
    Sample 48500/60000
    Sample 49000/60000
    Sample 49500/60000
    Sample 50000/60000
    Sample 50500/60000
    Sample 51000/60000
    Sample 51500/60000
    Sample 52000/60000
    Sample 52500/60000
    Sample 53000/60000
    Sample 53500/60000
    Sample 54000/60000
    Sample 54500/60000
    Sample 55000/60000
    Sample 55500/60000
    Sample 56000/60000
    Sample 56500/60000
    Sample 57000/60000
    Sample 57500/60000
    Sample 58000/60000
    Sample 58500/60000
    Sample 59000/60000
    Sample 59500/60000
    Sample 60000/60000
    Spike stats - mean: 36.7, zero-samples: 887/60000
    Layer 1 NMI (train): 0.1756
  Generating features for next layer...
    Sample 500/60000
    Sample 1000/60000
    Sample 1500/60000
    Sample 2000/60000
    Sample 2500/60000
    Sample 3000/60000
    Sample 3500/60000
    Sample 4000/60000
    Sample 4500/60000
    Sample 5000/60000
    Sample 5500/60000
    Sample 6000/60000
    Sample 6500/60000
    Sample 7000/60000
    Sample 7500/60000
    Sample 8000/60000
    Sample 8500/60000
    Sample 9000/60000
    Sample 9500/60000
    Sample 10000/60000
    Sample 10500/60000
    Sample 11000/60000
    Sample 11500/60000
    Sample 12000/60000
    Sample 12500/60000
    Sample 13000/60000
    Sample 13500/60000
    Sample 14000/60000
    Sample 14500/60000
    Sample 15000/60000
    Sample 15500/60000
    Sample 16000/60000
    Sample 16500/60000
    Sample 17000/60000
    Sample 17500/60000
    Sample 18000/60000
    Sample 18500/60000
    Sample 19000/60000
    Sample 19500/60000
    Sample 20000/60000
    Sample 20500/60000
    Sample 21000/60000
    Sample 21500/60000
    Sample 22000/60000
    Sample 22500/60000
    Sample 23000/60000
    Sample 23500/60000
    Sample 24000/60000
    Sample 24500/60000
    Sample 25000/60000
    Sample 25500/60000
    Sample 26000/60000
    Sample 26500/60000
    Sample 27000/60000
    Sample 27500/60000
    Sample 28000/60000
    Sample 28500/60000
    Sample 29000/60000
    Sample 29500/60000
    Sample 30000/60000
    Sample 30500/60000
    Sample 31000/60000
    Sample 31500/60000
    Sample 32000/60000
    Sample 32500/60000
    Sample 33000/60000
    Sample 33500/60000
    Sample 34000/60000
    Sample 34500/60000
    Sample 35000/60000
    Sample 35500/60000
    Sample 36000/60000
    Sample 36500/60000
    Sample 37000/60000
    Sample 37500/60000
    Sample 38000/60000
    Sample 38500/60000
    Sample 39000/60000
    Sample 39500/60000
    Sample 40000/60000
    Sample 40500/60000
    Sample 41000/60000
    Sample 41500/60000
    Sample 42000/60000
    Sample 42500/60000
    Sample 43000/60000
    Sample 43500/60000
    Sample 44000/60000
    Sample 44500/60000
    Sample 45000/60000
    Sample 45500/60000
    Sample 46000/60000
    Sample 46500/60000
    Sample 47000/60000
    Sample 47500/60000
    Sample 48000/60000
    Sample 48500/60000
    Sample 49000/60000
    Sample 49500/60000
    Sample 50000/60000
    Sample 50500/60000
    Sample 51000/60000
    Sample 51500/60000
    Sample 52000/60000
    Sample 52500/60000
    Sample 53000/60000
    Sample 53500/60000
    Sample 54000/60000
    Sample 54500/60000
    Sample 55000/60000
    Sample 55500/60000
    Sample 56000/60000
    Sample 56500/60000
    Sample 57000/60000
    Sample 57500/60000
    Sample 58000/60000
    Sample 58500/60000
    Sample 59000/60000
    Sample 59500/60000
    Sample 60000/60000

--- Layer 2/2: 400 -> 200 neurons ---

  Round 1/2:
    STDP training on 60000 samples...
    Sample 500/60000
    Sample 1000/60000
    Sample 1500/60000
    Sample 2000/60000
    Sample 2500/60000
    Sample 3000/60000
    Sample 3500/60000
    Sample 4000/60000
    Sample 4500/60000
    Sample 5000/60000
    Sample 5500/60000
    Sample 6000/60000
    Sample 6500/60000
    Sample 7000/60000
    Sample 7500/60000
    Sample 8000/60000
    Sample 8500/60000
    Sample 9000/60000
    Sample 9500/60000
    Sample 10000/60000
    Sample 10500/60000
    Sample 11000/60000
    Sample 11500/60000
    Sample 12000/60000
    Sample 12500/60000
    Sample 13000/60000
    Sample 13500/60000
    Sample 14000/60000
    Sample 14500/60000
    Sample 15000/60000
    Sample 15500/60000
    Sample 16000/60000
    Sample 16500/60000
    Sample 17000/60000
    Sample 17500/60000
    Sample 18000/60000
    Sample 18500/60000
    Sample 19000/60000
    Sample 19500/60000
    Sample 20000/60000
    Sample 20500/60000
    Sample 21000/60000
    Sample 21500/60000
    Sample 22000/60000
    Sample 22500/60000
    Sample 23000/60000
    Sample 23500/60000
    Sample 24000/60000
    Sample 24500/60000
    Sample 25000/60000
    Sample 25500/60000
    Sample 26000/60000
    Sample 26500/60000
    Sample 27000/60000
    Sample 27500/60000
    Sample 28000/60000
    Sample 28500/60000
    Sample 29000/60000
    Sample 29500/60000
    Sample 30000/60000
    Sample 30500/60000
    Sample 31000/60000
    Sample 31500/60000
    Sample 32000/60000
    Sample 32500/60000
    Sample 33000/60000
    Sample 33500/60000
    Sample 34000/60000
    Sample 34500/60000
    Sample 35000/60000
    Sample 35500/60000
    Sample 36000/60000
    Sample 36500/60000
    Sample 37000/60000
    Sample 37500/60000
    Sample 38000/60000
    Sample 38500/60000
    Sample 39000/60000
    Sample 39500/60000
    Sample 40000/60000
    Sample 40500/60000
    Sample 41000/60000
    Sample 41500/60000
    Sample 42000/60000
    Sample 42500/60000
    Sample 43000/60000
    Sample 43500/60000
    Sample 44000/60000
    Sample 44500/60000
    Sample 45000/60000
    Sample 45500/60000
    Sample 46000/60000
    Sample 46500/60000
    Sample 47000/60000
    Sample 47500/60000
    Sample 48000/60000
    Sample 48500/60000
    Sample 49000/60000
    Sample 49500/60000
    Sample 50000/60000
    Sample 50500/60000
    Sample 51000/60000
    Sample 51500/60000
    Sample 52000/60000
    Sample 52500/60000
    Sample 53000/60000
    Sample 53500/60000
    Sample 54000/60000
    Sample 54500/60000
    Sample 55000/60000
    Sample 55500/60000
    Sample 56000/60000
    Sample 56500/60000
    Sample 57000/60000
    Sample 57500/60000
    Sample 58000/60000
    Sample 58500/60000
    Sample 59000/60000
    Sample 59500/60000
    Sample 60000/60000
    Spike stats - mean: 1.2, zero-samples: 28967/60000

  Round 2/2:
    Reordering data by pseudo-labels...
    STDP training on 60000 samples...
    Sample 500/60000
    Sample 1000/60000
    Sample 1500/60000
    Sample 2000/60000
    Sample 2500/60000
    Sample 3000/60000
    Sample 3500/60000
    Sample 4000/60000
    Sample 4500/60000
    Sample 5000/60000
    Sample 5500/60000
    Sample 6000/60000
    Sample 6500/60000
    Sample 7000/60000
    Sample 7500/60000
    Sample 8000/60000
    Sample 8500/60000
    Sample 9000/60000
    Sample 9500/60000
    Sample 10000/60000
    Sample 10500/60000
    Sample 11000/60000
    Sample 11500/60000
    Sample 12000/60000
    Sample 12500/60000
    Sample 13000/60000
    Sample 13500/60000
    Sample 14000/60000
    Sample 14500/60000
    Sample 15000/60000
    Sample 15500/60000
    Sample 16000/60000
    Sample 16500/60000
    Sample 17000/60000
    Sample 17500/60000
    Sample 18000/60000
    Sample 18500/60000
    Sample 19000/60000
    Sample 19500/60000
    Sample 20000/60000
    Sample 20500/60000
    Sample 21000/60000
    Sample 21500/60000
    Sample 22000/60000
    Sample 22500/60000
    Sample 23000/60000
    Sample 23500/60000
    Sample 24000/60000
    Sample 24500/60000
    Sample 25000/60000
    Sample 25500/60000
    Sample 26000/60000
    Sample 26500/60000
    Sample 27000/60000
    Sample 27500/60000
    Sample 28000/60000
    Sample 28500/60000
    Sample 29000/60000
    Sample 29500/60000
    Sample 30000/60000
    Sample 30500/60000
    Sample 31000/60000
    Sample 31500/60000
    Sample 32000/60000
    Sample 32500/60000
    Sample 33000/60000
    Sample 33500/60000
    Sample 34000/60000
    Sample 34500/60000
    Sample 35000/60000
    Sample 35500/60000
    Sample 36000/60000
    Sample 36500/60000
    Sample 37000/60000
    Sample 37500/60000
    Sample 38000/60000
    Sample 38500/60000
    Sample 39000/60000
    Sample 39500/60000
    Sample 40000/60000
    Sample 40500/60000
    Sample 41000/60000
    Sample 41500/60000
    Sample 42000/60000
    Sample 42500/60000
    Sample 43000/60000
    Sample 43500/60000
    Sample 44000/60000
    Sample 44500/60000
    Sample 45000/60000
    Sample 45500/60000
    Sample 46000/60000
    Sample 46500/60000
    Sample 47000/60000
    Sample 47500/60000
    Sample 48000/60000
    Sample 48500/60000
    Sample 49000/60000
    Sample 49500/60000
    Sample 50000/60000
    Sample 50500/60000
    Sample 51000/60000
    Sample 51500/60000
    Sample 52000/60000
    Sample 52500/60000
    Sample 53000/60000
    Sample 53500/60000
    Sample 54000/60000
    Sample 54500/60000
    Sample 55000/60000
    Sample 55500/60000
    Sample 56000/60000
    Sample 56500/60000
    Sample 57000/60000
    Sample 57500/60000
    Sample 58000/60000
    Sample 58500/60000
    Sample 59000/60000
    Sample 59500/60000
    Sample 60000/60000
    Spike stats - mean: 1.2, zero-samples: 30068/60000
    Layer 2 NMI (train): 0.1281
  Generating features for next layer...
    Sample 500/60000
    Sample 1000/60000
    Sample 1500/60000
    Sample 2000/60000
    Sample 2500/60000
    Sample 3000/60000
    Sample 3500/60000
    Sample 4000/60000
    Sample 4500/60000
    Sample 5000/60000
    Sample 5500/60000
    Sample 6000/60000
    Sample 6500/60000
    Sample 7000/60000
    Sample 7500/60000
    Sample 8000/60000
    Sample 8500/60000
    Sample 9000/60000
    Sample 9500/60000
    Sample 10000/60000
    Sample 10500/60000
    Sample 11000/60000
    Sample 11500/60000
    Sample 12000/60000
    Sample 12500/60000
    Sample 13000/60000
    Sample 13500/60000
    Sample 14000/60000
    Sample 14500/60000
    Sample 15000/60000
    Sample 15500/60000
    Sample 16000/60000
    Sample 16500/60000
    Sample 17000/60000
    Sample 17500/60000
    Sample 18000/60000
    Sample 18500/60000
    Sample 19000/60000
    Sample 19500/60000
    Sample 20000/60000
    Sample 20500/60000
    Sample 21000/60000
    Sample 21500/60000
    Sample 22000/60000
    Sample 22500/60000
    Sample 23000/60000
    Sample 23500/60000
    Sample 24000/60000
    Sample 24500/60000
    Sample 25000/60000
    Sample 25500/60000
    Sample 26000/60000
    Sample 26500/60000
    Sample 27000/60000
    Sample 27500/60000
    Sample 28000/60000
    Sample 28500/60000
    Sample 29000/60000
    Sample 29500/60000
    Sample 30000/60000
    Sample 30500/60000
    Sample 31000/60000
    Sample 31500/60000
    Sample 32000/60000
    Sample 32500/60000
    Sample 33000/60000
    Sample 33500/60000
    Sample 34000/60000
    Sample 34500/60000
    Sample 35000/60000
    Sample 35500/60000
    Sample 36000/60000
    Sample 36500/60000
    Sample 37000/60000
    Sample 37500/60000
    Sample 38000/60000
    Sample 38500/60000
    Sample 39000/60000
    Sample 39500/60000
    Sample 40000/60000
    Sample 40500/60000
    Sample 41000/60000
    Sample 41500/60000
    Sample 42000/60000
    Sample 42500/60000
    Sample 43000/60000
    Sample 43500/60000
    Sample 44000/60000
    Sample 44500/60000
    Sample 45000/60000
    Sample 45500/60000
    Sample 46000/60000
    Sample 46500/60000
    Sample 47000/60000
    Sample 47500/60000
    Sample 48000/60000
    Sample 48500/60000
    Sample 49000/60000
    Sample 49500/60000
    Sample 50000/60000
    Sample 50500/60000
    Sample 51000/60000
    Sample 51500/60000
    Sample 52000/60000
    Sample 52500/60000
    Sample 53000/60000
    Sample 53500/60000
    Sample 54000/60000
    Sample 54500/60000
    Sample 55000/60000
    Sample 55500/60000
    Sample 56000/60000
    Sample 56500/60000
    Sample 57000/60000
    Sample 57500/60000
    Sample 58000/60000
    Sample 58500/60000
    Sample 59000/60000
    Sample 59500/60000
    Sample 60000/60000

======================================================================
Deep-STDP training complete! Total time: 2493.6 min
======================================================================

2026-03-27 21:16:58 [INFO] 
[4/5] Encoding test data...
2026-03-27 21:16:58 [INFO]   Running encoder...
Encoding 10000 samples (Deep-STDP, 2 layers)...
  Layer 1/2...
    Sample 500/10000
    Sample 1000/10000
    Sample 1500/10000
    Sample 2000/10000
    Sample 2500/10000
    Sample 3000/10000
    Sample 3500/10000
    Sample 4000/10000
    Sample 4500/10000
    Sample 5000/10000
    Sample 5500/10000
    Sample 6000/10000
    Sample 6500/10000
    Sample 7000/10000
    Sample 7500/10000
    Sample 8000/10000
    Sample 8500/10000
    Sample 9000/10000
    Sample 9500/10000
    Sample 10000/10000
  Layer 2/2...
    Sample 500/10000
    Sample 1000/10000
    Sample 1500/10000
    Sample 2000/10000
    Sample 2500/10000
    Sample 3000/10000
    Sample 3500/10000
    Sample 4000/10000
    Sample 4500/10000
    Sample 5000/10000
    Sample 5500/10000
    Sample 6000/10000
    Sample 6500/10000
    Sample 7000/10000
    Sample 7500/10000
    Sample 8000/10000
    Sample 8500/10000
    Sample 9000/10000
    Sample 9500/10000
    Sample 10000/10000
  Spike stats - mean: 1.5, median: 1.0, max: 10, zero-samples: 4558/10000
  Active neurons/sample - mean: 1.2, median: 1
  Unique binary codes: 1119/10000
Encoding complete!
2026-03-27 23:29:11 [INFO]   Codes saved to outputs/codes/deep_stdp/mnist
2026-03-27 23:29:11 [INFO]   Pre-code shape: (10000, 200)
2026-03-27 23:29:11 [INFO]   Code shape: (10000, 200)
2026-03-27 23:29:11 [INFO]   Code sparsity: 0.950
2026-03-27 23:29:11 [INFO] 
[5/5] Evaluating...
2026-03-27 23:29:11 [INFO] 
  Running clustering evaluation (ACC / NMI)...
Error running kmedoids: kmedoids requires scikit-learn-extra. Install a compatible version or remove kmedoids from methods.
2026-03-27 23:30:01 [INFO]     Clustering results:
2026-03-27 23:30:01 [INFO]       kmeans:
2026-03-27 23:30:01 [INFO]         NMI=0.1655, ARI=0.0269, ACC=0.2276
2026-03-27 23:30:01 [INFO]       spectral:
2026-03-27 23:30:01 [INFO]         NMI=0.0296, ARI=0.0009, ACC=0.1195
2026-03-27 23:30:01 [INFO] 
  Running retrieval evaluation (mAP / Recall@K)...
2026-03-27 23:30:01 [INFO]     Mode: label-based retrieval (database=train, queries=test)
2026-03-27 23:30:01 [INFO]     Encoding train_data as retrieval database...
Encoding 60000 samples (Deep-STDP, 2 layers)...
  Layer 1/2...
    Sample 500/60000
    Sample 1000/60000
    Sample 1500/60000
    Sample 2000/60000
    Sample 2500/60000
    Sample 3000/60000
    Sample 3500/60000
    Sample 4000/60000
    Sample 4500/60000
    Sample 5000/60000
    Sample 5500/60000
    Sample 6000/60000
    Sample 6500/60000
    Sample 7000/60000
    Sample 7500/60000
    Sample 8000/60000
    Sample 8500/60000
    Sample 9000/60000
    Sample 9500/60000
    Sample 10000/60000
    Sample 10500/60000
    Sample 11000/60000
    Sample 11500/60000
    Sample 12000/60000
    Sample 12500/60000
    Sample 13000/60000
    Sample 13500/60000
    Sample 14000/60000
    Sample 14500/60000
    Sample 15000/60000
    Sample 15500/60000
    Sample 16000/60000
    Sample 16500/60000
    Sample 17000/60000
    Sample 17500/60000
    Sample 18000/60000
    Sample 18500/60000
    Sample 19000/60000
    Sample 19500/60000
    Sample 20000/60000
    Sample 20500/60000
    Sample 21000/60000
    Sample 21500/60000
    Sample 22000/60000
    Sample 22500/60000
    Sample 23000/60000
    Sample 23500/60000
    Sample 24000/60000
    Sample 24500/60000
    Sample 25000/60000
    Sample 25500/60000
    Sample 26000/60000
    Sample 26500/60000
    Sample 27000/60000
    Sample 27500/60000
    Sample 28000/60000
    Sample 28500/60000
    Sample 29000/60000
    Sample 29500/60000
    Sample 30000/60000
    Sample 30500/60000
    Sample 31000/60000
    Sample 31500/60000
    Sample 32000/60000
    Sample 32500/60000
    Sample 33000/60000
    Sample 33500/60000
    Sample 34000/60000
    Sample 34500/60000
    Sample 35000/60000
    Sample 35500/60000
    Sample 36000/60000
    Sample 36500/60000
    Sample 37000/60000
    Sample 37500/60000
    Sample 38000/60000
    Sample 38500/60000
    Sample 39000/60000
    Sample 39500/60000
    Sample 40000/60000
    Sample 40500/60000
    Sample 41000/60000
    Sample 41500/60000
    Sample 42000/60000
    Sample 42500/60000
    Sample 43000/60000
    Sample 43500/60000
    Sample 44000/60000
    Sample 44500/60000
    Sample 45000/60000
    Sample 45500/60000
    Sample 46000/60000
    Sample 46500/60000
    Sample 47000/60000
    Sample 47500/60000
    Sample 48000/60000
    Sample 48500/60000
    Sample 49000/60000
    Sample 49500/60000
    Sample 50000/60000
    Sample 50500/60000
    Sample 51000/60000
    Sample 51500/60000
    Sample 52000/60000
    Sample 52500/60000
    Sample 53000/60000
    Sample 53500/60000
    Sample 54000/60000
    Sample 54500/60000
    Sample 55000/60000
    Sample 55500/60000
    Sample 56000/60000
    Sample 56500/60000
    Sample 57000/60000
    Sample 57500/60000
    Sample 58000/60000
    Sample 58500/60000
    Sample 59000/60000
    Sample 59500/60000
    Sample 60000/60000
  Layer 2/2...
    Sample 500/60000
    Sample 1000/60000
    Sample 1500/60000
    Sample 2000/60000
    Sample 2500/60000
    Sample 3000/60000
    Sample 3500/60000
    Sample 4000/60000
    Sample 4500/60000
    Sample 5000/60000
    Sample 5500/60000
    Sample 6000/60000
    Sample 6500/60000
    Sample 7000/60000
    Sample 7500/60000
    Sample 8000/60000
    Sample 8500/60000
    Sample 9000/60000
    Sample 9500/60000
    Sample 10000/60000
    Sample 10500/60000
    Sample 11000/60000
    Sample 11500/60000
    Sample 12000/60000
    Sample 12500/60000
    Sample 13000/60000
    Sample 13500/60000
    Sample 14000/60000
    Sample 14500/60000
    Sample 15000/60000
    Sample 15500/60000
    Sample 16000/60000
    Sample 16500/60000
    Sample 17000/60000
    Sample 17500/60000
    Sample 18000/60000
    Sample 18500/60000
    Sample 19000/60000
    Sample 19500/60000
    Sample 20000/60000
    Sample 20500/60000
    Sample 21000/60000
    Sample 21500/60000
    Sample 22000/60000
    Sample 22500/60000
    Sample 23000/60000
    Sample 23500/60000
    Sample 24000/60000
    Sample 24500/60000
    Sample 25000/60000
    Sample 25500/60000
    Sample 26000/60000
    Sample 26500/60000
    Sample 27000/60000
    Sample 27500/60000
    Sample 28000/60000
    Sample 28500/60000
    Sample 29000/60000
    Sample 29500/60000
    Sample 30000/60000
    Sample 30500/60000
    Sample 31000/60000
    Sample 31500/60000
    Sample 32000/60000
    Sample 32500/60000
    Sample 33000/60000
    Sample 33500/60000
    Sample 34000/60000
    Sample 34500/60000
    Sample 35000/60000
    Sample 35500/60000
    Sample 36000/60000
    Sample 36500/60000
    Sample 37000/60000
    Sample 37500/60000
    Sample 38000/60000
    Sample 38500/60000
    Sample 39000/60000
    Sample 39500/60000
    Sample 40000/60000
    Sample 40500/60000
    Sample 41000/60000
    Sample 41500/60000
    Sample 42000/60000
    Sample 42500/60000
    Sample 43000/60000
    Sample 43500/60000
    Sample 44000/60000
    Sample 44500/60000
    Sample 45000/60000
    Sample 45500/60000
    Sample 46000/60000
    Sample 46500/60000
    Sample 47000/60000
    Sample 47500/60000
    Sample 48000/60000
    Sample 48500/60000
    Sample 49000/60000
    Sample 49500/60000
    Sample 50000/60000
    Sample 50500/60000
    Sample 51000/60000
    Sample 51500/60000
    Sample 52000/60000
    Sample 52500/60000
    Sample 53000/60000
    Sample 53500/60000
    Sample 54000/60000
    Sample 54500/60000
    Sample 55000/60000
    Sample 55500/60000
    Sample 56000/60000
    Sample 56500/60000
    Sample 57000/60000
    Sample 57500/60000
    Sample 58000/60000
    Sample 58500/60000
    Sample 59000/60000
    Sample 59500/60000
    Sample 60000/60000
  Spike stats - mean: 1.4, median: 1.0, max: 11, zero-samples: 28656/60000
  Active neurons/sample - mean: 1.1, median: 1
  Unique binary codes: 2956/60000
Encoding complete!
  Processed 100/10000 queries...
  Processed 200/10000 queries...
  Processed 300/10000 queries...
  Processed 400/10000 queries...
  Processed 500/10000 queries...
  Processed 600/10000 queries...
  Processed 700/10000 queries...
  Processed 800/10000 queries...
  Processed 900/10000 queries...
  Processed 1000/10000 queries...
  Processed 1100/10000 queries...
  Processed 1200/10000 queries...
  Processed 1300/10000 queries...
  Processed 1400/10000 queries...
  Processed 1500/10000 queries...
  Processed 1600/10000 queries...
  Processed 1700/10000 queries...
  Processed 1800/10000 queries...
  Processed 1900/10000 queries...
  Processed 2000/10000 queries...
  Processed 2100/10000 queries...
  Processed 2200/10000 queries...
  Processed 2300/10000 queries...
  Processed 2400/10000 queries...
  Processed 2500/10000 queries...
  Processed 2600/10000 queries...
  Processed 2700/10000 queries...
  Processed 2800/10000 queries...
  Processed 2900/10000 queries...
  Processed 3000/10000 queries...
  Processed 3100/10000 queries...
  Processed 3200/10000 queries...
  Processed 3300/10000 queries...
  Processed 3400/10000 queries...
  Processed 3500/10000 queries...
  Processed 3600/10000 queries...
  Processed 3700/10000 queries...
  Processed 3800/10000 queries...
  Processed 3900/10000 queries...
  Processed 4000/10000 queries...
  Processed 4100/10000 queries...
  Processed 4200/10000 queries...
  Processed 4300/10000 queries...
  Processed 4400/10000 queries...
  Processed 4500/10000 queries...
  Processed 4600/10000 queries...
  Processed 4700/10000 queries...
  Processed 4800/10000 queries...
  Processed 4900/10000 queries...
  Processed 5000/10000 queries...
  Processed 5100/10000 queries...
  Processed 5200/10000 queries...
  Processed 5300/10000 queries...
  Processed 5400/10000 queries...
  Processed 5500/10000 queries...
  Processed 5600/10000 queries...
  Processed 5700/10000 queries...
  Processed 5800/10000 queries...
  Processed 5900/10000 queries...
  Processed 6000/10000 queries...
  Processed 6100/10000 queries...
  Processed 6200/10000 queries...
  Processed 6300/10000 queries...
  Processed 6400/10000 queries...
  Processed 6500/10000 queries...
  Processed 6600/10000 queries...
  Processed 6700/10000 queries...
  Processed 6800/10000 queries...
  Processed 6900/10000 queries...
  Processed 7000/10000 queries...
  Processed 7100/10000 queries...
  Processed 7200/10000 queries...
  Processed 7300/10000 queries...
  Processed 7400/10000 queries...
  Processed 7500/10000 queries...
  Processed 7600/10000 queries...
  Processed 7700/10000 queries...
  Processed 7800/10000 queries...
  Processed 7900/10000 queries...
  Processed 8000/10000 queries...
  Processed 8100/10000 queries...
  Processed 8200/10000 queries...
  Processed 8300/10000 queries...
  Processed 8400/10000 queries...
  Processed 8500/10000 queries...
  Processed 8600/10000 queries...
  Processed 8700/10000 queries...
  Processed 8800/10000 queries...
  Processed 8900/10000 queries...
  Processed 9000/10000 queries...
  Processed 9100/10000 queries...
  Processed 9200/10000 queries...
  Processed 9300/10000 queries...
  Processed 9400/10000 queries...
  Processed 9500/10000 queries...
  Processed 9600/10000 queries...
  Processed 9700/10000 queries...
  Processed 9800/10000 queries...
  Processed 9900/10000 queries...
  Processed 10000/10000 queries...
2026-03-28 10:21:05 [INFO]     Retrieval results:
2026-03-28 10:21:05 [INFO]       map: 0.0213
2026-03-28 10:21:05 [INFO]       recall@1: 0.0001
2026-03-28 10:21:05 [INFO]       precision@1: 0.0055
2026-03-28 10:21:05 [INFO]       ndcg@1: 0.0055
2026-03-28 10:21:05 [INFO]       recall@10: 0.0006
2026-03-28 10:21:05 [INFO]       precision@10: 0.0058
2026-03-28 10:21:05 [INFO]       ndcg@10: 0.0059
2026-03-28 10:21:05 [INFO]       recall@50: 0.0028
2026-03-28 10:21:05 [INFO]       precision@50: 0.0056
2026-03-28 10:21:05 [INFO]       ndcg@50: 0.0056
2026-03-28 10:21:05 [INFO]       recall@100: 0.0054
2026-03-28 10:21:05 [INFO]       precision@100: 0.0054
2026-03-28 10:21:05 [INFO]       ndcg@100: 0.0055
Results saved to outputs/results/deep_stdp_mnist_seed0.json
2026-03-28 10:21:05 [INFO] 
Results saved to outputs/results/deep_stdp_mnist_seed0.json
Model saved to outputs/codes/deep_stdp/mnist/model_seed0.pkl
Layer weights saved to outputs/codes/deep_stdp/mnist/model_seed0_layers.pt
2026-03-28 10:21:05 [INFO] Model saved to outputs/codes/deep_stdp/mnist/model_seed0.pkl
2026-03-28 10:21:05 [INFO] 
================================================================================
2026-03-28 10:21:05 [INFO] Experiment complete!
2026-03-28 10:21:05 [INFO] Full log saved to: outputs/logs/deep_stdp_mnist_seed0_20260326_034320.log
2026-03-28 10:21:05 [INFO] ================================================================================
[11/11] OK deep_stdp
[DONE] all baselines succeeded 2026-03-28T10:21:06+08:00
